"Annot","Term","Annotated","Significant","Pvalue","Padj","GeneID"
"GO:0016043","cellular component organization",7913,35,3.10036558378061e-10,4.05103180978188e-07,"Sptbn5,Cfap100,Col1a1,Tada2a,Per1,Col5a1,Nfasc,Mat2a,Col5a3,Spag9,Pmp22,Vit,Dbn1,Cadm3,Sema3g,Myo1b,Slc9a9,Limk2,Col1a2,Mdn1,Vim,Tnxb,Mbp,Nav1,Mpz,Gldn,Phgdh,Filip1,Apod,Med15,Slit2,Lrp1,Prnp,Sparc,Mapre3"
"GO:0007155","cell adhesion",1547,17,5.29678954977516e-10,4.05103180978188e-07,"Col1a1,Col5a1,Nfasc,Col5a3,Pmp22,Vit,Dbn1,Cadm3,Tnxb,Mbp,Mpz,Gldn,Sox13,Apod,Slit2,Lrp1,Prnp"
"GO:0071840","cellular component organization or biogenesis",8121,35,6.80845682316282e-10,4.05103180978188e-07,"Sptbn5,Cfap100,Col1a1,Tada2a,Per1,Col5a1,Nfasc,Mat2a,Col5a3,Spag9,Pmp22,Vit,Dbn1,Cadm3,Sema3g,Myo1b,Slc9a9,Limk2,Col1a2,Mdn1,Vim,Tnxb,Mbp,Nav1,Mpz,Gldn,Phgdh,Filip1,Apod,Med15,Slit2,Lrp1,Prnp,Sparc,Mapre3"
"GO:0120036","plasma membrane bounded cell projection organization",1809,17,5.70684919986301e-09,2.0404345154941e-06,"Cfap100,Nfasc,Spag9,Pmp22,Dbn1,Sema3g,Limk2,Vim,Tnxb,Mbp,Gldn,Phgdh,Apod,Slit2,Lrp1,Prnp,Mapre3"
"GO:0031345","negative regulation of cell projection organization",224,8,5.71550284452129e-09,2.0404345154941e-06,"Pmp22,Sema3g,Limk2,Vim,Mbp,Slit2,Lrp1,Prnp"
"GO:0030030","cell projection organization",1854,17,8.24993188736056e-09,2.45435473648977e-06,"Cfap100,Nfasc,Spag9,Pmp22,Dbn1,Sema3g,Limk2,Vim,Tnxb,Mbp,Gldn,Phgdh,Apod,Slit2,Lrp1,Prnp,Mapre3"
"GO:0048731","system development",4438,25,1.24629130950324e-08,3.17804283923326e-06,"Col1a1,Col5a1,Nfasc,Spag9,Pmp22,Vit,Dbn1,Sema3g,Limk2,Maged1,Col1a2,Vim,Tnxb,Mbp,Nav1,Mpz,Gldn,Sox13,Phgdh,Filip1,Apod,Slit2,Lrp1,Sparc,Mapre3"
"GO:0048699","generation of neurons",1806,16,4.26512416537196e-08,9.51655829398618e-06,"Nfasc,Spag9,Pmp22,Dbn1,Sema3g,Vim,Tnxb,Mbp,Nav1,Gldn,Phgdh,Filip1,Apod,Slit2,Lrp1,Mapre3"
"GO:0022008","neurogenesis",2099,17,5.19184760341621e-08,1.02971644134422e-05,"Nfasc,Spag9,Pmp22,Dbn1,Sema3g,Vim,Tnxb,Mbp,Nav1,Gldn,Sox13,Phgdh,Filip1,Apod,Slit2,Lrp1,Mapre3"
"GO:0007275","multicellular organism development",5197,26,6.33018075770037e-08,1.12993726524952e-05,"Col1a1,Tada2a,Col5a1,Nfasc,Spag9,Pmp22,Vit,Dbn1,Sema3g,Limk2,Maged1,Col1a2,Vim,Tnxb,Mbp,Nav1,Mpz,Gldn,Sox13,Phgdh,Filip1,Apod,Slit2,Lrp1,Sparc,Mapre3"
"GO:0030198","extracellular matrix organization",323,8,9.74728909547508e-08,1.22043531773109e-05,"Col1a1,Col5a1,Col5a3,Pmp22,Vit,Col1a2,Tnxb,Lrp1"
"GO:0048666","neuron development",1416,14,9.97684011296782e-08,1.22043531773109e-05,"Nfasc,Spag9,Pmp22,Dbn1,Sema3g,Vim,Tnxb,Mbp,Gldn,Phgdh,Apod,Slit2,Lrp1,Mapre3"
"GO:0045229","external encapsulating structure organization",324,8,9.98085799725979e-08,1.22043531773109e-05,"Col1a1,Col5a1,Col5a3,Pmp22,Vit,Col1a2,Tnxb,Lrp1"
"GO:0043062","extracellular structure organization",325,8,1.02192275063072e-07,1.22043531773109e-05,"Col1a1,Col5a1,Col5a3,Pmp22,Vit,Col1a2,Tnxb,Lrp1"
"GO:0007399","nervous system development",2794,19,1.02557589725302e-07,1.22043531773109e-05,"Nfasc,Spag9,Pmp22,Vit,Dbn1,Sema3g,Vim,Tnxb,Mbp,Nav1,Mpz,Gldn,Sox13,Phgdh,Filip1,Apod,Slit2,Lrp1,Mapre3"
"GO:0034330","cell junction organization",988,12,1.11946695882074e-07,1.24890532593439e-05,"Nfasc,Pmp22,Dbn1,Cadm3,Mpz,Filip1,Apod,Slit2,Lrp1,Prnp,Sparc,Mapre3"
"GO:0031175","neuron projection development",1233,13,1.53026834052538e-07,1.60678175755165e-05,"Nfasc,Spag9,Pmp22,Dbn1,Sema3g,Vim,Tnxb,Mbp,Phgdh,Apod,Slit2,Lrp1,Mapre3"
"GO:0010977","negative regulation of neuron projection development",165,6,4.80888483188716e-07,4.76881079162144e-05,"Pmp22,Sema3g,Vim,Mbp,Slit2,Lrp1"
"GO:0050770","regulation of axonogenesis",176,6,7.02039562928833e-07,6.59547694646299e-05,"Dbn1,Sema3g,Vim,Mbp,Slit2,Lrp1"
"GO:0048812","neuron projection morphogenesis",766,10,7.96843298798408e-07,7.11182644177579e-05,"Nfasc,Spag9,Pmp22,Dbn1,Sema3g,Vim,Mbp,Slit2,Lrp1,Mapre3"
"GO:0061564","axon development",591,9,8.64785795472164e-07,7.3506792615134e-05,"Nfasc,Pmp22,Dbn1,Sema3g,Vim,Mbp,Apod,Slit2,Lrp1"
"GO:0120035","regulation of plasma membrane bounded cell projection organization",782,10,9.60875227314153e-07,7.45722730763375e-05,"Pmp22,Dbn1,Sema3g,Limk2,Vim,Mbp,Slit2,Lrp1,Prnp,Mapre3"
"GO:0120039","plasma membrane bounded cell projection morphogenesis",782,10,9.60875227314153e-07,7.45722730763375e-05,"Nfasc,Spag9,Pmp22,Dbn1,Sema3g,Vim,Mbp,Slit2,Lrp1,Mapre3"
"GO:0048858","cell projection morphogenesis",789,10,1.04147581575439e-06,7.62363678587652e-05,"Nfasc,Spag9,Pmp22,Dbn1,Sema3g,Vim,Mbp,Slit2,Lrp1,Mapre3"
"GO:0030182","neuron differentiation",1721,14,1.06773624452052e-06,7.62363678587652e-05,"Nfasc,Spag9,Pmp22,Dbn1,Sema3g,Vim,Tnxb,Mbp,Gldn,Phgdh,Apod,Slit2,Lrp1,Mapre3"
"GO:0051129","negative regulation of cellular component organization",797,10,1.14078810083211e-06,7.62768151933355e-05,"Pmp22,Dbn1,Sema3g,Limk2,Vim,Mbp,Apod,Slit2,Lrp1,Prnp"
"GO:0031344","regulation of cell projection organization",798,10,1.15376695250423e-06,7.62768151933355e-05,"Pmp22,Dbn1,Sema3g,Limk2,Vim,Mbp,Slit2,Lrp1,Prnp,Mapre3"
"GO:0045161","neuronal ion channel clustering",14,3,1.91983990822002e-06,0.000122389794149026,"Nfasc,Pmp22,Gldn"
"GO:0036135","Schwann cell migration",15,3,2.39679336962799e-06,0.000147526764302964,"Pmp22,Vim,Lrp1"
"GO:0048856","anatomical structure development",6654,27,2.48328717208836e-06,0.000147755586739257,"Col1a1,Tada2a,Col5a1,Nfasc,Spag9,Pmp22,Vit,Dbn1,Sema3g,Limk2,Maged1,Col1a2,Vim,Tnxb,Mbp,Nav1,Col24a1,Mpz,Gldn,Sox13,Phgdh,Filip1,Apod,Slit2,Lrp1,Sparc,Mapre3"
"GO:0032502","developmental process",7236,28,3.55145966998102e-06,0.000197596597984039,"Col1a1,Tada2a,Col5a1,Nfasc,Spag9,Pmp22,Vit,Dbn1,Sema3g,Limk2,Maged1,Col1a2,Vim,Tnxb,Mbp,Nav1,Col24a1,Mpz,Gldn,Sox13,Phgdh,Filip1,Apod,Med15,Slit2,Lrp1,Sparc,Mapre3"
"GO:0007409","axonogenesis",523,8,3.65499160654472e-06,0.000197596597984039,"Nfasc,Pmp22,Dbn1,Sema3g,Vim,Mbp,Slit2,Lrp1"
"GO:0050808","synapse organization",705,9,3.67812209063906e-06,0.000197596597984039,"Nfasc,Pmp22,Dbn1,Cadm3,Filip1,Slit2,Prnp,Sparc,Mapre3"
"GO:0048667","cell morphogenesis involved in neuron differentiation",707,9,3.7637447235055e-06,0.000197596597984039,"Nfasc,Pmp22,Dbn1,Sema3g,Vim,Mbp,Slit2,Lrp1,Mapre3"
"GO:0000902","cell morphogenesis",1156,11,4.49619332488282e-06,0.000229305859569024,"Nfasc,Spag9,Pmp22,Dbn1,Sema3g,Vim,Mbp,Slit2,Lrp1,Sparc,Mapre3"
"GO:0032963","collagen metabolic process",138,5,4.73987652133413e-06,0.00023501887751615,"Col1a1,Col5a1,Col1a2,Vim,Tnxb"
"GO:0031589","cell-substrate adhesion",383,7,4.97717586585473e-06,0.000240115105960829,"Col1a1,Col5a3,Vit,Dbn1,Tnxb,Apod,Lrp1"
"GO:0022603","regulation of anatomical structure morphogenesis",958,10,5.88204530383116e-06,0.000276301338614174,"Spag9,Dbn1,Sema3g,Maged1,Vim,Mbp,Slit2,Lrp1,Sparc,Mapre3"
"GO:0030199","collagen fibril organization",67,4,6.30959181518936e-06,0.000288785163849052,"Col1a1,Col5a1,Col1a2,Tnxb"
"GO:0010975","regulation of neuron projection development",579,8,7.6968341835429e-06,0.000343471225440602,"Pmp22,Dbn1,Sema3g,Vim,Mbp,Slit2,Lrp1,Mapre3"
"GO:1901698","response to nitrogen compound",1271,11,1.10524050365232e-05,0.000481183975370584,"Col1a1,Per1,Mat2a,Vim,Man1a,Nod1,Slit2,Hmgcs1,Lrp1,Prnp,Mapre3"
"GO:0030155","regulation of cell adhesion",846,9,1.5898929020527e-05,0.000675704483372398,"Col1a1,Vit,Dbn1,Tnxb,Mbp,Sox13,Apod,Lrp1,Prnp"
"GO:1902685","positive regulation of receptor localization to synapse",4,2,1.87183725748203e-05,0.000777030117350099,"Dbn1,Zdhhc3"
"GO:0050767","regulation of neurogenesis",483,7,2.23487916873294e-05,0.000906649844588251,"Dbn1,Sema3g,Vim,Mbp,Slit2,Lrp1,Mapre3"
"GO:0016477","cell migration",1685,12,2.88105998610668e-05,0.00114282046115565,"Col1a1,Col5a1,Spag9,Pmp22,Sema3g,Vim,Nav1,Filip1,Apod,Slit2,Lrp1,Sparc"
"GO:0032501","multicellular organismal process",9056,30,3.21607943197934e-05,0.0012479786491485,"Col1a1,Tada2a,Per1,Col5a1,Nfasc,Spag9,Pmp22,Vit,Dbn1,Sema3g,Limk2,Maged1,Col1a2,Vim,Tnxb,Mbp,Nav1,Mpz,Gldn,Sox13,Phgdh,Filip1,Apod,Med15,Nod1,Slit2,Lrp1,Prnp,Sparc,Mapre3"
"GO:0008104","intracellular protein localization",2642,15,3.30887912640396e-05,0.00125175054925185,"Col1a1,Nfasc,Mat2a,Mprip,Dbn1,Cadm3,Myo1b,Limk2,Maged1,Zdhhc3,Filip1,Apod,Lrp1,Prnp,Mapre3"
"GO:1990138","neuron projection extension",207,5,3.36605189714782e-05,0.00125175054925185,"Spag9,Dbn1,Sema3g,Slit2,Lrp1"
"GO:0030516","regulation of axon extension",103,4,3.47258262778624e-05,0.00126501224297927,"Dbn1,Sema3g,Slit2,Lrp1"
"GO:0098609","cell-cell adhesion",987,9,5.31759004863168e-05,0.00189837964736151,"Nfasc,Cadm3,Tnxb,Mbp,Mpz,Gldn,Sox13,Slit2,Prnp"
"GO:0061387","regulation of extent of cell growth",120,4,6.31051683881983e-05,0.00219893646833626,"Dbn1,Sema3g,Slit2,Lrp1"
"GO:0030913","paranodal junction assembly",7,2,6.52905506004604e-05,0.00219893646833626,"Nfasc,Pmp22"
"GO:0045162","clustering of voltage-gated sodium channels",7,2,6.52905506004604e-05,0.00219893646833626,"Nfasc,Gldn"
"GO:0007010","cytoskeleton organization",1550,11,6.88757960278991e-05,0.00227672770203333,"Sptbn5,Cfap100,Pmp22,Dbn1,Myo1b,Limk2,Vim,Nav1,Slit2,Lrp1,Mapre3"
"GO:0010810","regulation of cell-substrate adhesion",242,5,7.06720921755104e-05,0.00229363062787793,"Col1a1,Vit,Dbn1,Apod,Lrp1"
"GO:0009987","cellular process",20947,46,7.71578108543955e-05,0.00245940522098386,"Sptbn5,Cfap100,Col1a1,Tada2a,Per1,Col5a1,Nfasc,Mat2a,Col5a3,Spag9,Mprip,Pmp22,Vit,Dbn1,Cadm3,Sema3g,Myo1b,Samd5,Slc9a9,Limk2,Maged1,Col1a2,Mdn1,Vim,Tnxb,Mbp,Nav1,Col24a1,Mpz,Gldn,Rcan3,Sox13,Phgdh,Zdhhc3,Filip1,Apod,Med15,Man1a,Nod1,Slit2,Hmgcs1,Lrp1,Prnp,Fxyd3,Sparc,Mapre3"
"GO:0051960","regulation of nervous system development",593,7,8.17953325505118e-05,0.00254822694034102,"Dbn1,Sema3g,Vim,Mbp,Slit2,Lrp1,Mapre3"
"GO:0009966","regulation of signal transduction",3214,16,8.27995308346103e-05,0.00254822694034102,"Col1a1,Per1,Mat2a,Spag9,Pmp22,Dbn1,Samd5,Maged1,Tnxb,Sox13,Zdhhc3,Apod,Nod1,Slit2,Lrp1,Prnp"
"GO:0048675","axon extension",133,4,9.40917487474017e-05,0.00284667409345952,"Dbn1,Sema3g,Slit2,Lrp1"
"GO:0097435","supramolecular fiber organization",827,8,9.7292714292613e-05,0.00289445825020524,"Col5a1,Dbn1,Myo1b,Limk2,Vim,Tnxb,Slit2,Mapre3"
"GO:0007417","central nervous system development",1110,9,0.000130571354154279,0.00382081749451455,"Nfasc,Vit,Vim,Sox13,Phgdh,Filip1,Apod,Slit2,Lrp1"
"GO:0048870","cell motility",1980,12,0.000137510338487301,0.00395053512871442,"Col1a1,Col5a1,Spag9,Pmp22,Sema3g,Vim,Nav1,Filip1,Apod,Slit2,Lrp1,Sparc"
"GO:0071225","cellular response to muramyl dipeptide",10,2,0.000139430651601685,0.00395053512871442,"Vim,Nod1"
"GO:0021782","glial cell development",150,4,0.000149675299318918,0.0041745376450667,"Pmp22,Vim,Phgdh,Lrp1"
"GO:0051239","regulation of multicellular organismal process",3381,16,0.000152048376245898,0.0041754823322912,"Col1a1,Tada2a,Per1,Dbn1,Sema3g,Maged1,Vim,Mbp,Sox13,Apod,Nod1,Slit2,Lrp1,Prnp,Sparc,Mapre3"
"GO:0009653","anatomical structure morphogenesis",3026,15,0.000158309765923829,0.00428155957839446,"Col1a1,Col5a1,Nfasc,Spag9,Pmp22,Dbn1,Sema3g,Maged1,Col1a2,Vim,Mbp,Slit2,Lrp1,Sparc,Mapre3"
"GO:0060560","developmental growth involved in morphogenesis",292,5,0.000170366520248153,0.0043784822946597,"Spag9,Dbn1,Sema3g,Slit2,Lrp1"
"GO:0034113","heterotypic cell-cell adhesion",60,3,0.000170384411634487,0.0043784822946597,"Nfasc,Mbp,Gldn"
"GO:0050771","negative regulation of axonogenesis",60,3,0.000170384411634487,0.0043784822946597,"Sema3g,Mbp,Slit2"
"GO:0048588","developmental cell growth",293,5,0.000173094523865955,0.0043784822946597,"Spag9,Dbn1,Sema3g,Slit2,Lrp1"
"GO:0040017","positive regulation of locomotion",670,7,0.000174158119283383,0.0043784822946597,"Col1a1,Spag9,Sema3g,Vim,Slit2,Lrp1,Sparc"
"GO:0040012","regulation of locomotion",1162,9,0.000184289220297135,0.00446083529298651,"Col1a1,Spag9,Dbn1,Sema3g,Vim,Apod,Slit2,Lrp1,Sparc"
"GO:0051128","regulation of cellular component organization",2712,14,0.000184779166629443,0.00446083529298651,"Spag9,Pmp22,Dbn1,Sema3g,Limk2,Vim,Tnxb,Mbp,Apod,Slit2,Lrp1,Prnp,Sparc,Mapre3"
"GO:0048518","positive regulation of biological process",6819,24,0.000184930986936135,0.00446083529298651,"Col1a1,Tada2a,Per1,Mat2a,Spag9,Pmp22,Vit,Dbn1,Sema3g,Limk2,Maged1,Vim,Tnxb,Mbp,Sox13,Zdhhc3,Med15,Nod1,Slit2,Lrp1,Prnp,Fxyd3,Sparc,Mapre3"
"GO:0010001","glial cell differentiation",305,5,0.000208507290424468,0.00490704412308684,"Pmp22,Vim,Sox13,Phgdh,Lrp1"
"GO:0048522","positive regulation of cellular process",6410,23,0.000211266722588564,0.00490704412308684,"Col1a1,Tada2a,Per1,Mat2a,Spag9,Pmp22,Vit,Dbn1,Sema3g,Maged1,Vim,Tnxb,Mbp,Sox13,Zdhhc3,Med15,Nod1,Slit2,Lrp1,Prnp,Fxyd3,Sparc,Mapre3"
"GO:0048468","cell development",3477,16,0.000211676413152765,0.00490704412308684,"Nfasc,Spag9,Pmp22,Dbn1,Sema3g,Vim,Tnxb,Mbp,Col24a1,Gldn,Sox13,Phgdh,Apod,Slit2,Lrp1,Mapre3"
"GO:0030154","cell differentiation",5107,20,0.000224850262819336,0.00509452052928983,"Col1a1,Col5a1,Nfasc,Spag9,Pmp22,Dbn1,Sema3g,Vim,Tnxb,Mbp,Nav1,Col24a1,Gldn,Sox13,Phgdh,Filip1,Apod,Slit2,Lrp1,Mapre3"
"GO:0048869","cellular developmental process",5108,20,0.000225471776926553,0.00509452052928983,"Col1a1,Col5a1,Nfasc,Spag9,Pmp22,Dbn1,Sema3g,Vim,Tnxb,Mbp,Nav1,Col24a1,Gldn,Sox13,Phgdh,Filip1,Apod,Slit2,Lrp1,Mapre3"
"GO:0010812","negative regulation of cell-substrate adhesion",67,3,0.000236444775077241,0.00520448572047881,"Col1a1,Apod,Lrp1"
"GO:0043589","skin morphogenesis",13,2,0.000240854941471221,0.00520448572047881,"Col1a1,Col1a2"
"GO:1900147","regulation of Schwann cell migration",13,2,0.000240854941471221,0.00520448572047881,"Vim,Lrp1"
"GO:0033036","macromolecule localization",3143,15,0.000242001296806578,0.00520448572047881,"Col1a1,Nfasc,Mat2a,Mprip,Dbn1,Cadm3,Myo1b,Limk2,Maged1,Zdhhc3,Filip1,Apod,Lrp1,Prnp,Mapre3"
"GO:0042551","neuron maturation",69,3,0.000257955449911048,0.00548155331060977,"Nfasc,Pmp22,Gldn"
"GO:0051179","localization",5607,21,0.000269097279538598,0.00561125922197842,"Sptbn5,Col1a1,Per1,Nfasc,Mat2a,Spag9,Mprip,Dbn1,Cadm3,Myo1b,Slc9a9,Limk2,Maged1,Zdhhc3,Filip1,Apod,Man1a,Lrp1,Prnp,Fxyd3,Mapre3"
"GO:0045595","regulation of cell differentiation",1809,11,0.000270346382683554,0.00561125922197842,"Col1a1,Col5a1,Spag9,Dbn1,Sema3g,Vim,Mbp,Sox13,Slit2,Lrp1,Mapre3"
"GO:0007162","negative regulation of cell adhesion",327,5,0.000287513024546097,0.00580187188513673,"Col1a1,Mbp,Apod,Lrp1,Prnp"
"GO:0050793","regulation of developmental process",2829,14,0.000288274582713315,0.00580187188513673,"Col1a1,Tada2a,Col5a1,Spag9,Dbn1,Sema3g,Maged1,Vim,Mbp,Sox13,Slit2,Lrp1,Sparc,Mapre3"
"GO:0033365","protein localization to organelle",971,8,0.000291477570867394,0.00580187188513673,"Col1a1,Mat2a,Limk2,Maged1,Zdhhc3,Filip1,Apod,Mapre3"
"GO:0032964","collagen biosynthetic process",72,3,0.000292531355553113,0.00580187188513673,"Col1a1,Col5a1,Vim"
"GO:0060284","regulation of cell development",977,8,0.000303813822601749,0.00595942498180354,"Dbn1,Sema3g,Vim,Mbp,Sox13,Slit2,Lrp1,Mapre3"
"GO:0010642","negative regulation of platelet-derived growth factor receptor signaling pathway",15,2,0.000323489868402812,0.00620565993131846,"Apod,Lrp1"
"GO:2000343","positive regulation of chemokine (C-X-C motif) ligand 2 production",15,2,0.000323489868402812,0.00620565993131846,"Mbp,Lrp1"
"GO:0030036","actin cytoskeleton organization",743,7,0.000326796657447583,0.00620565993131846,"Sptbn5,Pmp22,Dbn1,Myo1b,Limk2,Slit2,Lrp1"
"GO:0008347","glial cell migration",76,3,0.000343098944757523,0.00644664859360188,"Pmp22,Vim,Lrp1"
"GO:0007254","JNK cascade",194,4,0.000399129373313454,0.00742131178504704,"Per1,Spag9,Tnxb,Nod1"
"GO:0042552","myelination",200,4,0.000447759625073546,0.00823970031707504,"Nfasc,Pmp22,Mbp,Mpz"
"GO:0007272","ensheathment of neurons",204,4,0.000482441471515519,0.00866273224038447,"Nfasc,Pmp22,Mbp,Mpz"
"GO:0008366","axon ensheathment",204,4,0.000482441471515519,0.00866273224038447,"Nfasc,Pmp22,Mbp,Mpz"
"GO:0030334","regulation of cell migration",1048,8,0.000485307128312855,0.00866273224038447,"Col1a1,Spag9,Sema3g,Vim,Apod,Slit2,Lrp1,Sparc"
"GO:2000026","regulation of multicellular organismal development",1641,10,0.000532463604944806,0.00941037163194534,"Tada2a,Dbn1,Sema3g,Vim,Mbp,Sox13,Slit2,Lrp1,Sparc,Mapre3"
"GO:0141124","intracellular signaling cassette",1967,11,0.000553580957656003,0.00968766675898005,"Per1,Spag9,Maged1,Col1a2,Tnxb,Mbp,Rcan3,Nod1,Slit2,Lrp1,Prnp"
"GO:0051895","negative regulation of focal adhesion assembly",20,2,0.000582038939595935,0.00997013664390248,"Apod,Lrp1"
"GO:0150118","negative regulation of cell-substrate junction organization",20,2,0.000582038939595935,0.00997013664390248,"Apod,Lrp1"
"GO:0040011","locomotion",1360,9,0.000586478626111911,0.00997013664390248,"Col1a1,Spag9,Dbn1,Sema3g,Vim,Apod,Slit2,Lrp1,Sparc"
"GO:0008361","regulation of cell size",216,4,0.000597970454340653,0.0100695968018685,"Dbn1,Sema3g,Slit2,Lrp1"
"GO:0000165","MAPK cascade",832,7,0.000642394618333924,0.0107165831189351,"Per1,Spag9,Maged1,Tnxb,Mbp,Nod1,Lrp1"
"GO:0051962","positive regulation of nervous system development",392,5,0.000656373008926431,0.0108483872308674,"Dbn1,Vim,Slit2,Lrp1,Mapre3"
"GO:0023051","regulation of signaling",3853,16,0.000689005364723741,0.0111297606863836,"Col1a1,Per1,Mat2a,Spag9,Pmp22,Dbn1,Samd5,Maged1,Tnxb,Sox13,Zdhhc3,Apod,Nod1,Slit2,Lrp1,Prnp"
"GO:0010646","regulation of cell communication",3858,16,0.000699106255477166,0.0111297606863836,"Col1a1,Per1,Mat2a,Spag9,Pmp22,Dbn1,Samd5,Maged1,Tnxb,Sox13,Zdhhc3,Apod,Nod1,Slit2,Lrp1,Prnp"
"GO:0030029","actin filament-based process",845,7,0.000703955375483763,0.0111297606863836,"Sptbn5,Pmp22,Dbn1,Myo1b,Limk2,Slit2,Lrp1"
"GO:2000145","regulation of cell motility",1109,8,0.000704396693523275,0.0111297606863836,"Col1a1,Spag9,Sema3g,Vim,Apod,Slit2,Lrp1,Sparc"
"GO:0032495","response to muramyl dipeptide",22,2,0.000706027535014418,0.0111297606863836,"Vim,Nod1"
"GO:0048638","regulation of developmental growth",399,5,0.000710808245516934,0.0111297606863836,"Spag9,Dbn1,Sema3g,Slit2,Lrp1"
"GO:1901700","response to oxygen-containing compound",2039,11,0.000748707060065289,0.0116212356714482,"Col1a1,Per1,Mat2a,Vim,Mbp,Apod,Nod1,Slit2,Lrp1,Prnp,Mapre3"
"GO:0035556","intracellular signal transduction",3119,14,0.000783875517764911,0.0120622224069859,"Per1,Mat2a,Spag9,Samd5,Maged1,Col1a2,Tnxb,Mbp,Rcan3,Zdhhc3,Nod1,Slit2,Lrp1,Prnp"
"GO:0030335","positive regulation of cell migration",621,6,0.000795356235766682,0.0121342810328507,"Col1a1,Spag9,Sema3g,Vim,Lrp1,Sparc"
"GO:0042063","gliogenesis",415,5,0.000847900616637369,0.0126281126874605,"Pmp22,Vim,Sox13,Phgdh,Lrp1"
"GO:0050807","regulation of synapse organization",415,5,0.000847900616637369,0.0126281126874605,"Dbn1,Slit2,Prnp,Sparc,Mapre3"
"GO:1902531","regulation of intracellular signal transduction",2070,11,0.000848948752098183,0.0126281126874605,"Per1,Mat2a,Spag9,Samd5,Maged1,Tnxb,Zdhhc3,Nod1,Slit2,Lrp1,Prnp"
"GO:0048589","developmental growth",876,7,0.00086982222066668,0.012831674908182,"Spag9,Pmp22,Dbn1,Sema3g,Apod,Slit2,Lrp1"
"GO:0050803","regulation of synapse structure or activity",424,5,0.000933210627671951,0.0136539423802822,"Dbn1,Slit2,Prnp,Sparc,Mapre3"
"GO:0007160","cell-matrix adhesion",244,4,0.000941929905745725,0.0136694705833831,"Col5a3,Tnxb,Apod,Lrp1"
"GO:0032288","myelin assembly",26,2,0.000988817489778626,0.0142341872520552,"Nfasc,Pmp22"
"GO:2000147","positive regulation of cell motility",649,6,0.00099928112659587,0.014269734487789,"Col1a1,Spag9,Sema3g,Vim,Lrp1,Sparc"
"GO:0097061","dendritic spine organization",114,3,0.00111922217812895,0.015782007923958,"Dbn1,Prnp,Mapre3"
"GO:0001558","regulation of cell growth",442,5,0.00112286554977181,0.015782007923958,"Spag9,Dbn1,Sema3g,Slit2,Lrp1"
"GO:1903975","regulation of glial cell migration",28,2,0.00114745715701463,0.0160016486349305,"Vim,Lrp1"
"GO:0072567","chemokine (C-X-C motif) ligand 2 production",29,2,0.00123105299376168,0.0167162751509049,"Mbp,Lrp1"
"GO:2000341","regulation of chemokine (C-X-C motif) ligand 2 production",29,2,0.00123105299376168,0.0167162751509049,"Mbp,Lrp1"
"GO:0032602","chemokine production",118,3,0.00123616152376439,0.0167162751509049,"Mbp,Apod,Lrp1"
"GO:0032642","regulation of chemokine production",118,3,0.00123616152376439,0.0167162751509049,"Mbp,Apod,Lrp1"
"GO:0007411","axon guidance",264,4,0.00126011579550375,0.0168716006248351,"Nfasc,Sema3g,Slit2,Lrp1"
"GO:0048640","negative regulation of developmental growth",119,3,0.00126655153150023,0.0168716006248351,"Spag9,Sema3g,Slit2"
"GO:0097485","neuron projection guidance",265,4,0.00127776778377168,0.0168949295854256,"Nfasc,Sema3g,Slit2,Lrp1"
"GO:0010640","regulation of platelet-derived growth factor receptor signaling pathway",30,2,0.00131748616912333,0.0172920059697437,"Apod,Lrp1"
"GO:0021510","spinal cord development",125,3,0.00145880591161968,0.0190070697243878,"Vit,Sox13,Phgdh"
"GO:0106027","neuron projection organization",126,3,0.00149252575829417,0.0193054962214138,"Dbn1,Prnp,Mapre3"
"GO:0071676","negative regulation of mononuclear cell migration",33,2,0.00159371019302931,0.020465990608326,"Apod,Slit2"
"GO:0051094","positive regulation of developmental process",1574,9,0.0016487501974341,0.0205030614854424,"Col1a1,Spag9,Dbn1,Maged1,Vim,Sox13,Slit2,Lrp1,Mapre3"
"GO:0022604","regulation of cell morphogenesis",287,4,0.00171141273190683,0.0205030614854424,"Spag9,Dbn1,Sparc,Mapre3"
"GO:0071560","cellular response to transforming growth factor beta stimulus",287,4,0.00171141273190683,0.0205030614854424,"Col1a1,Dbn1,Col1a2,Lrp1"
"GO:0043408","regulation of MAPK cascade",722,6,0.00172228551459999,0.0205030614854424,"Per1,Spag9,Maged1,Tnxb,Nod1,Lrp1"
"GO:0021972","corticospinal neuron axon guidance through spinal cord",1,1,0.00178779634667703,0.0205030614854424,"Slit2"
"GO:0034443","negative regulation of lipoprotein oxidation",1,1,0.00178779634667703,0.0205030614854424,"Apod"
"GO:0044873","lipoprotein localization to membrane",1,1,0.00178779634667703,0.0205030614854424,"Zdhhc3"
"GO:0050924","positive regulation of negative chemotaxis",1,1,0.00178779634667703,0.0205030614854424,"Slit2"
"GO:0050929","induction of negative chemotaxis",1,1,0.00178779634667703,0.0205030614854424,"Slit2"
"GO:0060588","negative regulation of lipoprotein lipid oxidation",1,1,0.00178779634667703,0.0205030614854424,"Apod"
"GO:0071306","cellular response to vitamin E",1,1,0.00178779634667703,0.0205030614854424,"Col1a1"
"GO:0090260","negative regulation of retinal ganglion cell axon guidance",1,1,0.00178779634667703,0.0205030614854424,"Slit2"
"GO:0101010","pulmonary blood vessel remodeling",1,1,0.00178779634667703,0.0205030614854424,"Lrp1"
"GO:1902668","negative regulation of axon guidance",1,1,0.00178779634667703,0.0205030614854424,"Slit2"
"GO:1904113","negative regulation of muscle filament sliding",1,1,0.00178779634667703,0.0205030614854424,"Dbn1"
"GO:1905109","regulation of pulmonary blood vessel remodeling",1,1,0.00178779634667703,0.0205030614854424,"Lrp1"
"GO:0061003","positive regulation of dendritic spine morphogenesis",35,2,0.00179186419704707,0.0205030614854424,"Dbn1,Mapre3"
"GO:0051291","protein heterooligomerization",36,2,0.00189511299911542,0.0215463484294332,"Mat2a,Col1a2"
"GO:0071559","response to transforming growth factor beta",296,4,0.00191514316446206,0.0216362692947138,"Col1a1,Dbn1,Col1a2,Lrp1"
"GO:0008285","negative regulation of cell population proliferation",746,6,0.00203086899931229,0.0227993783885059,"Pmp22,Maged1,Apod,Slit2,Prnp,Sparc"
"GO:0030517","negative regulation of axon extension",38,2,0.00210990512590234,0.023538629060848,"Sema3g,Slit2"
"GO:0072657","protein localization to membrane",513,5,0.00215949734547001,0.023942253178037,"Nfasc,Dbn1,Zdhhc3,Lrp1,Prnp"
"GO:0022607","cellular component assembly",4286,16,0.0022053812034641,0.0242650085830794,"Cfap100,Nfasc,Mat2a,Pmp22,Dbn1,Myo1b,Limk2,Col1a2,Mdn1,Tnxb,Apod,Med15,Slit2,Lrp1,Prnp,Mapre3"
"GO:0014912","negative regulation of smooth muscle cell migration",39,2,0.00222142889427991,0.0242650085830794,"Slit2,Lrp1"
"GO:0051240","positive regulation of multicellular organismal process",1980,10,0.00223206711856532,0.0242650085830794,"Col1a1,Dbn1,Maged1,Vim,Mbp,Sox13,Nod1,Slit2,Lrp1,Mapre3"
"GO:0045597","positive regulation of cell differentiation",1033,7,0.0022429839866712,0.0242650085830794,"Col1a1,Spag9,Dbn1,Vim,Sox13,Lrp1,Mapre3"
"GO:0072659","protein localization to plasma membrane",312,4,0.00231790585819834,0.0249244696197833,"Nfasc,Zdhhc3,Lrp1,Prnp"
"GO:0048583","regulation of response to stimulus",4311,16,0.00234549074994599,0.0250118666978158,"Col1a1,Per1,Mat2a,Spag9,Pmp22,Dbn1,Samd5,Maged1,Tnxb,Sox13,Zdhhc3,Apod,Nod1,Slit2,Lrp1,Prnp"
"GO:0071363","cellular response to growth factor stimulus",769,6,0.00236442515878364,0.0250118666978158,"Col1a1,Dbn1,Col1a2,Slit2,Lrp1,Sparc"
"GO:0048513","animal organ development",3492,14,0.00236807029239824,0.0250118666978158,"Col1a1,Col5a1,Nfasc,Pmp22,Sema3g,Limk2,Maged1,Col1a2,Vim,Filip1,Apod,Slit2,Lrp1,Sparc"
"GO:1901699","cellular response to nitrogen compound",772,6,0.00241081543393671,0.0253135620563354,"Mat2a,Vim,Nod1,Slit2,Lrp1,Prnp"
"GO:0001953","negative regulation of cell-matrix adhesion",41,2,0.00245268313611305,0.025602569578724,"Apod,Lrp1"
"GO:0032880","regulation of protein localization",1052,7,0.00248503042509782,0.0257894145860442,"Dbn1,Limk2,Maged1,Zdhhc3,Apod,Lrp1,Prnp"
"GO:0014002","astrocyte development",42,2,0.00257239420176941,0.026238420858048,"Vim,Lrp1"
"GO:0120033","negative regulation of plasma membrane bounded cell projection assembly",42,2,0.00257239420176941,0.026238420858048,"Limk2,Slit2"
"GO:1901889","negative regulation of cell junction assembly",42,2,0.00257239420176941,0.026238420858048,"Apod,Lrp1"
"GO:0050769","positive regulation of neurogenesis",324,4,0.00265590733904021,0.0269363329556067,"Dbn1,Vim,Lrp1,Mapre3"
"GO:1902683","regulation of receptor localization to synapse",43,2,0.00269481499979131,0.0271765241504377,"Dbn1,Zdhhc3"
"GO:0009790","embryo development",1372,8,0.00273137820079635,0.0273905061147274,"Col1a1,Tada2a,Col5a1,Dbn1,Mbp,Phgdh,Slit2,Sparc"
"GO:0016049","cell growth",544,5,0.00278249660010968,0.0277472426323787,"Spag9,Dbn1,Sema3g,Slit2,Lrp1"
"GO:1904646","cellular response to amyloid-beta",44,2,0.00281993588780586,0.0279643642207414,"Lrp1,Prnp"
"GO:0009719","response to endogenous stimulus",1706,9,0.00285819961701933,0.0281872172175663,"Col1a1,Per1,Dbn1,Col1a2,Mbp,Slit2,Hmgcs1,Lrp1,Sparc"
"GO:0070848","response to growth factor",801,6,0.0028956000781844,0.0283991546129624,"Col1a1,Dbn1,Col1a2,Slit2,Lrp1,Sparc"
"GO:0085029","extracellular matrix assembly",46,2,0.00307823948683554,0.0300254507322483,"Col1a2,Tnxb"
"GO:0046328","regulation of JNK cascade",163,3,0.00310276468267859,0.0301001899922896,"Per1,Tnxb,Nod1"
"GO:0001568","blood vessel development",814,6,0.00313530088453488,0.0302514166426744,"Col1a1,Col5a1,Col1a2,Slit2,Lrp1,Sparc"
"GO:0009967","positive regulation of signal transduction",1733,9,0.00317632431356299,0.0304824672027416,"Col1a1,Mat2a,Spag9,Dbn1,Maged1,Zdhhc3,Nod1,Lrp1,Prnp"
"GO:0008203","cholesterol metabolic process",165,3,0.00321111550860935,0.0304885169301473,"Pmp22,Hmgcs1,Lrp1"
"GO:0014074","response to purine-containing compound",165,3,0.00321111550860935,0.0304885169301473,"Col1a1,Per1,Hmgcs1"
"GO:0010720","positive regulation of cell development",565,5,0.00327280025068224,0.0306579400125974,"Dbn1,Vim,Sox13,Lrp1,Mapre3"
"GO:0050768","negative regulation of neurogenesis",167,3,0.00332176839509057,0.0306579400125974,"Sema3g,Mbp,Slit2"
"GO:0050919","negative chemotaxis",48,2,0.00334722834918006,0.0306579400125974,"Sema3g,Slit2"
"GO:0040007","growth",1122,7,0.00355590030171054,0.0306579400125974,"Spag9,Pmp22,Dbn1,Sema3g,Apod,Slit2,Lrp1"
"GO:0048523","negative regulation of cellular process",5830,19,0.00361004768186127,0.0308322254168534,"Col1a1,Per1,Col5a1,Mat2a,Spag9,Pmp22,Dbn1,Sema3g,Limk2,Maged1,Vim,Mbp,Mpz,Sox13,Apod,Slit2,Lrp1,Prnp,Sparc"
"GO:0034329","cell junction assembly",579,5,0.00363260394775759,0.0308771335559395,"Nfasc,Pmp22,Apod,Slit2,Lrp1"
"GO:0016125","sterol metabolic process",174,3,0.00372740637894015,0.0315327980398491,"Pmp22,Hmgcs1,Lrp1"
"GO:0060322","head development",844,6,0.00374517154497602,0.0315336377725575,"Col1a1,Nfasc,Limk2,Filip1,Apod,Slit2"
"GO:1904645","response to amyloid-beta",51,2,0.00377057979870557,0.0315985208483072,"Lrp1,Prnp"
"GO:0051961","negative regulation of nervous system development",177,3,0.0039101039848157,0.032560199674789,"Sema3g,Mbp,Slit2"
"GO:0001944","vasculature development",852,6,0.00392181676755161,0.032560199674789,"Col1a1,Col5a1,Col1a2,Slit2,Lrp1,Sparc"
"GO:1902652","secondary alcohol metabolic process",178,3,0.00397219704639835,0.032791947709756,"Pmp22,Hmgcs1,Lrp1"
"GO:0040013","negative regulation of locomotion",363,4,0.00398647207451935,0.032791947709756,"Dbn1,Apod,Slit2,Lrp1"
"GO:0002686","negative regulation of leukocyte migration",53,2,0.00406594902981898,0.0332922890744352,"Apod,Slit2"
"GO:1900180","regulation of protein localization to nucleus",180,3,0.00409818471151366,0.0334030123746662,"Limk2,Maged1,Apod"
"GO:0044085","cellular component biogenesis",4556,16,0.00416686539312967,0.0338084305760748,"Cfap100,Nfasc,Mat2a,Pmp22,Dbn1,Myo1b,Limk2,Col1a2,Mdn1,Tnxb,Apod,Med15,Slit2,Lrp1,Prnp,Mapre3"
"GO:0045773","positive regulation of axon extension",54,2,0.00421754585370896,0.0339701329377604,"Dbn1,Lrp1"
"GO:0034504","protein localization to nucleus",369,4,0.0042248568695702,0.0339701329377604,"Col1a1,Limk2,Maged1,Apod"
"GO:0031670","cellular response to nutrient",55,2,0.00437173830760997,0.0348372896387669,"Col1a1,Mat2a"
"GO:1900181","negative regulation of protein localization to nucleus",55,2,0.00437173830760997,0.0348372896387669,"Maged1,Apod"
"GO:0061024","membrane organization",880,6,0.00458934649757686,0.0364088155474431,"Col5a1,Nfasc,Pmp22,Dbn1,Mbp,Gldn"
"GO:0030308","negative regulation of cell growth",191,3,0.00483463110773552,0.0381850288818934,"Spag9,Sema3g,Slit2"
"GO:0071230","cellular response to amino acid stimulus",195,3,0.00512097087270648,0.0396552476214502,"Col1a1,Mat2a,Col1a2"
"GO:0120031","plasma membrane bounded cell projection assembly",629,5,0.00515205677549915,0.0396552476214502,"Cfap100,Pmp22,Dbn1,Limk2,Slit2"
"GO:0001817","regulation of cytokine production",906,6,0.00528152908880131,0.0396552476214502,"Per1,Mbp,Apod,Nod1,Lrp1,Prnp"
"GO:0001816","cytokine production",913,6,0.00548038957263785,0.04018473845854,"Per1,Mbp,Apod,Nod1,Lrp1,Prnp"
"GO:0099175","regulation of postsynapse organization",200,3,0.00549303987892648,0.04018473845854,"Dbn1,Prnp,Mapre3"
"GO:1905475","regulation of protein localization to membrane",200,3,0.00549303987892648,0.04018473845854,"Dbn1,Lrp1,Prnp"
"GO:0060251","regulation of glial cell proliferation",62,2,0.00552298058115762,0.0402388585198626,"Pmp22,Vim"
"GO:0050794","regulation of cellular process",12856,32,0.00556431342120868,0.0403752010441361,"Col1a1,Tada2a,Per1,Col5a1,Mat2a,Spag9,Pmp22,Vit,Dbn1,Sema3g,Samd5,Limk2,Maged1,Col1a2,Vim,Tnxb,Mbp,Mpz,Gldn,Rcan3,Sox13,Phgdh,Zdhhc3,Apod,Med15,Nod1,Slit2,Lrp1,Prnp,Fxyd3,Sparc,Mapre3"
"GO:0030031","cell projection assembly",643,5,0.00564809469256099,0.0408172025353092,"Cfap100,Pmp22,Dbn1,Limk2,Slit2"
"GO:0071229","cellular response to acid chemical",203,3,0.00572389744382735,0.0411219685478399,"Col1a1,Mat2a,Col1a2"
"GO:1902533","positive regulation of intracellular signal transduction",1225,7,0.00573634183104321,0.0411219685478399,"Mat2a,Spag9,Maged1,Zdhhc3,Nod1,Lrp1,Prnp"
"GO:0032535","regulation of cellular component size",406,4,0.00591113623987422,0.0422055127527019,"Dbn1,Sema3g,Slit2,Lrp1"
"GO:0048519","negative regulation of biological process",6085,19,0.00594658853378736,0.0422894841944639,"Col1a1,Per1,Col5a1,Mat2a,Spag9,Pmp22,Dbn1,Sema3g,Limk2,Maged1,Vim,Mbp,Mpz,Sox13,Apod,Slit2,Lrp1,Prnp,Sparc"
"GO:0031103","axon regeneration",65,2,0.00605437689230609,0.0425474911526235,"Apod,Lrp1"
"GO:0032507","maintenance of protein location in cell",65,2,0.00605437689230609,0.0425474911526235,"Mprip,Dbn1"
"GO:0061001","regulation of dendritic spine morphogenesis",65,2,0.00605437689230609,0.0425474911526235,"Dbn1,Mapre3"
"GO:1990778","protein localization to cell periphery",410,4,0.0061167318032072,0.0428171226224504,"Nfasc,Zdhhc3,Lrp1,Prnp"
"GO:0032271","regulation of protein polymerization",209,3,0.00620293173579541,0.043147942170321,"Dbn1,Slit2,Mapre3"
"GO:0050435","amyloid-beta metabolic process",66,2,0.00623650928848338,0.043147942170321,"Lrp1,Prnp"
"GO:1903078","positive regulation of protein localization to plasma membrane",66,2,0.00623650928848338,0.043147942170321,"Lrp1,Prnp"
"GO:0021700","developmental maturation",413,4,0.00627402850794388,0.043239926203397,"Nfasc,Pmp22,Gldn,Slit2"
"GO:0061462","protein localization to lysosome",67,2,0.00642112665812665,0.0436590833718723,"Mat2a,Zdhhc3"
"GO:1903053","regulation of extracellular matrix organization",67,2,0.00642112665812665,0.0436590833718723,"Tnxb,Lrp1"
"GO:0050775","positive regulation of dendrite morphogenesis",68,2,0.00660821993256354,0.0436590833718723,"Dbn1,Mapre3"
"GO:0044380","protein localization to cytoskeleton",69,2,0.00679778006637406,0.0436590833718723,"Filip1,Mapre3"
"GO:0051893","regulation of focal adhesion assembly",69,2,0.00679778006637406,0.0436590833718723,"Apod,Lrp1"
"GO:0060999","positive regulation of dendritic spine development",69,2,0.00679778006637406,0.0436590833718723,"Dbn1,Mapre3"
"GO:0090109","regulation of cell-substrate junction assembly",69,2,0.00679778006637406,0.0436590833718723,"Apod,Lrp1"
"GO:0040008","regulation of growth",674,5,0.00686564175518222,0.0436590833718723,"Spag9,Dbn1,Sema3g,Slit2,Lrp1"
"GO:0010770","positive regulation of cell morphogenesis",70,2,0.00698979803733931,0.0436590833718723,"Dbn1,Mapre3"
"GO:0048008","platelet-derived growth factor receptor signaling pathway",70,2,0.00698979803733931,0.0436590833718723,"Apod,Lrp1"
"GO:0120032","regulation of plasma membrane bounded cell projection assembly",220,3,0.00714199010901217,0.0436590833718723,"Dbn1,Limk2,Slit2"
"GO:1904263","positive regulation of TORC1 signaling",72,2,0.00738117151755711,0.0449672053202712,"Mat2a,Zdhhc3"
"GO:0060491","regulation of cell projection assembly",223,3,0.00741194032633507,0.0450010662670344,"Dbn1,Limk2,Slit2"
"GO:0007165","signal transduction",7185,21,0.00765439468544854,0.0463155746221208,"Col1a1,Per1,Mat2a,Spag9,Pmp22,Dbn1,Sema3g,Samd5,Maged1,Col1a2,Tnxb,Mbp,Gldn,Rcan3,Sox13,Zdhhc3,Apod,Nod1,Slit2,Lrp1,Prnp"
"GO:0030032","lamellipodium assembly",74,2,0.00778226865754689,0.0467722207196,"Pmp22,Slit2"
"GO:0032922","circadian regulation of gene expression",74,2,0.00778226865754689,0.0467722207196,"Per1,Maged1"
"GO:0065007","biological regulation",13697,33,0.00805226039980674,0.0481409901955086,"Col1a1,Tada2a,Per1,Col5a1,Mat2a,Spag9,Pmp22,Vit,Dbn1,Sema3g,Samd5,Slc9a9,Limk2,Maged1,Col1a2,Vim,Tnxb,Mbp,Mpz,Gldn,Rcan3,Sox13,Phgdh,Zdhhc3,Apod,Med15,Nod1,Slit2,Lrp1,Prnp,Fxyd3,Sparc,Mapre3"
"GO:0051241","negative regulation of multicellular organismal process",1306,7,0.00806395297952778,0.0481409901955086,"Dbn1,Sema3g,Mbp,Apod,Slit2,Prnp,Sparc"
"GO:0031102","neuron projection regeneration",76,2,0.0081930181095938,0.0484256202835263,"Apod,Lrp1"
"GO:0045185","maintenance of protein location",76,2,0.0081930181095938,0.0484256202835263,"Mprip,Dbn1"
"GO:0150116","regulation of cell-substrate junction organization",76,2,0.0081930181095938,0.0484256202835263,"Apod,Lrp1"
"GO:0002028","regulation of sodium ion transport",78,2,0.00861334889231639,0.0499252163206649,"Per1,Fxyd3"
"GO:1904377","positive regulation of protein localization to cell periphery",78,2,0.00861334889231639,0.0499252163206649,"Lrp1,Prnp"
"GO:0002534","cytokine production involved in inflammatory response",79,2,0.00882708520077102,0.0499252163206649,"Per1,Apod"
"GO:1900015","regulation of cytokine production involved in inflammatory response",79,2,0.00882708520077102,0.0499252163206649,"Per1,Apod"
"GO:0010557","positive regulation of macromolecule biosynthetic process",2796,11,0.00892220952733452,0.0499252163206649,"Col1a1,Tada2a,Per1,Pmp22,Maged1,Vim,Mbp,Med15,Nod1,Lrp1,Mapre3"
"GO:0043200","response to amino acid",239,3,0.00895367247568544,0.0499447042784328,"Col1a1,Mat2a,Col1a2"
"GO:0045216","cell-cell junction organization",240,3,0.00905579626059795,0.0503569978977176,"Nfasc,Pmp22,Mpz"
"GO:0010976","positive regulation of neuron projection development",241,3,0.00915860450458231,0.0507705249710541,"Dbn1,Lrp1,Mapre3"
"GO:0050896","response to stimulus",10946,28,0.00931010039288581,0.05145055480279,"Col1a1,Per1,Col5a1,Mat2a,Spag9,Pmp22,Dbn1,Sema3g,Samd5,Slc9a9,Maged1,Col1a2,Vim,Tnxb,Mbp,Gldn,Rcan3,Sox13,Zdhhc3,Apod,Man1a,Nod1,Slit2,Hmgcs1,Lrp1,Prnp,Sparc,Mapre3"
"GO:0051716","cellular response to stimulus",8819,24,0.0093525204216508,0.051525459730391,"Col1a1,Per1,Mat2a,Spag9,Pmp22,Dbn1,Sema3g,Samd5,Maged1,Col1a2,Vim,Tnxb,Mbp,Gldn,Rcan3,Sox13,Zdhhc3,Apod,Man1a,Nod1,Slit2,Hmgcs1,Lrp1,Prnp"
"GO:0060997","dendritic spine morphogenesis",82,2,0.00948247234624499,0.0520806558093763,"Dbn1,Mapre3"
"GO:0006813","potassium ion transport",246,3,0.00968294622686861,0.0530185859354616,"Slc9a9,Prnp,Fxyd3"
"GO:0045926","negative regulation of growth",247,3,0.00978988123612993,0.0534401773898836,"Spag9,Sema3g,Slit2"
"GO:0007154","cell communication",7834,22,0.00985551438576767,0.0536344304225466,"Col1a1,Per1,Nfasc,Mat2a,Spag9,Pmp22,Dbn1,Sema3g,Samd5,Maged1,Col1a2,Tnxb,Mbp,Gldn,Rcan3,Sox13,Zdhhc3,Apod,Nod1,Slit2,Lrp1,Prnp"
"GO:0048469","cell maturation",251,3,0.0102245403838342,0.0554179302784767,"Nfasc,Pmp22,Gldn"
"GO:0050789","regulation of biological process",13279,32,0.0102518731125893,0.0554179302784767,"Col1a1,Tada2a,Per1,Col5a1,Mat2a,Spag9,Pmp22,Vit,Dbn1,Sema3g,Samd5,Limk2,Maged1,Col1a2,Vim,Tnxb,Mbp,Mpz,Gldn,Rcan3,Sox13,Phgdh,Zdhhc3,Apod,Med15,Nod1,Slit2,Lrp1,Prnp,Fxyd3,Sparc,Mapre3"
"GO:0014009","glial cell proliferation",86,2,0.010389078433732,0.0554179302784767,"Pmp22,Vim"
"GO:0001101","response to acid chemical",254,3,0.0105578241903838,0.0554179302784767,"Col1a1,Mat2a,Col1a2"
"GO:0009605","response to external stimulus",2865,11,0.0106446561862714,0.0554179302784767,"Col1a1,Per1,Pmp22,Dbn1,Sema3g,Slc9a9,Vim,Zdhhc3,Nod1,Slit2,Lrp1"
"GO:0071495","cellular response to endogenous stimulus",1383,7,0.0108696309702484,0.0562385254547632,"Col1a1,Per1,Dbn1,Col1a2,Slit2,Lrp1,Sparc"
"GO:0042157","lipoprotein metabolic process",89,2,0.0110932969994439,0.057229870358403,"Zdhhc3,Apod"
"GO:0032722","positive regulation of chemokine production",90,2,0.011332612327808,0.0581284856469465,"Mbp,Lrp1"
"GO:0060998","regulation of dendritic spine development",90,2,0.011332612327808,0.0581284856469465,"Dbn1,Mapre3"
"GO:0010647","positive regulation of cell communication",2115,9,0.0114715187346345,0.0584327057929696,"Col1a1,Mat2a,Spag9,Dbn1,Maged1,Zdhhc3,Nod1,Lrp1,Prnp"
"GO:0023056","positive regulation of signaling",2115,9,0.0114715187346345,0.0584327057929696,"Col1a1,Mat2a,Spag9,Dbn1,Maged1,Zdhhc3,Nod1,Lrp1,Prnp"
"GO:0051668","localization within membrane",765,5,0.011490128702147,0.0584327057929696,"Nfasc,Dbn1,Zdhhc3,Lrp1,Prnp"
"GO:0006996","organelle organization",3735,13,0.011715479348717,0.059409462038238,"Sptbn5,Cfap100,Pmp22,Dbn1,Myo1b,Slc9a9,Limk2,Mdn1,Vim,Nav1,Slit2,Lrp1,Mapre3"
"GO:0048041","focal adhesion assembly",92,2,0.0118180553810144,0.0597598551136282,"Apod,Lrp1"
"GO:0006814","sodium ion transport",266,3,0.0119539056120581,0.0602760494845304,"Per1,Slc9a9,Fxyd3"
"GO:0032008","positive regulation of TOR signaling",93,2,0.0120641660788009,0.060490270928819,"Mat2a,Zdhhc3"
"GO:1905477","positive regulation of protein localization to membrane",93,2,0.0120641660788009,0.060490270928819,"Lrp1,Prnp"
"GO:0097581","lamellipodium organization",96,2,0.012815953156594,0.0621643380014139,"Pmp22,Slit2"
"GO:0009891","positive regulation of biosynthetic process",2942,11,0.0128629607694237,0.0622232655106267,"Col1a1,Tada2a,Per1,Pmp22,Maged1,Vim,Mbp,Med15,Nod1,Lrp1,Mapre3"
"GO:0048678","response to axon injury",97,2,0.0130710057218087,0.0629264242534057,"Apod,Lrp1"
"GO:0043410","positive regulation of MAPK cascade",512,4,0.0130788254330608,0.0629264242534057,"Spag9,Maged1,Nod1,Lrp1"
"GO:0006605","protein targeting",277,3,0.0133229286801903,0.0637827528138809,"Zdhhc3,Man1a,Prnp"
"GO:0050772","positive regulation of axonogenesis",98,2,0.0133282727168502,0.0637827528138809,"Dbn1,Lrp1"
"GO:0072665","protein localization to vacuole",99,2,0.0135877457704968,0.0639143200885848,"Mat2a,Zdhhc3"
"GO:0051093","negative regulation of developmental process",1112,6,0.0137584072800853,0.0639143200885848,"Col5a1,Spag9,Sema3g,Mbp,Slit2,Sparc"
"GO:0045596","negative regulation of cell differentiation",801,5,0.0137985953686395,0.0639143200885848,"Col5a1,Spag9,Sema3g,Mbp,Slit2"
"GO:0098742","cell-cell adhesion via plasma-membrane adhesion molecules",281,3,0.0138421066829795,0.0639143200885848,"Cadm3,Mbp,Mpz"
"GO:1902532","negative regulation of intracellular signal transduction",804,5,0.014004147130452,0.0639143200885848,"Per1,Mat2a,Slit2,Lrp1,Prnp"
"GO:1903829","positive regulation of protein localization",523,4,0.0140426766300123,0.0639143200885848,"Limk2,Zdhhc3,Lrp1,Prnp"
"GO:0048708","astrocyte differentiation",101,2,0.0141132766772253,0.0639143200885848,"Vim,Lrp1"
"GO:0048584","positive regulation of response to stimulus",2578,10,0.0141250130683281,0.0639143200885848,"Col1a1,Mat2a,Spag9,Dbn1,Maged1,Zdhhc3,Nod1,Slit2,Lrp1,Prnp"
"GO:0051591","response to cAMP",102,2,0.0143793178962254,0.064490156896388,"Col1a1,Per1"
"GO:0001667","ameboidal-type cell migration",287,3,0.0146423460752,0.0653288654079335,"Pmp22,Sema3g,Vim"
"GO:0007044","cell-substrate junction assembly",103,2,0.0146475319055716,0.0653288654079335,"Apod,Lrp1"
"GO:0044087","regulation of cellular component biogenesis",1128,6,0.0146761204641912,0.0653288654079335,"Dbn1,Limk2,Apod,Slit2,Lrp1,Mapre3"
"GO:1901701","cellular response to oxygen-containing compound",1469,7,0.0147867759270213,0.0656576990789379,"Col1a1,Mat2a,Vim,Nod1,Slit2,Lrp1,Prnp"
"GO:0043954","cellular component maintenance",104,2,0.0149179104421158,0.0659120547999423,"Mpz,Prnp"
"GO:0048814","regulation of dendrite morphogenesis",104,2,0.0149179104421158,0.0659120547999423,"Dbn1,Mapre3"
"GO:0034976","response to endoplasmic reticulum stress",290,3,0.0150521586175807,0.0663409953885963,"Pmp22,Man1a,Nod1"
"GO:0031669","cellular response to nutrient levels",294,3,0.0156086561173805,0.0686242639643454,"Col1a1,Mat2a,Zdhhc3"
"GO:1903432","regulation of TORC1 signaling",107,2,0.0157419509052352,0.0688908609962636,"Mat2a,Zdhhc3"
"GO:0051258","protein polymerization",298,3,0.0161767001522799,0.069579300654987,"Dbn1,Slit2,Mapre3"
"GO:0009968","negative regulation of signal transduction",1505,7,0.016697141386158,0.0716451859958942,"Per1,Mat2a,Sox13,Apod,Slit2,Lrp1,Prnp"
"GO:0006790","sulfur compound metabolic process",302,3,0.0167563164933721,0.0717266785147941,"Mat2a,Phgdh,Hmgcs1"
"GO:0014910","regulation of smooth muscle cell migration",111,2,0.0168704773519624,0.0718706493395056,"Slit2,Lrp1"
"GO:0097120","receptor localization to synapse",111,2,0.0168704773519624,0.0718706493395056,"Dbn1,Zdhhc3"
"GO:0032755","positive regulation of interleukin-6 production",112,2,0.0171578771993027,0.0725924884594288,"Mbp,Nod1"
"GO:0150115","cell-substrate junction organization",112,2,0.0171578771993027,0.0725924884594288,"Apod,Lrp1"
"GO:0065008","regulation of biological quality",3488,12,0.0172009120762462,0.0725924884594288,"Tada2a,Pmp22,Dbn1,Sema3g,Slc9a9,Col1a2,Vim,Slit2,Lrp1,Prnp,Sparc,Mapre3"
"GO:0051493","regulation of cytoskeleton organization",556,4,0.0172025897021503,0.0725924884594288,"Dbn1,Slit2,Lrp1,Mapre3"
"GO:0001657","ureteric bud development",113,2,0.017447368166007,0.0729542449594022,"Maged1,Slit2"
"GO:0010721","negative regulation of cell development",313,3,0.0184101144888797,0.0755449525578168,"Sema3g,Mbp,Slit2"
"GO:0009887","animal organ morphogenesis",1188,6,0.0185016485668682,0.0756235290792177,"Col1a1,Col5a1,Maged1,Col1a2,Slit2,Sparc"
"GO:0009888","tissue development",2289,9,0.01851399563452,0.0756235290792177,"Col1a1,Col5a1,Pmp22,Sema3g,Maged1,Col1a2,Vim,Phgdh,Slit2"
"GO:0072163","mesonephric epithelium development",117,2,0.0186260825297546,0.0756537634111921,"Maged1,Slit2"
"GO:0072164","mesonephric tubule development",117,2,0.0186260825297546,0.0756537634111921,"Maged1,Slit2"
"GO:0051641","cellular localization",2691,10,0.018648546723207,0.0756537634111921,"Sptbn5,Nfasc,Spag9,Mprip,Dbn1,Limk2,Zdhhc3,Apod,Lrp1,Prnp"
"GO:0002532","production of molecular mediator involved in inflammatory response",119,2,0.0192277781082265,0.076479059501995,"Per1,Apod"
"GO:0019226","transmission of nerve impulse",119,2,0.0192277781082265,0.076479059501995,"Nfasc,Pmp22"
"GO:0048585","negative regulation of response to stimulus",1918,8,0.0192395117950659,0.076479059501995,"Per1,Mat2a,Dbn1,Sox13,Apod,Slit2,Lrp1,Prnp"
"GO:0032879","regulation of localization",2311,9,0.0195920885253469,0.0766927149511935,"Per1,Dbn1,Limk2,Maged1,Zdhhc3,Apod,Lrp1,Prnp,Fxyd3"
"GO:0001823","mesonephros development",121,2,0.0198376145262699,0.0774838991890412,"Maged1,Slit2"
"GO:0071695","anatomical structure maturation",323,3,0.0199899953534895,0.0779086063449317,"Nfasc,Pmp22,Gldn"
"GO:0023052","signaling",7797,21,0.0200431004011342,0.0779453904488551,"Col1a1,Per1,Mat2a,Spag9,Pmp22,Dbn1,Sema3g,Samd5,Maged1,Col1a2,Tnxb,Mbp,Gldn,Rcan3,Sox13,Zdhhc3,Apod,Nod1,Slit2,Lrp1,Prnp"
"GO:0051259","protein complex oligomerization",325,3,0.0203147273232818,0.0785265323773256,"Mat2a,Col1a2,Prnp"
"GO:1901888","regulation of cell junction assembly",325,3,0.0203147273232818,0.0785265323773256,"Apod,Slit2,Lrp1"
"GO:0014909","smooth muscle cell migration",123,2,0.0204555286300353,0.0785265323773256,"Slit2,Lrp1"
"GO:0038202","TORC1 signaling",123,2,0.0204555286300353,0.0785265323773256,"Mat2a,Zdhhc3"
"GO:0030336","negative regulation of cell migration",328,3,0.0208073042480458,0.0785265323773256,"Apod,Slit2,Lrp1"
"GO:0099173","postsynapse organization",328,3,0.0208073042480458,0.0785265323773256,"Dbn1,Prnp,Mapre3"
"GO:0010468","regulation of gene expression",5386,16,0.0208447726623803,0.0785265323773256,"Col1a1,Tada2a,Per1,Pmp22,Maged1,Vim,Mbp,Sox13,Phgdh,Apod,Med15,Nod1,Slit2,Lrp1,Prnp,Mapre3"
"GO:0032101","regulation of response to external stimulus",1222,6,0.0209515129265388,0.0785265323773256,"Pmp22,Dbn1,Zdhhc3,Nod1,Slit2,Lrp1"
"GO:1903076","regulation of protein localization to plasma membrane",126,2,0.0213974081092251,0.0789139947829892,"Lrp1,Prnp"
"GO:0006612","protein targeting to membrane",127,2,0.0217153389280908,0.0799214020343134,"Zdhhc3,Prnp"
"GO:0090066","regulation of anatomical structure size",598,4,0.0218265819302727,0.0801655323982238,"Dbn1,Sema3g,Slit2,Lrp1"
"GO:0042752","regulation of circadian rhythm",128,2,0.0220352422915118,0.0807657237994837,"Per1,Maged1"
"GO:0030111","regulation of Wnt signaling pathway",337,3,0.0223245157557958,0.0816583209510155,"Col1a1,Sox13,Lrp1"
"GO:0007041","lysosomal transport",130,2,0.0226809357105279,0.0821063617877833,"Sptbn5,Lrp1"
"GO:0003279","cardiac septum development",132,2,0.0233344266860983,0.0831376280133443,"Slit2,Lrp1"
"GO:2000146","negative regulation of cell motility",344,3,0.0235455427790458,0.0837226969334596,"Apod,Slit2,Lrp1"
"GO:0098659","inorganic cation import across plasma membrane",133,2,0.0236640770710281,0.0838102729598912,"Slc9a9,Prnp"
"GO:0099587","inorganic ion import across plasma membrane",133,2,0.0236640770710281,0.0838102729598912,"Slc9a9,Prnp"
"GO:0001952","regulation of cell-matrix adhesion",136,2,0.0246645562021661,0.0864434025667977,"Apod,Lrp1"
"GO:0010556","regulation of macromolecule biosynthetic process",5493,16,0.0248332194412099,0.0865767513721867,"Col1a1,Tada2a,Per1,Pmp22,Maged1,Vim,Mbp,Sox13,Phgdh,Apod,Med15,Nod1,Slit2,Lrp1,Prnp,Mapre3"
"GO:0030048","actin filament-based movement",138,2,0.0253410729939562,0.088175078546222,"Dbn1,Myo1b"
"GO:0030001","metal ion transport",941,5,0.0257304811181694,0.0893558536885845,"Per1,Myo1b,Slc9a9,Prnp,Fxyd3"
"GO:0021987","cerebral cortex development",140,2,0.0260251438420189,0.0895577991422364,"Filip1,Slit2"
"GO:0060996","dendritic spine development",140,2,0.0260251438420189,0.0895577991422364,"Dbn1,Mapre3"
"GO:0023057","negative regulation of signaling",1648,7,0.0260477791336351,0.0895577991422364,"Per1,Mat2a,Sox13,Apod,Slit2,Lrp1,Prnp"
"GO:0060341","regulation of cellular localization",634,4,0.0263463591607817,0.0895577991422364,"Dbn1,Apod,Lrp1,Prnp"
"GO:0010648","negative regulation of cell communication",1653,7,0.0264291533339147,0.0895577991422364,"Per1,Mat2a,Sox13,Apod,Slit2,Lrp1,Prnp"
"GO:0043588","skin development",361,3,0.0266601959411657,0.0899592622967501,"Col1a1,Col5a1,Col1a2"
"GO:0048545","response to steroid hormone",362,3,0.0268499943628145,0.0904287545992902,"Col1a1,Per1,Mbp"
"GO:0014812","muscle cell migration",143,2,0.0270652826374265,0.0909821647981286,"Slit2,Lrp1"
"GO:0030833","regulation of actin filament polymerization",144,2,0.027415707714751,0.0918143307145038,"Dbn1,Slit2"
"GO:0046683","response to organophosphorus",144,2,0.027415707714751,0.0918143307145038,"Col1a1,Per1"
"GO:0010604","positive regulation of macromolecule metabolic process",3294,11,0.027858372343421,0.0919616933216676,"Col1a1,Tada2a,Per1,Pmp22,Maged1,Vim,Mbp,Med15,Nod1,Lrp1,Mapre3"
"GO:0032956","regulation of actin cytoskeleton organization",368,3,0.028004129823518,0.0919616933216676,"Dbn1,Slit2,Lrp1"
"GO:0006952","defense response",2058,8,0.0280227703456751,0.0919616933216676,"Per1,Pmp22,Slc9a9,Vim,Zdhhc3,Apod,Nod1,Lrp1"
"GO:0042981","regulation of apoptotic process",1683,7,0.0287990986220083,0.0936364135524313,"Pmp22,Maged1,Mpz,Nod1,Slit2,Lrp1,Prnp"
"GO:0072359","circulatory system development",1316,6,0.0288628023562557,0.0936729131016663,"Col1a1,Col5a1,Col1a2,Slit2,Lrp1,Sparc"
"GO:0010927","cellular component assembly involved in morphogenesis",149,2,0.0291953406912757,0.0942381250161429,"Nfasc,Pmp22"
"GO:0032989","cellular anatomical entity morphogenesis",149,2,0.0291953406912757,0.0942381250161429,"Nfasc,Pmp22"
"GO:0071675","regulation of mononuclear cell migration",149,2,0.0291953406912757,0.0942381250161429,"Apod,Slit2"
"GO:0050773","regulation of dendrite development",150,2,0.0295567172685251,0.0945195371298837,"Dbn1,Mapre3"
"GO:0043065","positive regulation of apoptotic process",658,4,0.0296521216008809,0.0945195371298837,"Maged1,Nod1,Slit2,Prnp"
"GO:0042221","response to chemical",5610,16,0.0298496694202116,0.0945195371298837,"Col1a1,Per1,Mat2a,Dbn1,Sema3g,Col1a2,Vim,Mbp,Apod,Man1a,Nod1,Slit2,Hmgcs1,Lrp1,Prnp,Mapre3"
"GO:0001578","microtubule bundle formation",151,2,0.0299198934184892,0.0945195371298837,"Cfap100,Nav1"
"GO:0010811","positive regulation of cell-substrate adhesion",151,2,0.0299198934184892,0.0945195371298837,"Vit,Dbn1"
"GO:0006066","alcohol metabolic process",380,3,0.0303912079123996,0.0956760249094061,"Pmp22,Hmgcs1,Lrp1"
"GO:0048646","anatomical structure formation involved in morphogenesis",1333,6,0.0304804034928592,0.0957878877372423,"Col1a1,Col5a1,Nfasc,Pmp22,Slit2,Sparc"
"GO:0008202","steroid metabolic process",385,3,0.0314167708413117,0.0979163970269787,"Pmp22,Hmgcs1,Lrp1"
"GO:0010639","negative regulation of organelle organization",386,3,0.031624063642505,0.0979163970269787,"Dbn1,Limk2,Slit2"
"GO:0006915","apoptotic process",2116,8,0.0323815275043251,0.0998290614770643,"Pmp22,Maged1,Mpz,Zdhhc3,Nod1,Slit2,Lrp1,Prnp"
"GO:0043068","positive regulation of programmed cell death",681,4,0.0330431570207638,0.101682922711605,"Maged1,Nod1,Slit2,Prnp"
"GO:0032006","regulation of TOR signaling",161,2,0.0336490383047764,0.102132398272508,"Mat2a,Zdhhc3"
"GO:0007166","cell surface receptor signaling pathway",2960,10,0.0337008305784354,0.102132398272508,"Col1a1,Dbn1,Sema3g,Col1a2,Sox13,Zdhhc3,Apod,Slit2,Lrp1,Prnp"
"GO:0043067","regulation of programmed cell death",1741,7,0.0337884740604072,0.102224451182757,"Pmp22,Maged1,Mpz,Nod1,Slit2,Lrp1,Prnp"
"GO:0006950","response to stress",4288,13,0.0338618271903022,0.102273031361573,"Col1a1,Per1,Col5a1,Mat2a,Pmp22,Slc9a9,Vim,Zdhhc3,Apod,Man1a,Nod1,Lrp1,Prnp"
"GO:1902903","regulation of supramolecular fiber organization",399,3,0.0343848385384317,0.103588550731897,"Dbn1,Slit2,Mapre3"
"GO:0009889","regulation of biosynthetic process",5711,16,0.0347776033598525,0.103588550731897,"Col1a1,Tada2a,Per1,Pmp22,Maged1,Vim,Mbp,Sox13,Phgdh,Apod,Med15,Nod1,Slit2,Lrp1,Prnp,Mapre3"
"GO:0008064","regulation of actin polymerization or depolymerization",164,2,0.0348016561620176,0.103588550731897,"Dbn1,Slit2"
"GO:0008277","regulation of G protein-coupled receptor signaling pathway",164,2,0.0348016561620176,0.103588550731897,"Zdhhc3,Slit2"
"GO:0030832","regulation of actin filament length",167,2,0.0359695680749535,0.105775418474122,"Dbn1,Slit2"
"GO:0000226","microtubule cytoskeleton organization",702,4,0.0363317015611927,0.106578973493354,"Cfap100,Limk2,Nav1,Mapre3"
"GO:0030041","actin filament polymerization",168,2,0.0363622380153797,0.106578973493354,"Dbn1,Slit2"
"GO:0050680","negative regulation of epithelial cell proliferation",170,2,0.0371525850469778,0.107483572623753,"Maged1,Sparc"
"GO:0010959","regulation of metal ion transport",413,3,0.0374944019256569,0.108108376063788,"Per1,Prnp,Fxyd3"
"GO:0007043","cell-cell junction assembly",171,2,0.0375502482686547,0.108108376063788,"Nfasc,Pmp22"
"GO:0030178","negative regulation of Wnt signaling pathway",171,2,0.0375502482686547,0.108108376063788,"Sox13,Lrp1"
"GO:1904375","regulation of protein localization to cell periphery",172,2,0.0379495620787517,0.10908207457419,"Lrp1,Prnp"
"GO:0032635","interleukin-6 production",173,2,0.0383505195887062,0.10988070219236,"Mbp,Nod1"
"GO:0032675","regulation of interleukin-6 production",173,2,0.0383505195887062,0.10988070219236,"Mbp,Nod1"
"GO:0007034","vacuolar transport",174,2,0.0387531139283546,0.110150172551135,"Sptbn5,Lrp1"
"GO:0072073","kidney epithelium development",175,2,0.0391573382458913,0.111122176103205,"Maged1,Slit2"
"GO:0032970","regulation of actin filament-based process",421,3,0.0393344180737375,0.11144751787559,"Dbn1,Slit2,Lrp1"
"GO:0007584","response to nutrient",176,2,0.0395631857078268,0.111748535252332,"Col1a1,Mat2a"
"GO:0008219","cell death",2202,8,0.039682868535582,0.111748535252332,"Pmp22,Maged1,Mpz,Zdhhc3,Nod1,Slit2,Lrp1,Prnp"
"GO:0012501","programmed cell death",2202,8,0.039682868535582,0.111748535252332,"Pmp22,Maged1,Mpz,Zdhhc3,Nod1,Slit2,Lrp1,Prnp"
"GO:0008283","cell population proliferation",2207,8,0.0401392405532755,0.111748535252332,"Pmp22,Dbn1,Maged1,Vim,Apod,Slit2,Prnp,Sparc"
"GO:1902904","negative regulation of supramolecular fiber organization",178,2,0.0403797228222713,0.111748535252332,"Dbn1,Slit2"
"GO:0007423","sensory organ development",728,4,0.0406593254153824,0.112348136016188,"Col5a1,Limk2,Vim,Sparc"
"GO:0042127","regulation of cell population proliferation",1814,7,0.0408625831584079,0.112735256472578,"Pmp22,Maged1,Vim,Apod,Slit2,Prnp,Sparc"
"GO:0051494","negative regulation of cytoskeleton organization",180,2,0.0412026709685351,0.113498098269807,"Dbn1,Slit2"
"GO:0035725","sodium ion transmembrane transport",181,2,0.041616532288314,0.113739198209727,"Slc9a9,Fxyd3"
"GO:0070887","cellular response to chemical stimulus",2640,9,0.0417225601473718,0.113739198209727,"Col1a1,Per1,Mat2a,Col1a2,Vim,Nod1,Slit2,Lrp1,Prnp"
"GO:0051234","establishment of localization",4883,14,0.0418654299329226,0.113739198209727,"Sptbn5,Col1a1,Per1,Spag9,Dbn1,Myo1b,Slc9a9,Limk2,Zdhhc3,Apod,Man1a,Lrp1,Prnp,Fxyd3"
"GO:0032103","positive regulation of response to external stimulus",735,4,0.041873023080403,0.113739198209727,"Zdhhc3,Nod1,Slit2,Lrp1"
"GO:0051017","actin filament bundle assembly",182,2,0.0420319761338949,0.113739198209727,"Dbn1,Myo1b"
"GO:0010594","regulation of endothelial cell migration",183,2,0.0424489957988524,0.114631554464375,"Slit2,Sparc"
"GO:0006979","response to oxidative stress",436,3,0.0429072187975752,0.115232648025693,"Col1a1,Apod,Prnp"
"GO:0061572","actin filament bundle organization",185,2,0.0432877358510987,0.115232648025693,"Dbn1,Myo1b"
"GO:0045184","establishment of protein localization",1839,7,0.0434956315470747,0.115232648025693,"Col1a1,Myo1b,Zdhhc3,Apod,Man1a,Lrp1,Prnp"
"GO:0065003","protein-containing complex assembly",2682,9,0.0454476645882166,0.11868749006887,"Cfap100,Mat2a,Dbn1,Col1a2,Mdn1,Med15,Slit2,Prnp,Mapre3"
"GO:0006812","monoatomic cation transport",1100,5,0.0456654685919786,0.118996878009754,"Per1,Myo1b,Slc9a9,Prnp,Fxyd3"
"GO:0030522","intracellular receptor signaling pathway",451,3,0.0466386751583828,0.121355736381506,"Per1,Zdhhc3,Nod1"
"GO:0031929","TOR signaling",194,2,0.0471383160802272,0.121370898451085,"Mat2a,Zdhhc3"
"GO:0044281","small molecule metabolic process",1875,7,0.0474804611368915,0.121946220330002,"Mat2a,Pmp22,Tnxb,Phgdh,Apod,Hmgcs1,Lrp1"
"GO:0008154","actin polymerization or depolymerization",196,2,0.048010632145759,0.122777905988796,"Dbn1,Slit2"
"GO:0031214","biomineral tissue development",196,2,0.048010632145759,0.122777905988796,"Col1a1,Col1a2"
"GO:0071333","cellular response to glucose stimulus",196,2,0.048010632145759,0.122777905988796,"Col1a1,Lrp1"
"GO:0048754","branching morphogenesis of an epithelial tube",197,2,0.0484490191074599,0.123721744072698,"Maged1,Slit2"
"GO:0030307","positive regulation of cell growth",199,2,0.0493302186845911,0.124899915392901,"Dbn1,Lrp1"
"GO:0071331","cellular response to hexose stimulus",199,2,0.0493302186845911,0.124899915392901,"Col1a1,Lrp1"
"GO:0043254","regulation of protein-containing complex assembly",464,3,0.0499994268918027,0.126136477904096,"Dbn1,Slit2,Mapre3"
