"Annot","Term","Annotated","Significant","Pvalue","Padj","GeneID"
"GO:0051129","negative regulation of cellular component organization",797,13,1.57073749727857e-06,0.00211603050267653,"Per2,Ldlr,Gsn,Sema6c,Fbxl2,Rapgef3,Bcl2l2,Rap1gap,Abca7,Tmod2,Sgk1,Arrb2,Bcl2l1"
"GO:0006810","transport",4642,33,2.87182350115793e-06,0.00211603050267653,"Slc27a1,Etnppl,Per2,Mertk,Snta1,Pabpn1,Per1,Atp8a1,Cldn19,Abcc5,Bicd2,Brsk2,Kifc2,Ldlr,Gsn,Ncf2,Mapk8ip1,Rapgef3,Bcl2l2,Rap1gap,Abca7,Sgk1,Slc22a17,Clcn2,Arrb2,Slc44a2,Fmn2,Rhot1,Bcl2l1,Ddx5,Atp11a,Slc9a9,Gjc3"
"GO:0051128","regulation of cellular component organization",2712,24,2.97778303471642e-06,0.00211603050267653,"Per2,Mertk,Plk5,Arhgef10,Atp8a1,Fdps,Bicd2,Plekhg2,Brsk2,Ldlr,Gsn,Sema6c,Fbxl2,Rapgef3,Bcl2l2,Rap1gap,Abca7,Tmod2,Sgk1,Arrb2,Myo9a,Palm,Rhot1,Bcl2l1"
"GO:0098657","import into cell",1004,14,3.72868811044322e-06,0.00211603050267653,"Slc27a1,Per2,Mertk,Atp8a1,Ldlr,Gsn,Ncf2,Rapgef3,Rap1gap,Abca7,Clcn2,Arrb2,Bcl2l1,Slc9a9"
"GO:0051234","establishment of localization",4883,33,8.88780505151943e-06,0.00342210679630653,"Slc27a1,Etnppl,Per2,Mertk,Snta1,Pabpn1,Per1,Atp8a1,Cldn19,Abcc5,Bicd2,Brsk2,Kifc2,Ldlr,Gsn,Ncf2,Mapk8ip1,Rapgef3,Bcl2l2,Rap1gap,Abca7,Sgk1,Slc22a17,Clcn2,Arrb2,Slc44a2,Fmn2,Rhot1,Bcl2l1,Ddx5,Atp11a,Slc9a9,Gjc3"
"GO:0048731","system development",4438,31,9.91714269966555e-06,0.00342210679630653,"Dusp15,Per2,Mertk,Plk5,Arhgef10,Cldn19,Fdps,Mical2,Brsk2,Kifc2,Ldlr,Gsn,Lta4h,Sema6c,Rapgef3,Tead3,Bcl2l2,Itgb4,Tnfsf12,Rap1gap,Megf9,Sgk1,Tns2,Clcn2,Arrb2,Aspa,Myo9a,Palm,Bcl2l1,Anks1,Gjc3"
"GO:0048522","positive regulation of cellular process",6410,39,1.05527522353065e-05,0.00342210679630653,"Fus,Dusp15,Otud7b,Slc27a1,Per2,Mertk,Plekha4,Plk5,Arhgef10,Per1,Atp8a1,Cldn19,Fdps,Tra2a,Mical2,Ddn,Adamts20,Ldlr,Gsn,Sema6c,Ncf2,Mapk8ip1,Rapgef3,Tead3,Bcl2l2,Tnfsf12,Rap1gap,Abca7,Tmod2,Sgk1,Sgf29,Clcn2,Arrb2,Aspa,Palm,Fmn2,Bcl2l1,Ddx5,Atp11a"
"GO:0007275","multicellular organism development",5197,34,1.23065529858506e-05,0.00349198440973512,"Dusp15,Otud7b,Per2,Mertk,Plk5,Arhgef10,Cldn19,Fdps,Mical2,Brsk2,Kifc2,Ldlr,Gsn,Lta4h,Sema6c,Rapgef3,Tead3,Bcl2l2,Itgb4,Tnfsf12,Rap1gap,Megf9,Sgk1,Sgf29,Tns2,Clcn2,Arrb2,Aspa,Myo9a,Palm,Bcl2l1,Anks1,Atp11a,Gjc3"
"GO:0006909","phagocytosis",252,7,1.7525897774245e-05,0.00422750988213536,"Mertk,Ldlr,Gsn,Ncf2,Rap1gap,Abca7,Clcn2"
"GO:0048518","positive regulation of biological process",6819,40,1.86233915512571e-05,0.00422750988213536,"Fus,Dusp15,Otud7b,Slc27a1,Per2,Mertk,Plekha4,Plk5,Arhgef10,Per1,Atp8a1,Cldn19,Fdps,Tra2a,Mical2,Ddn,Adamts20,Ldlr,Gsn,Sema6c,Ncf2,Mapk8ip1,Fbxl2,Rapgef3,Tead3,Bcl2l2,Tnfsf12,Rap1gap,Abca7,Tmod2,Sgk1,Sgf29,Clcn2,Arrb2,Aspa,Palm,Fmn2,Bcl2l1,Ddx5,Atp11a"
"GO:0051179","localization",5607,35,2.42973306231678e-05,0.00462708474670503,"Otud7b,Slc27a1,Etnppl,Per2,Mertk,Snta1,Pabpn1,Per1,Atp8a1,Cldn19,Abcc5,Bicd2,Brsk2,Kifc2,Ldlr,Gsn,Ncf2,Mapk8ip1,Rapgef3,Bcl2l2,Rap1gap,Abca7,Sgk1,Slc22a17,Clcn2,Arrb2,Slc44a2,Palm,Fmn2,Rhot1,Bcl2l1,Ddx5,Atp11a,Slc9a9,Gjc3"
"GO:0015748","organophosphate ester transport",178,6,2.44603598944759e-05,0.00462708474670503,"Etnppl,Atp8a1,Abcc5,Ldlr,Abca7,Atp11a"
"GO:0015914","phospholipid transport",110,5,2.90197049297332e-05,0.00486566218615369,"Etnppl,Atp8a1,Ldlr,Abca7,Atp11a"
"GO:0022008","neurogenesis",2099,19,3.07177396235472e-05,0.00486566218615369,"Dusp15,Per2,Plk5,Arhgef10,Brsk2,Kifc2,Ldlr,Sema6c,Tead3,Itgb4,Rap1gap,Megf9,Sgk1,Clcn2,Arrb2,Aspa,Myo9a,Palm,Anks1"
"GO:0035556","intracellular signal transduction",3119,24,3.21519527719407e-05,0.00486566218615369,"Dusp15,Otud7b,Mertk,Mt2,Arhgef10,Pabpn1,Ctnnal1,Per1,Brsk2,Gsn,Mapk8ip1,Fbxl2,Mt1,Rapgef3,Tead3,Bcl2l2,Rap1gap,Abca7,Sgk1,Arrb2,Myo9a,Wsb1,Bcl2l1,Ddx5"
"GO:0090201","negative regulation of release of cytochrome c from mitochondria",21,3,4.12787657957825e-05,0.00585642489727665,"Bcl2l2,Arrb2,Bcl2l1"
"GO:0009987","cellular process",20947,80,4.88644478344692e-05,0.00636655497810297,"Fus,Dusp15,Otud7b,Slc27a1,Etnppl,Per2,Mertk,Plekha4,Snta1,Tmtc1,Mt2,Plk5,Arhgef10,Galnt16,Pabpn1,Ctnnal1,Dnajc7,Per1,Atp8a1,Cldn19,Fdps,Tra2a,Abcc5,Mical2,Adamtsl5,Clk1,Ddn,Tsc22d3,Hmgcs1,Bicd2,Adamts20,Plekhg2,Brsk2,Kifc2,Ldlr,Gsn,Cerk,Lta4h,Sema6c,Ncf2,Mapk8ip1,Fbxl2,Mt1,Rapgef3,Mroh1,Tead3,Bcl2l2,Itgb4,Tnfsf12,Rap1gap,Megf9,Abca7,Tmod2,S100a7a,Rsrp1,Sgk1,Sgf29,Tns2,Pcyox1l,Zcchc7,Slc22a17,Clcn2,Hsd17b14,Arrb2,Aspa,Myo9a,Slc44a2,Palm,Fmn2,Cyb5r2,Rhot1,Wsb1,Eid1,Bcl2l1,Ddx5,Chpf2,Anks1,Atp11a,Slc9a9,Gjc3"
"GO:0016043","cellular component organization",7913,43,5.04836958616094e-05,0.00636655497810297,"Fus,Etnppl,Per2,Mertk,Snta1,Plk5,Arhgef10,Per1,Atp8a1,Cldn19,Fdps,Mical2,Adamtsl5,Bicd2,Adamts20,Plekhg2,Brsk2,Kifc2,Ldlr,Gsn,Sema6c,Fbxl2,Rapgef3,Mroh1,Bcl2l2,Itgb4,Rap1gap,Megf9,Abca7,Tmod2,Rsrp1,Sgk1,Sgf29,Clcn2,Arrb2,Myo9a,Palm,Fmn2,Rhot1,Wsb1,Bcl2l1,Atp11a,Slc9a9"
"GO:0007399","nervous system development",2794,22,5.395468349393e-05,0.00644616481743269,"Dusp15,Per2,Mertk,Plk5,Arhgef10,Brsk2,Kifc2,Ldlr,Gsn,Sema6c,Tead3,Itgb4,Rap1gap,Megf9,Sgk1,Clcn2,Arrb2,Aspa,Myo9a,Palm,Anks1,Gjc3"
"GO:0045337","farnesyl diphosphate biosynthetic process",4,2,6.14264949951893e-05,0.0067430642785571,"Fdps,Hmgcs1"
"GO:0071276","cellular response to cadmium ion",24,3,6.23807708588983e-05,0.0067430642785571,"Mt2,Gsn,Mt1"
"GO:0048856","anatomical structure development",6654,38,6.85354157318371e-05,0.00707160880505774,"Dusp15,Otud7b,Per2,Mertk,Plk5,Arhgef10,Cldn19,Fdps,Mical2,Tsc22d3,Brsk2,Kifc2,Ldlr,Gsn,Lta4h,Sema6c,Rapgef3,Tead3,Bcl2l2,Itgb4,Tnfsf12,Rap1gap,Megf9,Tmod2,Sgk1,Sgf29,Tns2,Clcn2,Arrb2,Aspa,Myo9a,Palm,Fmn2,Bcl2l1,Ddx5,Anks1,Atp11a,Gjc3"
"GO:0032502","developmental process",7236,40,8.09725298919906e-05,0.00799163664586169,"Dusp15,Otud7b,Per2,Mertk,Plk5,Arhgef10,Cldn19,Fdps,Mical2,Tsc22d3,Adamts20,Brsk2,Kifc2,Ldlr,Gsn,Lta4h,Sema6c,Rapgef3,Tead3,Bcl2l2,Itgb4,Tnfsf12,Rap1gap,Megf9,Tmod2,Sgk1,Sgf29,Tns2,Clcn2,Arrb2,Aspa,Myo9a,Palm,Fmn2,Eid1,Bcl2l1,Ddx5,Anks1,Atp11a,Gjc3"
"GO:0071840","cellular component organization or biogenesis",8121,43,9.88896089512445e-05,0.00935330884663855,"Fus,Etnppl,Per2,Mertk,Snta1,Plk5,Arhgef10,Per1,Atp8a1,Cldn19,Fdps,Mical2,Adamtsl5,Bicd2,Adamts20,Plekhg2,Brsk2,Kifc2,Ldlr,Gsn,Sema6c,Fbxl2,Rapgef3,Mroh1,Bcl2l2,Itgb4,Rap1gap,Megf9,Abca7,Tmod2,Rsrp1,Sgk1,Sgf29,Clcn2,Arrb2,Myo9a,Palm,Fmn2,Rhot1,Wsb1,Bcl2l1,Atp11a,Slc9a9"
"GO:0006915","apoptotic process",2116,18,0.000115602284581117,0.0104966874399654,"Mertk,Plk5,Tsc22d3,Adamts20,Brsk2,Gsn,Ncf2,Mapk8ip1,Mt1,Rapgef3,Bcl2l2,Tnfsf12,Sgk1,Arrb2,Fmn2,Rhot1,Bcl2l1,Ddx5"
"GO:0065007","biological regulation",13697,61,0.000120294717194538,0.0105026541550616,"Fus,Dusp15,Otud7b,Slc27a1,Per2,Mertk,Plekha4,Snta1,Mt2,Plk5,Arhgef10,Pabpn1,Ctnnal1,Per1,Atp8a1,Cldn19,Fdps,Tra2a,Mical2,Clk1,Ddn,Tsc22d3,Bicd2,Adamts20,Plekhg2,Brsk2,Ldlr,Gsn,Sema6c,Ncf2,Mapk8ip1,Fbxl2,Mt1,Rapgef3,Tead3,Bcl2l2,Serf2,Itgb4,Tnfsf12,Rap1gap,Abca7,Tmod2,Sgk1,Sgf29,Tns2,Zcchc7,Clcn2,Arrb2,Aspa,Myo9a,Palm,Fmn2,Rhot1,Wsb1,Eid1,Bcl2l1,Ddx5,Anks1,Atp11a,Slc9a9,Gjc3"
"GO:0045338","farnesyl diphosphate metabolic process",6,2,0.000152922655770368,0.0127523406538704,"Fdps,Hmgcs1"
"GO:0030154","cell differentiation",5107,31,0.000162732098337699,0.0127523406538704,"Dusp15,Per2,Mertk,Plk5,Arhgef10,Fdps,Adamts20,Brsk2,Kifc2,Ldlr,Lta4h,Sema6c,Rapgef3,Tead3,Itgb4,Tnfsf12,Rap1gap,Megf9,Tmod2,Sgk1,Clcn2,Arrb2,Aspa,Myo9a,Palm,Fmn2,Eid1,Bcl2l1,Ddx5,Anks1,Atp11a"
"GO:0048869","cellular developmental process",5108,31,0.000163337381897618,0.0127523406538704,"Dusp15,Per2,Mertk,Plk5,Arhgef10,Fdps,Adamts20,Brsk2,Kifc2,Ldlr,Lta4h,Sema6c,Rapgef3,Tead3,Itgb4,Tnfsf12,Rap1gap,Megf9,Tmod2,Sgk1,Clcn2,Arrb2,Aspa,Myo9a,Palm,Fmn2,Eid1,Bcl2l1,Ddx5,Anks1,Atp11a"
"GO:0050794","regulation of cellular process",12856,58,0.000180758456688251,0.0127523406538704,"Fus,Dusp15,Otud7b,Slc27a1,Per2,Mertk,Plekha4,Snta1,Mt2,Plk5,Arhgef10,Pabpn1,Ctnnal1,Per1,Atp8a1,Cldn19,Fdps,Tra2a,Mical2,Clk1,Ddn,Tsc22d3,Bicd2,Adamts20,Plekhg2,Brsk2,Ldlr,Gsn,Sema6c,Ncf2,Mapk8ip1,Fbxl2,Mt1,Rapgef3,Tead3,Bcl2l2,Itgb4,Tnfsf12,Rap1gap,Abca7,Tmod2,Sgk1,Sgf29,Tns2,Zcchc7,Clcn2,Arrb2,Aspa,Myo9a,Palm,Fmn2,Rhot1,Wsb1,Eid1,Bcl2l1,Ddx5,Anks1,Atp11a"
"GO:0006897","endocytosis",769,10,0.000182323265292733,0.0127523406538704,"Mertk,Atp8a1,Ldlr,Gsn,Ncf2,Rap1gap,Abca7,Clcn2,Arrb2,Bcl2l1"
"GO:0008219","cell death",2202,18,0.000190762998100442,0.0127523406538704,"Mertk,Plk5,Tsc22d3,Adamts20,Brsk2,Gsn,Ncf2,Mapk8ip1,Mt1,Rapgef3,Bcl2l2,Tnfsf12,Sgk1,Arrb2,Fmn2,Rhot1,Bcl2l1,Ddx5"
"GO:0012501","programmed cell death",2202,18,0.000190762998100442,0.0127523406538704,"Mertk,Plk5,Tsc22d3,Adamts20,Brsk2,Gsn,Ncf2,Mapk8ip1,Mt1,Rapgef3,Bcl2l2,Tnfsf12,Sgk1,Arrb2,Fmn2,Rhot1,Bcl2l1,Ddx5"
"GO:0050793","regulation of developmental process",2829,21,0.00019331761817202,0.0127523406538704,"Dusp15,Per2,Fdps,Tsc22d3,Adamts20,Brsk2,Ldlr,Sema6c,Rapgef3,Tead3,Rap1gap,Sgk1,Sgf29,Clcn2,Arrb2,Aspa,Myo9a,Palm,Bcl2l1,Ddx5,Atp11a"
"GO:1990000","amyloid fibril formation",35,3,0.000196621992460557,0.0127523406538704,"Fus,Ldlr,Gsn"
"GO:0010273","detoxification of copper ion",7,2,0.000213642785734576,0.0131072736112834,"Mt2,Mt1"
"GO:1990169","stress response to copper ion",7,2,0.000213642785734576,0.0131072736112834,"Mt2,Mt1"
"GO:0050789","regulation of biological process",13279,59,0.000232979669681119,0.0139174697414774,"Fus,Dusp15,Otud7b,Slc27a1,Per2,Mertk,Plekha4,Snta1,Mt2,Plk5,Arhgef10,Pabpn1,Ctnnal1,Per1,Atp8a1,Cldn19,Fdps,Tra2a,Mical2,Clk1,Ddn,Tsc22d3,Bicd2,Adamts20,Plekhg2,Brsk2,Ldlr,Gsn,Sema6c,Ncf2,Mapk8ip1,Fbxl2,Mt1,Rapgef3,Tead3,Bcl2l2,Itgb4,Tnfsf12,Rap1gap,Abca7,Tmod2,Sgk1,Sgf29,Tns2,Zcchc7,Clcn2,Arrb2,Aspa,Myo9a,Palm,Fmn2,Rhot1,Wsb1,Eid1,Bcl2l1,Ddx5,Anks1,Atp11a,Gjc3"
"GO:0150094","amyloid-beta clearance by cellular catabolic process",8,2,0.00028425986647811,0.0163070891562339,"Ldlr,Abca7"
"GO:0042981","regulation of apoptotic process",1683,15,0.000287349588656104,0.0163070891562339,"Mertk,Plk5,Tsc22d3,Adamts20,Gsn,Ncf2,Mapk8ip1,Mt1,Rapgef3,Bcl2l2,Tnfsf12,Sgk1,Arrb2,Fmn2,Bcl2l1"
"GO:0045685","regulation of glial cell differentiation",99,4,0.000300169375466333,0.0166191337148433,"Dusp15,Ldlr,Clcn2,Aspa"
"GO:1902903","regulation of supramolecular fiber organization",399,7,0.000308684239064504,0.0166836481589625,"Arhgef10,Plekhg2,Ldlr,Gsn,Rapgef3,Tmod2,Sgk1"
"GO:0048583","regulation of response to stimulus",4311,27,0.000318975451964222,0.0168048317416654,"Fus,Dusp15,Otud7b,Mertk,Plekha4,Arhgef10,Per1,Fdps,Adamts20,Ldlr,Gsn,Mapk8ip1,Fbxl2,Rapgef3,Bcl2l2,Tnfsf12,Rap1gap,Abca7,Tmod2,Sgf29,Tns2,Arrb2,Palm,Fmn2,Bcl2l1,Ddx5,Anks1"
"GO:0097435","supramolecular fiber organization",827,10,0.000325732421424351,0.0168048317416654,"Fus,Arhgef10,Mical2,Plekhg2,Ldlr,Gsn,Rapgef3,Tmod2,Sgk1,Fmn2"
"GO:0023051","regulation of signaling",3853,25,0.000338883359005633,0.0168261130113893,"Dusp15,Otud7b,Per2,Mertk,Plekha4,Arhgef10,Per1,Adamts20,Brsk2,Ldlr,Gsn,Mapk8ip1,Fbxl2,Rapgef3,Bcl2l2,Tnfsf12,Rap1gap,Abca7,Tmod2,Tns2,Arrb2,Palm,Bcl2l1,Ddx5,Anks1"
"GO:0051716","cellular response to stimulus",8819,44,0.000340969690979695,0.0168261130113893,"Fus,Dusp15,Otud7b,Slc27a1,Etnppl,Mertk,Plekha4,Mt2,Plk5,Arhgef10,Pabpn1,Ctnnal1,Per1,Hmgcs1,Adamts20,Brsk2,Ldlr,Gsn,Sema6c,Ncf2,Mapk8ip1,Fbxl2,Mt1,Rapgef3,Tead3,Bcl2l2,Itgb4,Tnfsf12,Rap1gap,Abca7,Tmod2,Sgk1,Sgf29,Tns2,Clcn2,Arrb2,Myo9a,Palm,Fmn2,Rhot1,Wsb1,Bcl2l1,Ddx5,Anks1"
"GO:0030029","actin filament-based process",845,10,0.000385947337891416,0.0179434927527018,"Snta1,Arhgef10,Cldn19,Mical2,Plekhg2,Brsk2,Gsn,Rapgef3,Tmod2,Fmn2"
"GO:0010043","response to zinc ion",44,3,0.00038963407398265,0.0179434927527018,"Mt2,Lta4h,Mt1"
"GO:0042063","gliogenesis",415,7,0.000390866749775755,0.0179434927527018,"Dusp15,Arhgef10,Ldlr,Itgb4,Clcn2,Arrb2,Aspa"
"GO:0050896","response to stimulus",10946,51,0.000395231117900922,0.0179434927527018,"Fus,Dusp15,Otud7b,Slc27a1,Etnppl,Per2,Mertk,Plekha4,Mt2,Plk5,Arhgef10,Pabpn1,Ctnnal1,Per1,Fdps,Tsc22d3,Hmgcs1,Adamts20,Brsk2,Ldlr,Gsn,Lta4h,Sema6c,Ncf2,Mapk8ip1,Fbxl2,Mt1,Rapgef3,Tead3,Bcl2l2,Itgb4,Tnfsf12,Rap1gap,Abca7,Tmod2,S100a7a,Sgk1,Sgf29,Tns2,Pcyox1l,Clcn2,Arrb2,Myo9a,Palm,Fmn2,Rhot1,Wsb1,Bcl2l1,Ddx5,Anks1,Slc9a9"
"GO:0043067","regulation of programmed cell death",1741,15,0.000412060779558394,0.018144831076241,"Mertk,Plk5,Tsc22d3,Adamts20,Gsn,Ncf2,Mapk8ip1,Mt1,Rapgef3,Bcl2l2,Tnfsf12,Sgk1,Arrb2,Fmn2,Bcl2l1"
"GO:0009966","regulation of signal transduction",3214,22,0.000415652518046049,0.018144831076241,"Dusp15,Otud7b,Mertk,Plekha4,Arhgef10,Per1,Adamts20,Gsn,Mapk8ip1,Fbxl2,Rapgef3,Bcl2l2,Tnfsf12,Rap1gap,Abca7,Tmod2,Tns2,Arrb2,Palm,Bcl2l1,Ddx5,Anks1"
"GO:0043484","regulation of RNA splicing",198,5,0.000458047561905664,0.0194968389691949,"Fus,Tra2a,Clk1,Sgf29,Ddx5"
"GO:0010001","glial cell differentiation",305,6,0.000463801455654858,0.0194968389691949,"Dusp15,Arhgef10,Ldlr,Itgb4,Clcn2,Aspa"
"GO:0141124","intracellular signaling cassette",1967,16,0.000487502353623178,0.0201205516859021,"Dusp15,Otud7b,Mertk,Mt2,Arhgef10,Pabpn1,Ctnnal1,Per1,Gsn,Mapk8ip1,Fbxl2,Mt1,Rapgef3,Rap1gap,Abca7,Arrb2"
"GO:0045807","positive regulation of endocytosis",203,5,0.00051305819118061,0.0207971802496426,"Mertk,Rap1gap,Abca7,Arrb2,Bcl2l1"
"GO:0046686","response to cadmium ion",49,3,0.000535771010524355,0.0209689688601773,"Mt2,Gsn,Mt1"
"GO:0090199","regulation of release of cytochrome c from mitochondria",49,3,0.000535771010524355,0.0209689688601773,"Bcl2l2,Arrb2,Bcl2l1"
"GO:0043066","negative regulation of apoptotic process",1063,11,0.000602866004351508,0.0231950140657275,"Mertk,Tsc22d3,Adamts20,Mapk8ip1,Mt1,Rapgef3,Bcl2l2,Sgk1,Arrb2,Fmn2,Bcl2l1"
"GO:0070887","cellular response to chemical stimulus",2640,19,0.000618000298226828,0.023381011282915,"Slc27a1,Etnppl,Mt2,Pabpn1,Per1,Brsk2,Ldlr,Gsn,Ncf2,Mt1,Rapgef3,Sgk1,Tns2,Clcn2,Arrb2,Palm,Fmn2,Bcl2l1,Ddx5"
"GO:0030036","actin cytoskeleton organization",743,9,0.000650200024445096,0.0238992062095179,"Arhgef10,Cldn19,Mical2,Plekhg2,Brsk2,Gsn,Rapgef3,Tmod2,Fmn2"
"GO:0032501","multicellular organismal process",9056,44,0.000652753649775378,0.0238992062095179,"Dusp15,Otud7b,Slc27a1,Per2,Mertk,Snta1,Plk5,Arhgef10,Per1,Atp8a1,Cldn19,Fdps,Mical2,Tsc22d3,Brsk2,Kifc2,Ldlr,Gsn,Lta4h,Sema6c,Ncf2,Mapk8ip1,Rapgef3,Tead3,Bcl2l2,Itgb4,Tnfsf12,Rap1gap,Megf9,Abca7,Tmod2,Sgk1,Sgf29,Tns2,Clcn2,Arrb2,Aspa,Myo9a,Palm,Bcl2l1,Ddx5,Anks1,Atp11a,Gjc3"
"GO:1901678","iron coordination entity transport",12,2,0.000664443276292827,0.0239410513838844,"Abcc5,Slc22a17"
"GO:0006950","response to stress",4288,26,0.000717674614376466,0.0254550214786653,"Fus,Slc27a1,Per2,Mertk,Mt2,Plk5,Per1,Tsc22d3,Brsk2,Ldlr,Gsn,Fbxl2,Mt1,Bcl2l2,Itgb4,Abca7,S100a7a,Sgk1,Sgf29,Pcyox1l,Clcn2,Arrb2,Fmn2,Bcl2l1,Ddx5,Slc9a9"
"GO:0008637","apoptotic mitochondrial changes",126,4,0.00074723679612209,0.0260958081107253,"Bcl2l2,Arrb2,Rhot1,Bcl2l1"
"GO:0097501","stress response to metal ion",13,2,0.00078360686029419,0.0265666187265027,"Mt2,Mt1"
"GO:0048519","negative regulation of biological process",6085,33,0.000784124869901182,0.0265666187265027,"Fus,Dusp15,Otud7b,Per2,Mertk,Mt2,Plk5,Per1,Cldn19,Tsc22d3,Adamts20,Ldlr,Gsn,Sema6c,Mapk8ip1,Fbxl2,Mt1,Rapgef3,Bcl2l2,Rap1gap,Abca7,Tmod2,Sgk1,Sgf29,Tns2,Zcchc7,Arrb2,Palm,Fmn2,Eid1,Bcl2l1,Ddx5,Anks1"
"GO:0048523","negative regulation of cellular process",5830,32,0.000799802270194008,0.0266081458077777,"Fus,Dusp15,Otud7b,Per2,Mertk,Plk5,Per1,Cldn19,Tsc22d3,Adamts20,Ldlr,Gsn,Sema6c,Mapk8ip1,Fbxl2,Mt1,Rapgef3,Bcl2l2,Rap1gap,Abca7,Tmod2,Sgk1,Sgf29,Tns2,Zcchc7,Arrb2,Palm,Fmn2,Eid1,Bcl2l1,Ddx5,Anks1"
"GO:0016192","vesicle-mediated transport",1663,14,0.000825233273605013,0.0266081458077777,"Mertk,Atp8a1,Bicd2,Brsk2,Ldlr,Gsn,Ncf2,Mapk8ip1,Rap1gap,Abca7,Clcn2,Arrb2,Fmn2,Bcl2l1"
"GO:0010821","regulation of mitochondrion organization",130,4,0.000839777309495448,0.0266081458077777,"Bcl2l2,Arrb2,Rhot1,Bcl2l1"
"GO:0043069","negative regulation of programmed cell death",1108,11,0.00084780368996141,0.0266081458077777,"Mertk,Tsc22d3,Adamts20,Mapk8ip1,Mt1,Rapgef3,Bcl2l2,Sgk1,Arrb2,Fmn2,Bcl2l1"
"GO:0010646","regulation of cell communication",3858,24,0.000862614144819712,0.0266081458077777,"Dusp15,Otud7b,Per2,Mertk,Plekha4,Arhgef10,Per1,Adamts20,Brsk2,Gsn,Mapk8ip1,Fbxl2,Rapgef3,Bcl2l2,Tnfsf12,Rap1gap,Abca7,Tmod2,Tns2,Arrb2,Palm,Bcl2l1,Ddx5,Anks1"
"GO:0046902","regulation of mitochondrial membrane permeability",58,3,0.000878752859319357,0.0266081458077777,"Bcl2l2,Rhot1,Bcl2l1"
"GO:0048713","regulation of oligodendrocyte differentiation",58,3,0.000878752859319357,0.0266081458077777,"Dusp15,Clcn2,Aspa"
"GO:0007015","actin filament organization",478,7,0.000899850497817376,0.0266081458077777,"Arhgef10,Mical2,Plekhg2,Gsn,Rapgef3,Tmod2,Fmn2"
"GO:2001138","regulation of phospholipid transport",14,2,0.000912294140151114,0.0266081458077777,"Atp8a1,Abca7"
"GO:2001140","positive regulation of phospholipid transport",14,2,0.000912294140151114,0.0266081458077777,"Atp8a1,Abca7"
"GO:0051261","protein depolymerization",133,4,0.000914288710575621,0.0266081458077777,"Mical2,Gsn,Tmod2,Sgk1"
"GO:0050767","regulation of neurogenesis",483,7,0.000955910664872356,0.0274673064463322,"Per2,Ldlr,Sema6c,Sgk1,Clcn2,Arrb2,Aspa"
"GO:0051155","positive regulation of striated muscle cell differentiation",60,3,0.000970048474087193,0.0275251254522241,"Fdps,Arrb2,Atp11a"
"GO:0045332","phospholipid translocation",61,3,0.00101786136528202,0.0285252506072863,"Atp8a1,Abca7,Atp11a"
"GO:0030042","actin filament depolymerization",62,3,0.00106714096749286,0.0295415853196195,"Mical2,Gsn,Tmod2"
"GO:0051130","positive regulation of cellular component organization",1331,12,0.00112603315455203,0.0307963284437723,"Mertk,Plk5,Arhgef10,Atp8a1,Gsn,Rapgef3,Rap1gap,Abca7,Sgk1,Arrb2,Palm,Bcl2l1"
"GO:0036196","zymosterol metabolic process",16,2,0.00119799530654323,0.0319352818602855,"Fdps,Hmgcs1"
"GO:0036197","zymosterol biosynthetic process",16,2,0.00119799530654323,0.0319352818602855,"Fdps,Hmgcs1"
"GO:0048468","cell development",3477,22,0.00121387166179712,0.0319352818602855,"Per2,Mertk,Plk5,Arhgef10,Fdps,Brsk2,Kifc2,Ldlr,Sema6c,Rapgef3,Itgb4,Megf9,Tmod2,Sgk1,Clcn2,Arrb2,Aspa,Myo9a,Palm,Fmn2,Bcl2l1,Anks1"
"GO:0006911","phagocytosis, engulfment",65,3,0.00122395133120918,0.0319352818602855,"Gsn,Abca7,Clcn2"
"GO:0007611","learning or memory",369,6,0.00124633012419397,0.0321496520672762,"Atp8a1,Ldlr,Rapgef3,Abca7,Tmod2,Sgk1"
"GO:0065008","regulation of biological quality",3488,22,0.00126570733765655,0.0322659828967953,"Fus,Per2,Mertk,Snta1,Atp8a1,Cldn19,Plekhg2,Brsk2,Gsn,Sema6c,Ncf2,Rapgef3,Bcl2l2,Serf2,Abca7,Tmod2,Clcn2,Palm,Rhot1,Bcl2l1,Atp11a,Slc9a9"
"GO:0034204","lipid translocation",66,3,0.00127926804436633,0.0322659828967953,"Atp8a1,Abca7,Atp11a"
"GO:0009628","response to abiotic stimulus",1354,12,0.0013036979942887,0.0324478234305147,"Slc27a1,Per2,Per1,Tsc22d3,Gsn,Abca7,Sgk1,Clcn2,Arrb2,Palm,Fmn2,Bcl2l1"
"GO:0007010","cytoskeleton organization",1550,13,0.00133472666311997,0.0324478234305147,"Plk5,Arhgef10,Cldn19,Mical2,Bicd2,Plekhg2,Brsk2,Gsn,Rapgef3,Tmod2,Sgk1,Palm,Fmn2"
"GO:0061687","detoxification of inorganic compound",17,2,0.00135488766999483,0.0324478234305147,"Mt2,Mt1"
"GO:0071294","cellular response to zinc ion",17,2,0.00135488766999483,0.0324478234305147,"Mt2,Mt1"
"GO:0014013","regulation of gliogenesis",148,4,0.00135794855766471,0.0324478234305147,"Ldlr,Clcn2,Arrb2,Aspa"
"GO:0001836","release of cytochrome c from mitochondria",68,3,0.00139457016186487,0.0329757736190965,"Bcl2l2,Arrb2,Bcl2l1"
"GO:0097190","apoptotic signaling pathway",675,8,0.00150647822177551,0.0352327320955479,"Brsk2,Mapk8ip1,Bcl2l2,Tnfsf12,Arrb2,Rhot1,Bcl2l1,Ddx5"
"GO:0071280","cellular response to copper ion",18,2,0.00152106068077696,0.0352327320955479,"Mt2,Mt1"
"GO:0008202","steroid metabolic process",385,6,0.00154633049241672,0.0352804600229825,"Fdps,Hmgcs1,Ldlr,Clcn2,Hsd17b14,Cyb5r2"
"GO:0010639","negative regulation of organelle organization",386,6,0.00156675640801808,0.0352804600229825,"Gsn,Bcl2l2,Tmod2,Sgk1,Arrb2,Bcl2l1"
"GO:0097035","regulation of membrane lipid distribution",71,3,0.00157943532510528,0.0352804600229825,"Atp8a1,Abca7,Atp11a"
"GO:0055085","transmembrane transport",1580,13,0.00158528939310318,0.0352804600229825,"Slc27a1,Per2,Snta1,Abcc5,Rapgef3,Bcl2l2,Abca7,Slc22a17,Clcn2,Slc44a2,Bcl2l1,Slc9a9,Gjc3"
"GO:0010867","positive regulation of triglyceride biosynthetic process",19,2,0.00169645428941111,0.0373878760870215,"Slc27a1,Ldlr"
"GO:0016126","sterol biosynthetic process",74,3,0.00177896866007188,0.0384596081748873,"Fdps,Hmgcs1,Cyb5r2"
"GO:0099024","plasma membrane invagination",74,3,0.00177896866007188,0.0384596081748873,"Gsn,Abca7,Clcn2"
"GO:0031333","negative regulation of protein-containing complex assembly",161,4,0.00184864719766489,0.0394162766799159,"Gsn,Fbxl2,Tmod2,Sgk1"
"GO:0032984","protein-containing complex disassembly",271,5,0.00185794784350265,0.0394162766799159,"Per2,Mical2,Gsn,Tmod2,Sgk1"
"GO:0035795","negative regulation of mitochondrial membrane permeability",20,2,0.00188100872913767,0.0395360168068751,"Bcl2l2,Bcl2l1"
"GO:0033043","regulation of organelle organization",1227,11,0.00191886342883128,0.0397724021265185,"Arhgef10,Bicd2,Plekhg2,Gsn,Rapgef3,Bcl2l2,Tmod2,Sgk1,Arrb2,Rhot1,Bcl2l1"
"GO:0080090","regulation of primary metabolic process",5085,28,0.00192729701934671,0.0397724021265185,"Fus,Dusp15,Otud7b,Slc27a1,Per2,Pabpn1,Per1,Fdps,Tra2a,Mical2,Clk1,Ddn,Tsc22d3,Ldlr,Gsn,Mapk8ip1,Rapgef3,Tead3,Tnfsf12,Abca7,Sgf29,Clcn2,Arrb2,Fmn2,Eid1,Bcl2l1,Ddx5,Anks1"
"GO:0051239","regulation of multicellular organismal process",3381,21,0.00203943746416308,0.0415425817337215,"Otud7b,Slc27a1,Per2,Mertk,Snta1,Per1,Fdps,Tsc22d3,Ldlr,Gsn,Sema6c,Mapk8ip1,Rapgef3,Tead3,Rap1gap,Abca7,Sgk1,Sgf29,Clcn2,Arrb2,Aspa"
"GO:0002028","regulation of sodium ion transport",78,3,0.0020685299950364,0.0415425817337215,"Snta1,Per1,Sgk1"
"GO:0033489","cholesterol biosynthetic process via desmosterol",21,2,0.00207466451475261,0.0415425817337215,"Fdps,Hmgcs1"
"GO:0023052","signaling",7797,38,0.00208887644635539,0.0415425817337215,"Dusp15,Otud7b,Slc27a1,Per2,Mertk,Plekha4,Mt2,Arhgef10,Pabpn1,Ctnnal1,Per1,Adamts20,Brsk2,Ldlr,Gsn,Sema6c,Mapk8ip1,Fbxl2,Mt1,Rapgef3,Tead3,Bcl2l2,Itgb4,Tnfsf12,Rap1gap,Abca7,Tmod2,Sgk1,Tns2,Arrb2,Myo9a,Palm,Rhot1,Wsb1,Bcl2l1,Ddx5,Anks1,Gjc3"
"GO:0061024","membrane organization",880,9,0.00210458013188457,0.0415425817337215,"Etnppl,Atp8a1,Gsn,Bcl2l2,Abca7,Clcn2,Rhot1,Bcl2l1,Atp11a"
"GO:0051493","regulation of cytoskeleton organization",556,7,0.00213455005207108,0.0416401622286136,"Arhgef10,Bicd2,Plekhg2,Gsn,Rapgef3,Tmod2,Sgk1"
"GO:0032272","negative regulation of protein polymerization",80,3,0.00222364897684013,0.0416401622286136,"Gsn,Tmod2,Sgk1"
"GO:2000107","negative regulation of leukocyte apoptotic process",80,3,0.00222364897684013,0.0416401622286136,"Mertk,Tsc22d3,Bcl2l1"
"GO:0110053","regulation of actin filament organization",283,5,0.00224277430143468,0.0416401622286136,"Arhgef10,Plekhg2,Gsn,Rapgef3,Tmod2"
"GO:0051248","negative regulation of protein metabolic process",561,7,0.00224435909956438,0.0416401622286136,"Per2,Ldlr,Mapk8ip1,Abca7,Arrb2,Fmn2,Anks1"
"GO:0050890","cognition",415,6,0.00225393375920884,0.0416401622286136,"Atp8a1,Ldlr,Rapgef3,Abca7,Tmod2,Sgk1"
"GO:0033490","cholesterol biosynthetic process via lathosterol",22,2,0.00227736244144857,0.0416401622286136,"Fdps,Hmgcs1"
"GO:0035461","vitamin transmembrane transport",22,2,0.00227736244144857,0.0416401622286136,"Slc27a1,Abcc5"
"GO:1905709","negative regulation of membrane permeability",22,2,0.00227736244144857,0.0416401622286136,"Bcl2l2,Bcl2l1"
"GO:0007154","cell communication",7834,38,0.00229296047514392,0.0416401622286136,"Dusp15,Otud7b,Slc27a1,Per2,Mertk,Plekha4,Mt2,Arhgef10,Pabpn1,Ctnnal1,Per1,Cldn19,Adamts20,Brsk2,Gsn,Sema6c,Mapk8ip1,Fbxl2,Mt1,Rapgef3,Tead3,Bcl2l2,Itgb4,Tnfsf12,Rap1gap,Abca7,Tmod2,Sgk1,Tns2,Arrb2,Myo9a,Palm,Rhot1,Wsb1,Bcl2l1,Ddx5,Anks1,Gjc3"
"GO:0010324","membrane invagination",82,3,0.00238580857070135,0.0429824242499371,"Gsn,Abca7,Clcn2"
"GO:0016125","sterol metabolic process",174,4,0.00245052507632663,0.0438007238052082,"Fdps,Hmgcs1,Ldlr,Cyb5r2"
"GO:1901698","response to nitrogen compound",1271,11,0.00252467537712894,0.044773539891271,"Slc27a1,Per1,Hmgcs1,Brsk2,Ldlr,Lta4h,Rapgef3,Sgk1,Tns2,Palm,Bcl2l1"
"GO:1902904","negative regulation of supramolecular fiber organization",178,4,0.00265990606969781,0.0468060990559227,"Ldlr,Gsn,Tmod2,Sgk1"
"GO:0051149","positive regulation of muscle cell differentiation",86,3,0.00273167728374989,0.0472424557752269,"Fdps,Arrb2,Atp11a"
"GO:0010866","regulation of triglyceride biosynthetic process",25,2,0.00293912120168596,0.0472424557752269,"Slc27a1,Ldlr"
"GO:0016114","terpenoid biosynthetic process",25,2,0.00293912120168596,0.0472424557752269,"Fdps,Hmgcs1"
"GO:0043153","entrainment of circadian clock by photoperiod",25,2,0.00293912120168596,0.0472424557752269,"Per2,Per1"
"GO:0051960","regulation of nervous system development",593,7,0.0030544714331627,0.0472424557752269,"Per2,Ldlr,Sema6c,Sgk1,Clcn2,Arrb2,Aspa"
"GO:0009719","response to endogenous stimulus",1706,13,0.00310635108966179,0.0472424557752269,"Slc27a1,Etnppl,Plk5,Per1,Hmgcs1,Ldlr,Lta4h,Ncf2,Rap1gap,Sgk1,Tns2,Arrb2,Ddx5"
"GO:0090066","regulation of anatomical structure size",598,7,0.00319902745482602,0.0472424557752269,"Per2,Snta1,Plekhg2,Gsn,Sema6c,Rapgef3,Tmod2"
"GO:0050766","positive regulation of phagocytosis",91,3,0.00320547336310046,0.0472424557752269,"Mertk,Rap1gap,Abca7"
"GO:0048584","positive regulation of response to stimulus",2578,17,0.00321307575365256,0.0472424557752269,"Fus,Dusp15,Otud7b,Mertk,Plekha4,Arhgef10,Adamts20,Ldlr,Gsn,Mapk8ip1,Fbxl2,Tnfsf12,Abca7,Tmod2,Arrb2,Fmn2,Ddx5"
"GO:0003116","regulation of vasoconstriction by norepinephrine",1,1,0.00322580645161241,0.0472424557752269,"Snta1"
"GO:0003117","regulation of vasoconstriction by circulating norepinephrine",1,1,0.00322580645161241,0.0472424557752269,"Snta1"
"GO:0019317","fucose catabolic process",1,1,0.00322580645161241,0.0472424557752269,"Hsd17b14"
"GO:0042355","L-fucose catabolic process",1,1,0.00322580645161241,0.0472424557752269,"Hsd17b14"
"GO:0044858","plasma membrane raft polarization",1,1,0.00322580645161241,0.0472424557752269,"Gsn"
"GO:0051758","homologous chromosome movement towards spindle pole in meiosis I anaphase",1,1,0.00322580645161241,0.0472424557752269,"Fmn2"
"GO:0070731","cGMP transport",1,1,0.00322580645161241,0.0472424557752269,"Abcc5"
"GO:0071247","cellular response to chromate",1,1,0.00322580645161241,0.0472424557752269,"Mt1"
"GO:0170064","lysosome fission",1,1,0.00322580645161241,0.0472424557752269,"Mroh1"
"GO:1903697","negative regulation of microvillus assembly",1,1,0.00322580645161241,0.0472424557752269,"Rap1gap"
"GO:1903906","regulation of plasma membrane raft polarization",1,1,0.00322580645161241,0.0472424557752269,"Gsn"
"GO:1904247","positive regulation of polynucleotide adenylyltransferase activity",1,1,0.00322580645161241,0.0472424557752269,"Pabpn1"
"GO:1904441","regulation of thyroid gland epithelial cell proliferation",1,1,0.00322580645161241,0.0472424557752269,"Rap1gap"
"GO:1904442","negative regulation of thyroid gland epithelial cell proliferation",1,1,0.00322580645161241,0.0472424557752269,"Rap1gap"
"GO:1905372","ceramide phosphoethanolamine catabolic process",1,1,0.00322580645161241,0.0472424557752269,"Etnppl"
"GO:1990789","thyroid gland epithelial cell proliferation",1,1,0.00322580645161241,0.0472424557752269,"Rap1gap"
"GO:2000475","negative regulation of opioid receptor signaling pathway",1,1,0.00322580645161241,0.0472424557752269,"Arrb2"
"GO:0009649","entrainment of circadian clock",27,2,0.00342443150555772,0.049204236206669,"Per2,Per1"
"GO:0097284","hepatocyte apoptotic process",27,2,0.00342443150555772,0.049204236206669,"Gsn,Bcl2l1"
"GO:0006694","steroid biosynthetic process",191,4,0.00342478824698401,0.049204236206669,"Fdps,Hmgcs1,Clcn2,Cyb5r2"
"GO:0009967","positive regulation of signal transduction",1733,13,0.00355325471026663,0.0507288565553789,"Dusp15,Otud7b,Mertk,Plekha4,Arhgef10,Adamts20,Gsn,Mapk8ip1,Tnfsf12,Abca7,Tmod2,Arrb2,Ddx5"
"GO:0006839","mitochondrial transport",95,3,0.0036186247142661,0.0510203608781618,"Bcl2l2,Rhot1,Bcl2l1"
"GO:0043242","negative regulation of protein-containing complex disassembly",95,3,0.0036186247142661,0.0510203608781618,"Per2,Gsn,Tmod2"
"GO:0007165","signal transduction",7185,35,0.00364921125195573,0.0511340095181451,"Dusp15,Otud7b,Slc27a1,Mertk,Plekha4,Mt2,Arhgef10,Pabpn1,Ctnnal1,Per1,Adamts20,Brsk2,Gsn,Sema6c,Mapk8ip1,Fbxl2,Mt1,Rapgef3,Tead3,Bcl2l2,Itgb4,Tnfsf12,Rap1gap,Abca7,Tmod2,Sgk1,Tns2,Arrb2,Myo9a,Palm,Rhot1,Wsb1,Bcl2l1,Ddx5,Anks1"
"GO:0007263","nitric oxide mediated signal transduction",28,2,0.00368015453508671,0.051251231868999,"Mt2,Mt1"
"GO:0014015","positive regulation of gliogenesis",96,3,0.00372674680958349,0.0515836296204544,"Clcn2,Arrb2,Aspa"
"GO:0008154","actin polymerization or depolymerization",196,4,0.0037550303589805,0.0516601146356712,"Mical2,Plekhg2,Gsn,Tmod2"
"GO:0019222","regulation of metabolic process",6656,33,0.00383794942174713,0.0523628337466097,"Fus,Dusp15,Otud7b,Slc27a1,Per2,Mertk,Pabpn1,Per1,Cldn19,Fdps,Tra2a,Mical2,Clk1,Ddn,Tsc22d3,Ldlr,Gsn,Ncf2,Mapk8ip1,Fbxl2,Rapgef3,Tead3,Tnfsf12,Abca7,Sgf29,Zcchc7,Clcn2,Arrb2,Fmn2,Eid1,Bcl2l1,Ddx5,Anks1"
"GO:0051649","establishment of localization in cell",2180,15,0.0038941048274343,0.0523628337466097,"Per2,Mertk,Pabpn1,Atp8a1,Bicd2,Brsk2,Kifc2,Ldlr,Rapgef3,Bcl2l2,Rap1gap,Fmn2,Rhot1,Bcl2l1,Ddx5"
"GO:0009056","catabolic process",2857,18,0.00391012726711773,0.0523628337466097,"Fus,Otud7b,Etnppl,Brsk2,Ldlr,Lta4h,Ncf2,Fbxl2,Itgb4,Tnfsf12,Abca7,Pcyox1l,Zcchc7,Hsd17b14,Arrb2,Fmn2,Ddx5,Anks1"
"GO:0009648","photoperiodism",29,2,0.00394451302672698,0.0523628337466097,"Per2,Per1"
"GO:0031579","membrane raft organization",29,2,0.00394451302672698,0.0523628337466097,"Gsn,Abca7"
"GO:1904037","positive regulation of epithelial cell apoptotic process",29,2,0.00394451302672698,0.0523628337466097,"Gsn,Arrb2"
"GO:0006869","lipid transport",468,6,0.0040690693452768,0.053702252405688,"Slc27a1,Etnppl,Atp8a1,Ldlr,Abca7,Atp11a"
"GO:0006882","intracellular zinc ion homeostasis",30,2,0.00421744997765009,0.0550207554555501,"Mt2,Mt1"
"GO:0090208","positive regulation of triglyceride metabolic process",30,2,0.00421744997765009,0.0550207554555501,"Slc27a1,Ldlr"
"GO:0090559","regulation of membrane permeability",102,3,0.00441692437399693,0.0572938190227031,"Bcl2l2,Rhot1,Bcl2l1"
"GO:0033036","macromolecule localization",3143,19,0.004712827506494,0.0604490228365449,"Otud7b,Slc27a1,Etnppl,Per2,Pabpn1,Atp8a1,Bicd2,Brsk2,Ldlr,Gsn,Rapgef3,Abca7,Sgk1,Arrb2,Palm,Fmn2,Bcl2l1,Ddx5,Atp11a"
"GO:0032271","regulation of protein polymerization",209,4,0.00471342600972178,0.0604490228365449,"Plekhg2,Gsn,Tmod2,Sgk1"
"GO:0097345","mitochondrial outer membrane permeabilization",32,2,0.00478883259573082,0.0607335359066609,"Rhot1,Bcl2l1"
"GO:0043124","negative regulation of canonical NF-kappaB signal transduction",105,3,0.00478912023228736,0.0607335359066609,"Otud7b,Per1,Arrb2"
"GO:0097193","intrinsic apoptotic signaling pathway",340,5,0.00489908297761001,0.0617828797731929,"Brsk2,Mapk8ip1,Bcl2l2,Bcl2l1,Ddx5"
"GO:0007612","learning",212,4,0.0049558709666469,0.0621208348503209,"Atp8a1,Rapgef3,Abca7,Sgk1"
"GO:0051641","cellular localization",2691,17,0.00498061319064247,0.0621208348503209,"Per2,Mertk,Pabpn1,Atp8a1,Bicd2,Brsk2,Kifc2,Ldlr,Gsn,Rapgef3,Bcl2l2,Rap1gap,Palm,Fmn2,Rhot1,Bcl2l1,Ddx5"
"GO:0046688","response to copper ion",33,2,0.00508716560358903,0.0629267135951612,"Mt2,Mt1"
"GO:0045595","regulation of cell differentiation",1809,13,0.00510066753370469,0.0629267135951612,"Dusp15,Per2,Fdps,Adamts20,Ldlr,Sema6c,Rap1gap,Sgk1,Clcn2,Arrb2,Aspa,Ddx5,Atp11a"
"GO:0010876","lipid localization",493,6,0.00522749672196633,0.0641427976154787,"Slc27a1,Etnppl,Atp8a1,Ldlr,Abca7,Atp11a"
"GO:0051153","regulation of striated muscle cell differentiation",109,3,0.005314084358959,0.0644423340647499,"Fdps,Arrb2,Atp11a"
"GO:0022011","myelination in peripheral nervous system",34,2,0.00539385174991299,0.0644423340647499,"Arhgef10,Itgb4"
"GO:0032292","peripheral nervous system axon ensheathment",34,2,0.00539385174991299,0.0644423340647499,"Arhgef10,Itgb4"
"GO:0048714","positive regulation of oligodendrocyte differentiation",34,2,0.00539385174991299,0.0644423340647499,"Clcn2,Aspa"
"GO:0071404","cellular response to low-density lipoprotein particle stimulus",34,2,0.00539385174991299,0.0644423340647499,"Hmgcs1,Ldlr"
"GO:0006721","terpenoid metabolic process",110,3,0.00545051237585416,0.0647783408020364,"Fdps,Hmgcs1,Ldlr"
"GO:0098739","import across plasma membrane",220,4,0.005643051727303,0.0661017078498216,"Slc27a1,Per2,Rapgef3,Slc9a9"
"GO:0055094","response to lipoprotein particle",35,2,0.00570883537157677,0.0661017078498216,"Hmgcs1,Ldlr"
"GO:1904019","epithelial cell apoptotic process",112,3,0.00572965468098989,0.0661017078498216,"Gsn,Arrb2,Bcl2l1"
"GO:1902110","positive regulation of mitochondrial membrane permeability involved in apoptotic process",36,2,0.00603206107008228,0.0661017078498216,"Rhot1,Bcl2l1"
"GO:0071383","cellular response to steroid hormone stimulus",225,4,0.00610336279726809,0.0661017078498216,"Etnppl,Per1,Sgk1,Ddx5"
"GO:1902531","regulation of intracellular signal transduction",2070,14,0.00619571890565898,0.0661017078498216,"Dusp15,Otud7b,Mertk,Arhgef10,Per1,Gsn,Mapk8ip1,Fbxl2,Rapgef3,Rap1gap,Abca7,Arrb2,Bcl2l1,Ddx5"
"GO:0046329","negative regulation of JNK cascade",37,2,0.00636347371046477,0.0661017078498216,"Per1,Mapk8ip1"
"GO:0007006","mitochondrial membrane organization",117,3,0.00646457230954202,0.0661017078498216,"Bcl2l2,Rhot1,Bcl2l1"
"GO:0030100","regulation of endocytosis",365,5,0.0065774083510989,0.0669538876995269,"Mertk,Rap1gap,Abca7,Arrb2,Bcl2l1"
"GO:0032879","regulation of localization",2311,15,0.00665983538065458,0.0673267779374337,"Otud7b,Per2,Mertk,Snta1,Per1,Atp8a1,Cldn19,Brsk2,Gsn,Rapgef3,Rap1gap,Abca7,Sgk1,Arrb2,Bcl2l1"
"GO:0006996","organelle organization",3735,21,0.00669628261560045,0.0673267779374337,"Fus,Plk5,Arhgef10,Cldn19,Mical2,Bicd2,Plekhg2,Brsk2,Gsn,Rapgef3,Mroh1,Bcl2l2,Tmod2,Sgk1,Arrb2,Myo9a,Palm,Fmn2,Rhot1,Bcl2l1,Slc9a9"
"GO:1902686","mitochondrial outer membrane permeabilization involved in programmed cell death",38,2,0.00670301842020265,0.0673267779374337,"Rhot1,Bcl2l1"
"GO:0032956","regulation of actin cytoskeleton organization",368,5,0.0068028136154174,0.068028136154174,"Arhgef10,Plekhg2,Gsn,Rapgef3,Tmod2"
"GO:2000106","regulation of leukocyte apoptotic process",120,3,0.00693125681814486,0.0690085656894247,"Mertk,Tsc22d3,Bcl2l1"
"GO:0008299","isoprenoid biosynthetic process",39,2,0.00705064058813133,0.0696964662472039,"Fdps,Hmgcs1"
"GO:0051049","regulation of transport",1882,13,0.00706175649200744,0.0696964662472039,"Per2,Mertk,Snta1,Per1,Atp8a1,Cldn19,Brsk2,Rapgef3,Rap1gap,Abca7,Sgk1,Arrb2,Bcl2l1"
"GO:0009057","macromolecule catabolic process",1671,12,0.00718279713337866,0.0705841969383964,"Fus,Otud7b,Brsk2,Ldlr,Fbxl2,Tnfsf12,Pcyox1l,Zcchc7,Arrb2,Fmn2,Ddx5,Anks1"
"GO:0043277","apoptotic cell clearance",40,2,0.00740628586336133,0.0719756506969366,"Mertk,Abca7"
"GO:0046890","regulation of lipid biosynthetic process",238,4,0.00741559989931594,0.0719756506969366,"Slc27a1,Fdps,Ldlr,Clcn2"
"GO:0010647","positive regulation of cell communication",2115,14,0.00745122375056392,0.0719756506969366,"Dusp15,Otud7b,Mertk,Plekha4,Arhgef10,Adamts20,Gsn,Mapk8ip1,Tnfsf12,Abca7,Tmod2,Arrb2,Bcl2l1,Ddx5"
"GO:0023056","positive regulation of signaling",2115,14,0.00745122375056392,0.0719756506969366,"Dusp15,Otud7b,Mertk,Plekha4,Arhgef10,Adamts20,Gsn,Mapk8ip1,Tnfsf12,Abca7,Tmod2,Arrb2,Bcl2l1,Ddx5"
"GO:0050764","regulation of phagocytosis",124,3,0.00758394617771032,0.0729472789127221,"Mertk,Rap1gap,Abca7"
"GO:0010605","negative regulation of macromolecule metabolic process",3052,18,0.00776630818255509,0.0736485099053726,"Fus,Dusp15,Otud7b,Per2,Mertk,Per1,Cldn19,Tsc22d3,Ldlr,Mapk8ip1,Abca7,Sgf29,Zcchc7,Arrb2,Fmn2,Eid1,Ddx5,Anks1"
"GO:0035794","positive regulation of mitochondrial membrane permeability",41,2,0.00776990015420044,0.0736485099053726,"Rhot1,Bcl2l1"
"GO:0097242","amyloid-beta clearance",41,2,0.00776990015420044,0.0736485099053726,"Ldlr,Abca7"
"GO:0019538","protein metabolic process",4035,22,0.00778662659792486,0.0736485099053726,"Fus,Otud7b,Per2,Tmtc1,Galnt16,Dnajc7,Adamts20,Brsk2,Ldlr,Gsn,Lta4h,Mapk8ip1,Fbxl2,Tnfsf12,Abca7,Tns2,Pcyox1l,Arrb2,Fmn2,Wsb1,Chpf2,Anks1"
"GO:0009892","negative regulation of metabolic process",3295,19,0.0078201163023564,0.0736583568728175,"Fus,Dusp15,Otud7b,Per2,Mertk,Per1,Cldn19,Tsc22d3,Ldlr,Mapk8ip1,Rapgef3,Abca7,Sgf29,Zcchc7,Arrb2,Fmn2,Eid1,Ddx5,Anks1"
"GO:0006720","isoprenoid metabolic process",127,3,0.00809654038739513,0.0759468871049047,"Fdps,Hmgcs1,Ldlr"
"GO:0051693","actin filament capping",42,2,0.00814142962707999,0.0760536841706649,"Gsn,Tmod2"
"GO:0006629","lipid metabolic process",1493,11,0.00836725043657669,0.077842862668152,"Slc27a1,Etnppl,Per2,Fdps,Hmgcs1,Ldlr,Cerk,Abca7,Clcn2,Hsd17b14,Cyb5r2"
"GO:0071402","cellular response to lipoprotein particle stimulus",43,2,0.00852082070548532,0.0786270853717548,"Hmgcs1,Ldlr"
"GO:1902108","regulation of mitochondrial membrane permeability involved in apoptotic process",43,2,0.00852082070548532,0.0786270853717548,"Rhot1,Bcl2l1"
"GO:0019218","regulation of steroid metabolic process",130,3,0.00862911168111379,0.0793039818466733,"Fdps,Ldlr,Clcn2"
"GO:0080135","regulation of cellular response to stress",550,6,0.0087523639032164,0.0793398651600068,"Fus,Abca7,Sgf29,Fmn2,Bcl2l1,Ddx5"
"GO:0046889","positive regulation of lipid biosynthetic process",131,3,0.00881110369756005,0.0793398651600068,"Slc27a1,Fdps,Ldlr"
"GO:1900744","regulation of p38MAPK cascade",44,2,0.00890802006889021,0.0793398651600068,"Per1,Gsn"
"GO:0007616","long-term memory",45,2,0.00930297465169544,0.0793398651600068,"Ldlr,Sgk1"
"GO:0019216","regulation of lipid metabolic process",399,5,0.00945811121693929,0.0793398651600068,"Slc27a1,Fdps,Ldlr,Abca7,Clcn2"
"GO:0048709","oligodendrocyte differentiation",135,3,0.00956156873060827,0.0793398651600068,"Dusp15,Clcn2,Aspa"
"GO:0006974","DNA damage response",921,8,0.00969278994759254,0.0794318887401988,"Fus,Plk5,Bcl2l2,Sgk1,Sgf29,Fmn2,Bcl2l1,Ddx5"
"GO:0032870","cellular response to hormone stimulus",741,7,0.010016352215375,0.0814007009304226,"Slc27a1,Etnppl,Per1,Ncf2,Sgk1,Tns2,Ddx5"
"GO:2001234","negative regulation of apoptotic signaling pathway",260,4,0.0100373838102811,0.0814007009304226,"Mapk8ip1,Bcl2l2,Arrb2,Bcl2l1"
"GO:0010613","positive regulation of cardiac muscle hypertrophy",47,2,0.0101159384814049,0.0814007009304226,"Fdps,Gsn"
"GO:0032535","regulation of cellular component size",406,5,0.0101442120867456,0.0814007009304226,"Plekhg2,Gsn,Sema6c,Rapgef3,Tmod2"
"GO:0006493","protein O-linked glycosylation",138,3,0.0101481931115901,0.0814007009304226,"Tmtc1,Galnt16,Chpf2"
"GO:0032963","collagen metabolic process",138,3,0.0101481931115901,0.0814007009304226,"Rapgef3,Tns2,Arrb2"
"GO:0044087","regulation of cellular component biogenesis",1128,9,0.0104229821318365,0.0828720878568135,"Arhgef10,Plekhg2,Gsn,Fbxl2,Rapgef3,Rap1gap,Tmod2,Sgk1,Palm"
"GO:0009889","regulation of biosynthetic process",5711,28,0.0104516098388542,0.0828720878568135,"Fus,Dusp15,Otud7b,Slc27a1,Per2,Mertk,Per1,Cldn19,Fdps,Tra2a,Mical2,Clk1,Ddn,Tsc22d3,Ldlr,Gsn,Ncf2,Mapk8ip1,Rapgef3,Tead3,Abca7,Sgf29,Zcchc7,Clcn2,Arrb2,Eid1,Bcl2l1,Ddx5"
"GO:0014044","Schwann cell development",48,2,0.0105338428622494,0.0828720878568135,"Arhgef10,Itgb4"
"GO:0014742","positive regulation of muscle hypertrophy",48,2,0.0105338428622494,0.0828720878568135,"Fdps,Gsn"
"GO:0030835","negative regulation of actin filament depolymerization",48,2,0.0105338428622494,0.0828720878568135,"Gsn,Tmod2"
"GO:0008306","associative learning",140,3,0.0105506755024754,0.0828720878568135,"Rapgef3,Abca7,Sgk1"
"GO:0006814","sodium ion transport",266,4,0.0108443696194483,0.0843541444226021,"Snta1,Per1,Sgk1,Slc9a9"
"GO:0010959","regulation of metal ion transport",413,5,0.010863841951242,0.0843541444226021,"Snta1,Per1,Rapgef3,Sgk1,Arrb2"
"GO:0030001","metal ion transport",941,8,0.010939104023253,0.0843541444226021,"Snta1,Per1,Abcc5,Rapgef3,Sgk1,Slc22a17,Arrb2,Slc9a9"
"GO:0019432","triglyceride biosynthetic process",49,2,0.0109592927282802,0.0843541444226021,"Slc27a1,Ldlr"
"GO:1903573","negative regulation of response to endoplasmic reticulum stress",49,2,0.0109592927282802,0.0843541444226021,"Abca7,Bcl2l1"
"GO:0043244","regulation of protein-containing complex disassembly",142,3,0.0109623227333338,0.0843541444226021,"Per2,Gsn,Tmod2"
"GO:0030833","regulation of actin filament polymerization",144,3,0.0113831714588668,0.0867797863729845,"Plekhg2,Gsn,Tmod2"
"GO:0045745","positive regulation of G protein-coupled receptor signaling pathway",50,2,0.011392236272753,0.0867797863729845,"Tmod2,Arrb2"
"GO:0070293","renal absorption",50,2,0.011392236272753,0.0867797863729845,"Cldn19,Gsn"
"GO:0032970","regulation of actin filament-based process",421,5,0.0117282851621248,0.0890408271505797,"Arhgef10,Plekhg2,Gsn,Rapgef3,Tmod2"
"GO:0009891","positive regulation of biosynthetic process",2942,17,0.011852568292989,0.0896844334169505,"Fus,Slc27a1,Per2,Per1,Cldn19,Fdps,Tra2a,Mical2,Ddn,Ldlr,Gsn,Rapgef3,Tead3,Sgf29,Arrb2,Bcl2l1,Ddx5"
"GO:0021782","glial cell development",150,3,0.0127012652190451,0.0913811630021008,"Arhgef10,Ldlr,Itgb4"
"GO:0042592","homeostatic process",2027,13,0.0127249899708163,0.0913811630021008,"Slc27a1,Etnppl,Per2,Mertk,Mt2,Tsc22d3,Brsk2,Ldlr,Mt1,Sgk1,Tns2,Rhot1,Slc9a9"
"GO:0051180","vitamin transport",53,2,0.0127355146328281,0.0913811630021008,"Slc27a1,Abcc5"
"GO:1901700","response to oxygen-containing compound",2039,13,0.013318440847789,0.0941257700120919,"Slc27a1,Pabpn1,Per1,Brsk2,Ldlr,Lta4h,Ncf2,Mt1,Rapgef3,Sgk1,Tns2,Palm,Bcl2l1"
"GO:0050684","regulation of mRNA processing",153,3,0.0133917488320711,0.0941257700120919,"Pabpn1,Tra2a,Ddx5"
"GO:0071887","leukocyte apoptotic process",153,3,0.0133917488320711,0.0941257700120919,"Mertk,Tsc22d3,Bcl2l1"
"GO:0071495","cellular response to endogenous stimulus",1383,10,0.0133932263056853,0.0941257700120919,"Slc27a1,Etnppl,Plk5,Per1,Ncf2,Rap1gap,Sgk1,Tns2,Arrb2,Ddx5"
"GO:0009101","glycoprotein biosynthetic process",284,4,0.0135134321221126,0.0946774411024556,"Tmtc1,Galnt16,Abca7,Chpf2"
"GO:0014037","Schwann cell differentiation",55,2,0.0136675632829454,0.0951698424916752,"Arhgef10,Itgb4"
"GO:0090207","regulation of triglyceride metabolic process",55,2,0.0136675632829454,0.0951698424916752,"Slc27a1,Ldlr"
"GO:0046165","alcohol biosynthetic process",156,3,0.0141033153466948,0.0978895616308326,"Fdps,Hmgcs1,Clcn2"
"GO:0009395","phospholipid catabolic process",56,2,0.0141443948083318,0.0978895616308326,"Etnppl,Ldlr"
"GO:0009888","tissue development",2289,14,0.0143486818170562,0.0987156040933724,"Cldn19,Fdps,Mical2,Tsc22d3,Brsk2,Lta4h,Sema6c,Rapgef3,Itgb4,Megf9,Clcn2,Arrb2,Myo9a,Ddx5"
"GO:1901137","carbohydrate derivative biosynthetic process",613,6,0.0143507265862612,0.0987156040933724,"Tmtc1,Galnt16,Abcc5,Abca7,Bcl2l1,Chpf2"
"GO:0034976","response to endoplasmic reticulum stress",290,4,0.014488122180125,0.0993596294528211,"Brsk2,Abca7,Sgf29,Bcl2l1"
"GO:0031344","regulation of cell projection organization",798,7,0.0145763969487201,0.0996639188963695,"Plk5,Brsk2,Sema6c,Rap1gap,Sgk1,Myo9a,Palm"
"GO:0030834","regulation of actin filament depolymerization",57,2,0.0146283642693613,0.0997188795539041,"Gsn,Tmod2"
"GO:2001233","regulation of apoptotic signaling pathway",446,5,0.0147299388819729,0.100110662461313,"Mapk8ip1,Bcl2l2,Tnfsf12,Arrb2,Bcl2l1"
"GO:0045687","positive regulation of glial cell differentiation",58,2,0.0151194218197199,0.101918721068473,"Clcn2,Aspa"
"GO:0051496","positive regulation of stress fiber assembly",58,2,0.0151194218197199,0.101918721068473,"Arhgef10,Rapgef3"
"GO:1902532","negative regulation of intracellular signal transduction",804,7,0.0151306647577425,0.101918721068473,"Otud7b,Per1,Mapk8ip1,Fbxl2,Abca7,Arrb2,Bcl2l1"
"GO:0032965","regulation of collagen biosynthetic process",59,2,0.0156175178535797,0.102516271205699,"Rapgef3,Arrb2"
"GO:0046460","neutral lipid biosynthetic process",59,2,0.0156175178535797,0.102516271205699,"Slc27a1,Ldlr"
"GO:0046463","acylglycerol biosynthetic process",59,2,0.0156175178535797,0.102516271205699,"Slc27a1,Ldlr"
"GO:0051258","protein polymerization",298,4,0.0158555874425656,0.102516271205699,"Plekhg2,Gsn,Tmod2,Sgk1"
"GO:0000122","negative regulation of transcription by RNA polymerase II",1009,8,0.0160773436352756,0.102516271205699,"Dusp15,Otud7b,Per2,Per1,Tsc22d3,Sgf29,Eid1,Ddx5"
"GO:0008064","regulation of actin polymerization or depolymerization",164,3,0.0161045012567259,0.102516271205699,"Plekhg2,Gsn,Tmod2"
"GO:0008277","regulation of G protein-coupled receptor signaling pathway",164,3,0.0161045012567259,0.102516271205699,"Tmod2,Arrb2,Palm"
"GO:0090181","regulation of cholesterol metabolic process",60,2,0.0161226030045967,0.102516271205699,"Fdps,Ldlr"
"GO:0008203","cholesterol metabolic process",165,3,0.0163652985122746,0.103192298952398,"Fdps,Hmgcs1,Ldlr"
"GO:0014074","response to purine-containing compound",165,3,0.0163652985122746,0.103192298952398,"Per1,Hmgcs1,Rapgef3"
"GO:1905039","carboxylic acid transmembrane transport",165,3,0.0163652985122746,0.103192298952398,"Slc27a1,Per2,Abcc5"
"GO:0023057","negative regulation of signaling",1648,11,0.0166101483890304,0.104023707683062,"Otud7b,Per1,Ldlr,Mapk8ip1,Fbxl2,Bcl2l2,Abca7,Tns2,Arrb2,Palm,Bcl2l1"
"GO:0031400","negative regulation of protein modification process",166,3,0.0166284696133687,0.104023707683062,"Per2,Mapk8ip1,Arrb2"
"GO:0002931","response to ischemia",61,2,0.0166346281449125,0.104023707683062,"Per2,Bcl2l1"
"GO:0030832","regulation of actin filament length",167,3,0.0168940165067913,0.105106248461668,"Plekhg2,Gsn,Tmod2"
"GO:0022411","cellular component disassembly",462,5,0.0169003439156426,0.105106248461668,"Per2,Mical2,Gsn,Tmod2,Sgk1"
"GO:1902533","positive regulation of intracellular signal transduction",1225,9,0.0170766813847535,0.105723014179411,"Dusp15,Otud7b,Mertk,Arhgef10,Gsn,Mapk8ip1,Abca7,Arrb2,Ddx5"
"GO:0045010","actin nucleation",62,2,0.0171535443841598,0.105723014179411,"Gsn,Fmn2"
"GO:0030041","actin filament polymerization",168,3,0.0171619410421365,0.105723014179411,"Plekhg2,Gsn,Tmod2"
"GO:0043254","regulation of protein-containing complex assembly",464,5,0.0171858115560364,0.105723014179411,"Plekhg2,Gsn,Fbxl2,Tmod2,Sgk1"
"GO:1903825","organic acid transmembrane transport",169,3,0.017432244972581,0.106949178615565,"Slc27a1,Per2,Abcc5"
"GO:0030163","protein catabolic process",1232,9,0.0176554131569548,0.107748501338686,"Otud7b,Brsk2,Ldlr,Fbxl2,Tnfsf12,Pcyox1l,Arrb2,Fmn2,Anks1"
"GO:0001738","morphogenesis of a polarized epithelium",63,2,0.017679303068472,0.107748501338686,"Brsk2,Myo9a"
"GO:0051147","regulation of muscle cell differentiation",170,3,0.0177049299556519,0.107748501338686,"Fdps,Arrb2,Atp11a"
"GO:0000165","MAPK cascade",832,7,0.0179182687521293,0.108425091548581,"Dusp15,Pabpn1,Per1,Gsn,Mapk8ip1,Abca7,Arrb2"
"GO:0046660","female sex differentiation",171,3,0.0179799975539897,0.108425091548581,"Mertk,Arrb2,Bcl2l1"
"GO:0009890","negative regulation of biosynthetic process",2834,16,0.0179936794302515,0.108425091548581,"Fus,Dusp15,Otud7b,Per2,Mertk,Per1,Cldn19,Tsc22d3,Ldlr,Rapgef3,Abca7,Sgf29,Zcchc7,Arrb2,Eid1,Ddx5"
"GO:0045935","positive regulation of nucleobase-containing compound metabolic process",2124,13,0.0181614577135938,0.108425091548581,"Fus,Per2,Per1,Tra2a,Mical2,Ddn,Rapgef3,Tead3,Sgf29,Arrb2,Fmn2,Bcl2l1,Ddx5"
"GO:0030837","negative regulation of actin filament polymerization",64,2,0.0182118557794962,0.108425091548581,"Gsn,Tmod2"
"GO:0031648","protein destabilization",64,2,0.0182118557794962,0.108425091548581,"Gsn,Serf2"
"GO:0030010","establishment of cell polarity",172,3,0.0182574492361067,0.108425091548581,"Brsk2,Gsn,Myo9a"
"GO:0046907","intracellular transport",1455,10,0.0184789740109662,0.108425091548581,"Pabpn1,Bicd2,Kifc2,Ldlr,Rapgef3,Bcl2l2,Fmn2,Rhot1,Bcl2l1,Ddx5"
"GO:0051301","cell division",650,6,0.0186092266995202,0.108425091548581,"Plk5,Brsk2,Tead3,Sgf29,Fmn2,Bcl2l1"
"GO:0043409","negative regulation of MAPK cascade",175,3,0.019104122074157,0.108425091548581,"Per1,Mapk8ip1,Abca7"
"GO:0016477","cell migration",1685,11,0.0192689285330644,0.108427060075421,"Mertk,Atp8a1,Cldn19,Sema6c,Rapgef3,Itgb4,Megf9,S100a7a,Arrb2,Fmn2,Anks1"
"GO:0050435","amyloid-beta metabolic process",66,2,0.0192971507799427,0.108427060075421,"Ldlr,Abca7"
"GO:0009314","response to radiation",479,5,0.0194296229092659,0.108901837046997,"Per2,Per1,Abca7,Sgk1,Bcl2l1"
"GO:0043065","positive regulation of apoptotic process",658,6,0.0196329062247921,0.109770189976054,"Gsn,Ncf2,Bcl2l2,Tnfsf12,Arrb2,Bcl2l1"
"GO:0048585","negative regulation of response to stimulus",1918,12,0.0198027535186779,0.109900097807746,"Otud7b,Per1,Ldlr,Mapk8ip1,Fbxl2,Bcl2l2,Abca7,Sgf29,Tns2,Arrb2,Palm,Bcl2l1"
"GO:0051050","positive regulation of transport",1049,8,0.0198182190396141,0.109900097807746,"Mertk,Atp8a1,Rapgef3,Rap1gap,Abca7,Sgk1,Arrb2,Bcl2l1"
"GO:0010712","regulation of collagen metabolic process",67,2,0.019849797401399,0.109900097807746,"Rapgef3,Arrb2"
"GO:1902930","regulation of alcohol biosynthetic process",67,2,0.019849797401399,0.109900097807746,"Fdps,Clcn2"
"GO:1902652","secondary alcohol metabolic process",178,3,0.0199722956540084,0.110309272833575,"Fdps,Hmgcs1,Ldlr"
"GO:0051896","regulation of phosphatidylinositol 3-kinase/protein kinase B signal transduction",320,4,0.0200264544812264,0.11033993124365,"Mertk,Fbxl2,Rapgef3,Arrb2"
"GO:0032880","regulation of protein localization",1052,8,0.0201219492476968,0.110597638722208,"Otud7b,Per2,Brsk2,Gsn,Rapgef3,Abca7,Sgk1,Bcl2l1"
"GO:0051494","negative regulation of cytoskeleton organization",180,3,0.0205630354620387,0.112458945410942,"Gsn,Tmod2,Sgk1"
"GO:0050769","positive regulation of neurogenesis",324,4,0.0208508409062813,0.112458945410942,"Sgk1,Clcn2,Arrb2,Aspa"
"GO:0043269","regulation of monoatomic ion transport",488,5,0.0208645411792011,0.112458945410942,"Snta1,Per1,Rapgef3,Sgk1,Arrb2"
"GO:0006826","iron ion transport",69,2,0.0209748514553544,0.112458945410942,"Abcc5,Slc22a17"
"GO:0070059","intrinsic apoptotic signaling pathway in response to endoplasmic reticulum stress",69,2,0.0209748514553544,0.112458945410942,"Brsk2,Bcl2l1"
"GO:0009725","response to hormone",1062,8,0.0211585215806034,0.112458945410942,"Slc27a1,Etnppl,Per1,Lta4h,Ncf2,Sgk1,Tns2,Ddx5"
"GO:0051017","actin filament bundle assembly",182,3,0.0211633479341972,0.112458945410942,"Arhgef10,Rapgef3,Fmn2"
"GO:0006695","cholesterol biosynthetic process",70,2,0.0215471646066153,0.112458945410942,"Fdps,Hmgcs1"
"GO:0031397","negative regulation of protein ubiquitination",70,2,0.0215471646066153,0.112458945410942,"Per2,Arrb2"
"GO:0032233","positive regulation of actin filament bundle assembly",70,2,0.0215471646066153,0.112458945410942,"Arhgef10,Rapgef3"
"GO:0038066","p38MAPK cascade",70,2,0.0215471646066153,0.112458945410942,"Per1,Gsn"
"GO:0072348","sulfur compound transport",70,2,0.0215471646066153,0.112458945410942,"Slc27a1,Abcc5"
"GO:1902653","secondary alcohol biosynthetic process",70,2,0.0215471646066153,0.112458945410942,"Fdps,Hmgcs1"
"GO:0044238","primary metabolic process",11881,48,0.0216513752392261,0.112458945410942,"Fus,Dusp15,Otud7b,Slc27a1,Etnppl,Per2,Tmtc1,Galnt16,Pabpn1,Dnajc7,Per1,Fdps,Tra2a,Mical2,Clk1,Ddn,Tsc22d3,Hmgcs1,Adamts20,Brsk2,Ldlr,Gsn,Cerk,Lta4h,Ncf2,Mapk8ip1,Fbxl2,Rapgef3,Tead3,Tnfsf12,Abca7,Rsrp1,Sgf29,Tns2,Pcyox1l,Zcchc7,Clcn2,Hsd17b14,Arrb2,Aspa,Fmn2,Cyb5r2,Wsb1,Eid1,Bcl2l1,Ddx5,Chpf2,Anks1"
"GO:0007613","memory",184,3,0.0217732372719029,0.112458945410942,"Ldlr,Abca7,Sgk1"
"GO:0040008","regulation of growth",674,6,0.0217947465516305,0.112458945410942,"Mt2,Fdps,Sema6c,Mt1,Sgk1,Bcl2l1"
"GO:0045834","positive regulation of lipid metabolic process",185,3,0.0220817742042367,0.112458945410942,"Slc27a1,Fdps,Ldlr"
"GO:0061572","actin filament bundle organization",185,3,0.0220817742042367,0.112458945410942,"Arhgef10,Rapgef3,Fmn2"
"GO:0097479","synaptic vesicle localization",71,2,0.0221259393683982,0.112458945410942,"Kifc2,Bcl2l1"
"GO:0007017","microtubule-based process",1073,8,0.0223422663701458,0.112458945410942,"Plk5,Arhgef10,Bicd2,Brsk2,Kifc2,Sgk1,Fmn2,Rhot1"
"GO:1902905","positive regulation of supramolecular fiber organization",186,3,0.0223927063109012,0.112458945410942,"Arhgef10,Gsn,Rapgef3"
"GO:0032964","collagen biosynthetic process",72,2,0.022711129171385,0.113697042023261,"Rapgef3,Arrb2"
"GO:0009968","negative regulation of signal transduction",1505,10,0.0227730159277247,0.113697042023261,"Otud7b,Per1,Mapk8ip1,Fbxl2,Bcl2l2,Abca7,Tns2,Arrb2,Palm,Bcl2l1"
"GO:0043068","positive regulation of programmed cell death",681,6,0.0227894952073056,0.113697042023261,"Gsn,Ncf2,Bcl2l2,Tnfsf12,Arrb2,Bcl2l1"
"GO:0009893","positive regulation of metabolic process",3674,19,0.0232065686672487,0.115523927356698,"Fus,Slc27a1,Per2,Per1,Cldn19,Fdps,Tra2a,Mical2,Ddn,Ldlr,Gsn,Rapgef3,Tead3,Tnfsf12,Sgf29,Arrb2,Fmn2,Bcl2l1,Ddx5"
"GO:1905710","positive regulation of membrane permeability",73,2,0.0233026876730584,0.115748579907752,"Rhot1,Bcl2l1"
"GO:0043523","regulation of neuron apoptotic process",336,4,0.0234484387774413,0.116218244595615,"Ncf2,Mt1,Arrb2,Bcl2l1"
"GO:1903311","regulation of mRNA metabolic process",337,4,0.0236733975579156,0.11707758705113,"Fus,Pabpn1,Tra2a,Ddx5"
"GO:0007610","behavior",882,7,0.0237695902407048,0.117297760535652,"Atp8a1,Ldlr,Rapgef3,Abca7,Tmod2,Sgk1,Arrb2"
"GO:0010656","negative regulation of muscle cell apoptotic process",74,2,0.0239005687567525,0.117403725102247,"Rapgef3,Arrb2"
"GO:0032922","circadian regulation of gene expression",74,2,0.0239005687567525,0.117403725102247,"Per2,Per1"
"GO:0006811","monoatomic ion transport",1299,9,0.0239462223446433,0.117403725102247,"Snta1,Per1,Abcc5,Rapgef3,Sgk1,Slc22a17,Clcn2,Arrb2,Slc9a9"
"GO:0001508","action potential",194,3,0.0249663896475212,0.11774652964437,"Snta1,Cldn19,Clcn2"
"GO:0043410","positive regulation of MAPK cascade",512,5,0.0250257343362826,0.11774652964437,"Dusp15,Gsn,Mapk8ip1,Abca7,Arrb2"
"GO:0045744","negative regulation of G protein-coupled receptor signaling pathway",76,2,0.0251151153271229,0.11774652964437,"Arrb2,Palm"
"GO:0071248","cellular response to metal ion",195,3,0.025298875074173,0.11774652964437,"Mt2,Gsn,Mt1"
"GO:0006812","monoatomic cation transport",1100,8,0.0254465090318127,0.11774652964437,"Snta1,Per1,Abcc5,Rapgef3,Sgk1,Slc22a17,Arrb2,Slc9a9"
"GO:0010970","transport along microtubule",196,3,0.0256337534894351,0.118001890145026,"Bicd2,Kifc2,Rhot1"
"GO:0046847","filopodium assembly",77,2,0.0257316897012282,0.118001890145026,"Itgb4,Palm"
"GO:1904035","regulation of epithelial cell apoptotic process",77,2,0.0257316897012282,0.118001890145026,"Gsn,Arrb2"
"GO:0000226","microtubule cytoskeleton organization",702,6,0.0259571505595897,0.118732124652877,"Plk5,Arhgef10,Bicd2,Brsk2,Sgk1,Fmn2"
"GO:0009100","glycoprotein metabolic process",347,4,0.0259955356618855,0.118732124652877,"Tmtc1,Galnt16,Abca7,Chpf2"
"GO:0086003","cardiac muscle cell contraction",78,2,0.0263544044303385,0.120129514170419,"Snta1,Gsn"
"GO:0008542","visual learning",79,2,0.0269832145129276,0.12256721034865,"Abca7,Sgk1"
"GO:0042552","myelination",200,3,0.0269971828961784,0.12256721034865,"Arhgef10,Itgb4,Gjc3"
"GO:0097192","extrinsic apoptotic signaling pathway in absence of ligand",80,2,0.0276180751676991,0.12513578968199,"Bcl2l2,Bcl2l1"
"GO:0009416","response to light stimulus",354,4,0.0277000377825438,0.125257142960905,"Per2,Per1,Abca7,Sgk1"
"GO:0071384","cellular response to corticosteroid stimulus",81,2,0.0282589418326623,0.125543045672131,"Etnppl,Sgk1"
"GO:0007272","ensheathment of neurons",204,3,0.028398834596198,0.125543045672131,"Arhgef10,Itgb4,Gjc3"
"GO:0008366","axon ensheathment",204,3,0.028398834596198,0.125543045672131,"Arhgef10,Itgb4,Gjc3"
"GO:0051495","positive regulation of cytoskeleton organization",204,3,0.028398834596198,0.125543045672131,"Arhgef10,Gsn,Rapgef3"
"GO:0010558","negative regulation of macromolecule biosynthetic process",2744,15,0.0284148616806807,0.125543045672131,"Fus,Dusp15,Otud7b,Per2,Mertk,Per1,Cldn19,Tsc22d3,Ldlr,Abca7,Sgf29,Zcchc7,Arrb2,Eid1,Ddx5"
"GO:0048511","rhythmic process",358,4,0.0287034540545534,0.125543045672131,"Per2,Per1,Arrb2,Ddx5"
"GO:0001541","ovarian follicle development",82,2,0.0289057701642113,0.125942607049443,"Arrb2,Bcl2l1"
"GO:0038034","signal transduction in absence of ligand",82,2,0.0289057701642113,0.125942607049443,"Bcl2l2,Bcl2l1"
"GO:0043408","regulation of MAPK cascade",722,6,0.0292363585978917,0.127138954055966,"Dusp15,Per1,Gsn,Mapk8ip1,Abca7,Arrb2"
"GO:0140115","export across plasma membrane",83,2,0.0295585160362079,0.128294132700176,"Slc27a1,Abcc5"
"GO:0048545","response to steroid hormone",362,4,0.0297283562270109,0.12870291632638,"Etnppl,Per1,Sgk1,Ddx5"
"GO:0019725","cellular homeostasis",925,7,0.0297660929829734,0.12870291632638,"Mt2,Brsk2,Mt1,Sgk1,Tns2,Rhot1,Slc9a9"
"GO:0051094","positive regulation of developmental process",1574,10,0.0298424495375588,0.128787757509997,"Fdps,Adamts20,Rapgef3,Tead3,Sgk1,Clcn2,Arrb2,Aspa,Palm,Atp11a"
"GO:0048699","generation of neurons",1806,11,0.0302076805036421,0.129665212993732,"Plk5,Brsk2,Kifc2,Sema6c,Tead3,Rap1gap,Megf9,Sgk1,Myo9a,Palm,Anks1"
"GO:0097006","regulation of plasma lipoprotein particle levels",84,2,0.0302171355390679,0.129665212993732,"Ldlr,Abca7"
"GO:1903321","negative regulation of protein modification by small protein conjugation or removal",84,2,0.0302171355390679,0.129665212993732,"Per2,Arrb2"
"GO:0120036","plasma membrane bounded cell projection organization",1809,11,0.0305262340291537,0.130744436313545,"Plk5,Brsk2,Kifc2,Gsn,Sema6c,Itgb4,Rap1gap,Megf9,Sgk1,Myo9a,Palm"
"GO:0051246","regulation of protein metabolic process",1358,9,0.0307009820285309,0.131244338465841,"Per2,Ldlr,Gsn,Mapk8ip1,Tnfsf12,Abca7,Arrb2,Fmn2,Anks1"
"GO:0051146","striated muscle cell differentiation",366,4,0.030774811394774,0.131244338465841,"Fdps,Tmod2,Arrb2,Atp11a"
"GO:0007632","visual behavior",85,2,0.0308815849788507,0.131244338465841,"Abca7,Sgk1"
"GO:1901880","negative regulation of protein depolymerization",85,2,0.0308815849788507,0.131244338465841,"Gsn,Tmod2"
"GO:0043491","phosphatidylinositol 3-kinase/protein kinase B signal transduction",367,4,0.0310398001152125,0.131244338465841,"Mertk,Fbxl2,Rapgef3,Arrb2"
"GO:0007422","peripheral nervous system development",86,2,0.0315518208763531,0.131244338465841,"Arhgef10,Itgb4"
"GO:0007548","sex differentiation",369,4,0.0315738337953839,0.131244338465841,"Mertk,Bcl2l2,Arrb2,Bcl2l1"
"GO:0043270","positive regulation of monoatomic ion transport",215,3,0.0324498053144157,0.133686130787157,"Rapgef3,Sgk1,Arrb2"
"GO:0008610","lipid biosynthetic process",741,6,0.0325956129806497,0.13404355338057,"Slc27a1,Fdps,Hmgcs1,Ldlr,Clcn2,Cyb5r2"
"GO:0006644","phospholipid metabolic process",373,4,0.0326581495723898,0.134057865333318,"Etnppl,Fdps,Hmgcs1,Ldlr"
"GO:0060041","retina development in camera-type eye",216,3,0.032832309859882,0.134360643479965,"Mertk,Cldn19,Clcn2"
"GO:0010611","regulation of cardiac muscle hypertrophy",88,2,0.0329094791959737,0.134360643479965,"Fdps,Gsn"
"GO:1905897","regulation of response to endoplasmic reticulum stress",88,2,0.0329094791959737,0.134360643479965,"Abca7,Bcl2l1"
"GO:0030705","cytoskeleton-dependent intracellular transport",217,3,0.0332171786494613,0.135373421066925,"Bicd2,Kifc2,Rhot1"
"GO:1901874","negative regulation of post-translational protein modification",89,2,0.0335968157252601,0.1366752180938,"Per2,Arrb2"
"GO:0070374","positive regulation of ERK1 and ERK2 cascade",219,3,0.0339940004508496,0.136701237784336,"Dusp15,Abca7,Arrb2"
"GO:0048488","synaptic vesicle endocytosis",90,2,0.0342897669248135,0.136701237784336,"Atp8a1,Bcl2l1"
"GO:0006066","alcohol metabolic process",380,4,0.03460795844396,0.136701237784336,"Fdps,Hmgcs1,Ldlr,Clcn2"
"GO:0071705","nitrogen compound transport",2082,12,0.0346256788573219,0.136701237784336,"Slc27a1,Per2,Pabpn1,Atp8a1,Abcc5,Bicd2,Brsk2,Rapgef3,Arrb2,Slc44a2,Fmn2,Ddx5"
"GO:0010038","response to metal ion",381,4,0.0348919425472302,0.136701237784336,"Mt2,Gsn,Lta4h,Mt1"
"GO:0014743","regulation of muscle hypertrophy",91,2,0.0349882903756385,0.136701237784336,"Fdps,Gsn"
"GO:0033143","regulation of intracellular steroid hormone receptor signaling pathway",91,2,0.0349882903756385,0.136701237784336,"Per1,Ddx5"
"GO:0030030","cell projection organization",1854,11,0.0356007025111384,0.138854973711828,"Plk5,Brsk2,Kifc2,Gsn,Sema6c,Itgb4,Rap1gap,Megf9,Sgk1,Myo9a,Palm"
"GO:0072384","organelle transport along microtubule",92,2,0.03569234386811,0.138973620206878,"Bicd2,Rhot1"
"GO:0031032","actomyosin structure organization",224,3,0.035977273757936,0.139843170257731,"Arhgef10,Rapgef3,Tmod2"
"GO:0048608","reproductive structure development",386,4,0.0363323002280089,0.140770493799788,"Mertk,Bcl2l2,Arrb2,Bcl2l1"
"GO:0043524","negative regulation of neuron apoptotic process",225,3,0.0363809752574045,0.140770493799788,"Mt1,Arrb2,Bcl2l1"
"GO:0140238","presynaptic endocytosis",93,2,0.0364018854010906,0.140770493799788,"Atp8a1,Bcl2l1"
"GO:0019229","regulation of vasoconstriction",94,2,0.0371168731810516,0.143193942327196,"Per2,Snta1"
"GO:0009755","hormone-mediated signaling pathway",227,3,0.0371954046532117,0.143193942327196,"Slc27a1,Per1,Ddx5"
"GO:0048812","neuron projection morphogenesis",766,6,0.037387596805944,0.143193942327196,"Brsk2,Kifc2,Sema6c,Megf9,Sgk1,Myo9a"
"GO:0061458","reproductive system development",391,4,0.037806762834768,0.143193942327196,"Mertk,Bcl2l2,Arrb2,Bcl2l1"
"GO:2000026","regulation of multicellular organismal development",1641,10,0.0380942641329368,0.143193942327196,"Per2,Fdps,Ldlr,Sema6c,Rapgef3,Sgk1,Sgf29,Clcn2,Arrb2,Aspa"
"GO:0051962","positive regulation of nervous system development",392,4,0.0381057523495607,0.143193942327196,"Sgk1,Clcn2,Arrb2,Aspa"
"GO:0044281","small molecule metabolic process",1875,11,0.0381640242766314,0.143193942327196,"Slc27a1,Per2,Fdps,Hmgcs1,Ldlr,Lta4h,Ncf2,Clcn2,Hsd17b14,Aspa,Bcl2l1"
"GO:0060284","regulation of cell development",977,7,0.0382986340629448,0.143461880070767,"Per2,Ldlr,Sema6c,Sgk1,Clcn2,Arrb2,Aspa"
"GO:0048666","neuron development",1416,9,0.0385535783838433,0.143884832072696,"Plk5,Brsk2,Kifc2,Sema6c,Megf9,Sgk1,Myo9a,Palm,Anks1"
"GO:0032370","positive regulation of lipid transport",96,2,0.0385630213405936,0.143884832072696,"Atp8a1,Abca7"
"GO:1901699","cellular response to nitrogen compound",772,6,0.0386017016441726,0.143884832072696,"Slc27a1,Rapgef3,Sgk1,Tns2,Palm,Bcl2l1"
"GO:0006282","regulation of DNA repair",231,3,0.0388522925839426,0.144581482238606,"Fus,Sgf29,Fmn2"
"GO:0051402","neuron apoptotic process",395,4,0.0390109206526177,0.144934189658661,"Ncf2,Mt1,Arrb2,Bcl2l1"
"GO:0010648","negative regulation of cell communication",1653,10,0.0397255383672541,0.147347993617103,"Otud7b,Per1,Mapk8ip1,Fbxl2,Bcl2l2,Abca7,Tns2,Arrb2,Palm,Bcl2l1"
"GO:0120035","regulation of plasma membrane bounded cell projection organization",782,6,0.0406810078047664,0.148244557543127,"Plk5,Brsk2,Sema6c,Rap1gap,Sgk1,Palm"
"GO:0120039","plasma membrane bounded cell projection morphogenesis",782,6,0.0406810078047664,0.148244557543127,"Brsk2,Kifc2,Sema6c,Megf9,Sgk1,Myo9a"
"GO:0051492","regulation of stress fiber assembly",99,2,0.0407720574346237,0.148244557543127,"Arhgef10,Rapgef3"
"GO:0019219","regulation of nucleobase-containing compound metabolic process",3908,19,0.0407775581234263,0.148244557543127,"Fus,Dusp15,Otud7b,Per2,Pabpn1,Per1,Tra2a,Mical2,Ddn,Tsc22d3,Mapk8ip1,Rapgef3,Tead3,Sgf29,Arrb2,Fmn2,Eid1,Bcl2l1,Ddx5"
"GO:0050810","regulation of steroid biosynthetic process",100,2,0.0415188565485479,0.149126272729753,"Fdps,Clcn2"
"GO:2000781","positive regulation of double-strand break repair",100,2,0.0415188565485479,0.149126272729753,"Fus,Fmn2"
"GO:0002683","negative regulation of immune system process",590,5,0.0420940494725827,0.150953384364554,"Mertk,Tsc22d3,Ldlr,Fbxl2,Arrb2"
"GO:0048858","cell projection morphogenesis",789,6,0.0421782930863002,0.150970763438979,"Brsk2,Kifc2,Sema6c,Megf9,Sgk1,Myo9a"
"GO:0060255","regulation of macromolecule metabolic process",6099,27,0.0422319095963665,0.150970763438979,"Fus,Dusp15,Otud7b,Per2,Mertk,Pabpn1,Per1,Cldn19,Tra2a,Mical2,Clk1,Ddn,Tsc22d3,Ldlr,Gsn,Mapk8ip1,Rapgef3,Tead3,Tnfsf12,Abca7,Sgf29,Zcchc7,Arrb2,Fmn2,Eid1,Ddx5,Anks1"
"GO:0061061","muscle structure development",791,6,0.0426124391434399,0.152091567383032,"Fdps,Tsc22d3,Tmod2,Arrb2,Ddx5,Atp11a"
"GO:0051591","response to cAMP",102,2,0.0430278929090799,0.153092973203153,"Per1,Rapgef3"
"GO:1901879","regulation of protein depolymerization",102,2,0.0430278929090799,0.153092973203153,"Gsn,Tmod2"
"GO:0007163","establishment or maintenance of cell polarity",241,3,0.0431569075408333,0.153311705974478,"Brsk2,Gsn,Myo9a"
"GO:0051656","establishment of organelle localization",412,4,0.0443727428760854,0.153780345540021,"Bicd2,Kifc2,Fmn2,Rhot1"
"GO:0015931","nucleobase-containing compound transport",244,3,0.044493174375177,0.153962661328737,"Pabpn1,Abcc5,Bicd2"
"GO:0031175","neuron projection development",1233,8,0.0452190830514525,0.155905812616296,"Plk5,Brsk2,Kifc2,Sema6c,Megf9,Sgk1,Myo9a,Palm"
"GO:0008152","metabolic process",13593,52,0.045305017826534,0.155905812616296,"Fus,Dusp15,Otud7b,Slc27a1,Etnppl,Per2,Mertk,Tmtc1,Galnt16,Pabpn1,Dnajc7,Per1,Cldn19,Fdps,Tra2a,Abcc5,Mical2,Clk1,Ddn,Tsc22d3,Hmgcs1,Adamts20,Brsk2,Ldlr,Gsn,Cerk,Lta4h,Ncf2,Mapk8ip1,Fbxl2,Rapgef3,Tead3,Itgb4,Tnfsf12,Abca7,Rsrp1,Sgf29,Tns2,Pcyox1l,Zcchc7,Clcn2,Hsd17b14,Arrb2,Aspa,Fmn2,Cyb5r2,Wsb1,Eid1,Bcl2l1,Ddx5,Chpf2,Anks1"
"GO:0034446","substrate adhesion-dependent cell spreading",105,2,0.0453294433157512,0.155905812616296,"Mertk,Megf9"
"GO:0036465","synaptic vesicle recycling",105,2,0.0453294433157512,0.155905812616296,"Atp8a1,Bcl2l1"
"GO:0071396","cellular response to lipid",805,6,0.0457309302221885,0.157048731625367,"Etnppl,Pabpn1,Per1,Ldlr,Sgk1,Ddx5"
"GO:0045926","negative regulation of growth",247,3,0.04584998897301,0.157219750708055,"Mt2,Sema6c,Mt1"
"GO:0062012","regulation of small molecule metabolic process",418,4,0.0463595489064466,0.157509367626667,"Fdps,Ldlr,Clcn2,Bcl2l1"
"GO:0042886","amide transport",419,4,0.0466954682403045,0.157509367626667,"Slc27a1,Per2,Abcc5,Brsk2"
"GO:1901701","cellular response to oxygen-containing compound",1469,9,0.0468524417273697,0.157509367626667,"Slc27a1,Pabpn1,Brsk2,Ldlr,Mt1,Rapgef3,Sgk1,Tns2,Palm"
"GO:0007623","circadian rhythm",250,3,0.0472272509755228,0.157509367626667,"Per2,Per1,Ddx5"
"GO:0032869","cellular response to insulin stimulus",251,3,0.0476908642786091,0.15850404379567,"Slc27a1,Sgk1,Tns2"
"GO:0099111","microtubule-based transport",252,3,0.0481567340192864,0.1597464560934,"Bicd2,Kifc2,Rhot1"
"GO:0003013","circulatory system process",613,5,0.0482054283806075,0.1597464560934,"Slc27a1,Per2,Snta1,Gsn,Ncf2"
"GO:0045597","positive regulation of cell differentiation",1033,7,0.0491491089051962,0.162041810216841,"Fdps,Adamts20,Sgk1,Clcn2,Arrb2,Aspa,Atp11a"
"GO:0019079","viral genome replication",110,2,0.0492640549759071,0.162041810216841,"Fbxl2,Ddx5"
"GO:0097191","extrinsic apoptotic signaling pathway",255,3,0.0495678416797715,0.162041810216841,"Bcl2l2,Tnfsf12,Bcl2l1"
"GO:0030182","neuron differentiation",1721,10,0.0498946677676375,0.162041810216841,"Plk5,Brsk2,Kifc2,Sema6c,Rap1gap,Megf9,Sgk1,Myo9a,Palm,Anks1"
