"Annot","Term","Annotated","Significant","Pvalue","Padj","GeneID"
"04610","Complement and coagulation cascades",94,5,0.000451378271712236,0.0686094973002599,"Cfd,Vwf,Cfhr1,Serpine2,Serpina5"
"04514","Cell adhesion molecule (CAM) interaction",181,6,0.0014749169991639,0.112093691936456,"H2-Eb1,Sdc3,Cldn5,Cntn2,Mag,Cdh5"
"04517","IgSF CAM signaling",300,7,0.00437637143123673,0.19665996047109,"Cntn2,Lmo7,Kcna2,Tubb3,Mag,Ptprz1,Robo4"
"04820","Cytoskeleton in muscle cells",233,6,0.00517526211766026,0.19665996047109,"Tnnc1,Sdc3,Comp,Synpo2,Fhl2,Fbn2"
"00480","Glutathione metabolism",73,3,0.0136618343271547,0.415319763545503,"Gpx3,Ggt5,Gstt2"
"00590","Arachidonic acid metabolism",89,3,0.0230861129453154,0.501298452526849,"Ptgds,Ggt5,Ptges"
"04512","ECM-receptor interaction",89,3,0.0230861129453154,0.501298452526849,"Reln,Vwf,Comp"
"04976","Bile secretion",101,3,0.0319738743487306,0.607503612625881,"Aqp1,Slc2a1,Ephx1"
"04145","Phagosome",183,4,0.0367679851525148,0.620970415909139,"H2-Eb1,Marco,Comp,Tubb3"
"04510","Focal adhesion",202,4,0.0497608614831409,0.706926049021743,"Reln,Vwf,Cav1,Comp"
