"Annot","Term","Annotated","Significant","Pvalue","Padj","GeneID"
"GO:0098974","postsynaptic actin cytoskeleton organization",27,3,1.16077097720833e-06,0.00107632068092519,"Ppp1r9a,Rock2,Dbn1"
"GO:0099188","postsynaptic cytoskeleton organization",33,3,2.15875518984456e-06,0.00107632068092519,"Ppp1r9a,Rock2,Dbn1"
"GO:0048731","system development",4438,13,2.71187444126607e-06,0.00107632068092519,"Col1a2,Spp1,Zdhhc2,Vstm4,Nav1,Ppp1r9a,Sema3g,Rock2,Nfasc,Dbn1,Plk5,Sirt2,Cc2d1a"
"GO:0034329","cell junction assembly",579,6,3.74855833031336e-06,0.00107632068092519,"Zdhhc2,Ppp1r9a,Tesk2,Rock2,Nfasc,Cc2d1a"
"GO:0099173","postsynapse organization",328,5,4.32604775291475e-06,0.00107632068092519,"Zdhhc2,Ppp1r9a,Rock2,Dbn1,Cc2d1a"
"GO:0034330","cell junction organization",988,7,6.02193373297222e-06,0.00124854759396957,"Zdhhc2,Ppp1r9a,Tesk2,Rock2,Nfasc,Dbn1,Cc2d1a"
"GO:0022008","neurogenesis",2099,9,1.151333945992e-05,0.00160926652448047,"Nav1,Ppp1r9a,Sema3g,Rock2,Nfasc,Dbn1,Plk5,Sirt2,Cc2d1a"
"GO:0050808","synapse organization",705,6,1.15617838610071e-05,0.00160926652448047,"Zdhhc2,Ppp1r9a,Rock2,Nfasc,Dbn1,Cc2d1a"
"GO:0048667","cell morphogenesis involved in neuron differentiation",707,6,1.17495373924578e-05,0.00160926652448047,"Ppp1r9a,Sema3g,Rock2,Nfasc,Dbn1,Cc2d1a"
"GO:0065008","regulation of biological quality",3488,11,1.4383202141123e-05,0.00160926652448047,"Col1a2,Spp1,Zdhhc2,Vstm4,Ppp1r9a,Sema3g,Cacnb3,Rock2,Dbn1,Sirt2,Cc2d1a"
"GO:0007399","nervous system development",2794,10,1.48011054572859e-05,0.00160926652448047,"Zdhhc2,Nav1,Ppp1r9a,Sema3g,Rock2,Nfasc,Dbn1,Plk5,Sirt2,Cc2d1a"
"GO:0048813","dendrite morphogenesis",201,4,1.58764537021431e-05,0.00160926652448047,"Ppp1r9a,Rock2,Dbn1,Cc2d1a"
"GO:0007275","multicellular organism development",5197,13,1.68170939053426e-05,0.00160926652448047,"Col1a2,Spp1,Zdhhc2,Vstm4,Nav1,Ppp1r9a,Sema3g,Rock2,Nfasc,Dbn1,Plk5,Sirt2,Cc2d1a"
"GO:0048812","neuron projection morphogenesis",766,6,1.85107247586492e-05,0.00164481011426855,"Ppp1r9a,Sema3g,Rock2,Nfasc,Dbn1,Cc2d1a"
"GO:0120039","plasma membrane bounded cell projection morphogenesis",782,6,2.08048114729682e-05,0.00170104091227508,"Ppp1r9a,Sema3g,Rock2,Nfasc,Dbn1,Cc2d1a"
"GO:0048858","cell projection morphogenesis",789,6,2.18783397077181e-05,0.00170104091227508,"Ppp1r9a,Sema3g,Rock2,Nfasc,Dbn1,Cc2d1a"
"GO:0031175","neuron projection development",1233,7,2.54984764339204e-05,0.00186588851081158,"Ppp1r9a,Sema3g,Rock2,Nfasc,Dbn1,Plk5,Cc2d1a"
"GO:0048699","generation of neurons",1806,8,3.39994164820265e-05,0.0022529195051595,"Nav1,Ppp1r9a,Sema3g,Rock2,Nfasc,Dbn1,Plk5,Cc2d1a"
"GO:0120036","plasma membrane bounded cell projection organization",1809,8,3.44095422813749e-05,0.0022529195051595,"Eps8l1,Ppp1r9a,Sema3g,Rock2,Nfasc,Dbn1,Plk5,Cc2d1a"
"GO:0072657","protein localization to membrane",513,5,3.73904742494764e-05,0.00232568749831743,"Zdhhc2,Cacnb3,Rock2,Nfasc,Dbn1"
"GO:0030030","cell projection organization",1854,8,4.10819125558745e-05,0.00235760072696453,"Eps8l1,Ppp1r9a,Sema3g,Rock2,Nfasc,Dbn1,Plk5,Cc2d1a"
"GO:0051130","positive regulation of cellular component organization",1331,7,4.1693903531527e-05,0.00235760072696453,"Eps8l1,Zdhhc2,Ppp1r9a,Rock2,Dbn1,Plk5,Sirt2"
"GO:0048666","neuron development",1416,7,6.19059566116219e-05,0.00334830478368946,"Ppp1r9a,Sema3g,Rock2,Nfasc,Dbn1,Plk5,Cc2d1a"
"GO:0090066","regulation of anatomical structure size",598,5,7.7403573059341e-05,0.00401208520357584,"Vstm4,Ppp1r9a,Sema3g,Rock2,Dbn1"
"GO:0072659","protein localization to plasma membrane",312,4,8.81425115213105e-05,0.00430089668609309,"Zdhhc2,Cacnb3,Rock2,Nfasc"
"GO:0051128","regulation of cellular component organization",2712,9,8.9890123664325e-05,0.00430089668609309,"Eps8l1,Zdhhc2,Ppp1r9a,Sema3g,Rock2,Dbn1,Plk5,Sirt2,Cc2d1a"
"GO:0032231","regulation of actin filament bundle assembly",117,3,9.87275712367683e-05,0.00451446466859531,"Ppp1r9a,Rock2,Dbn1"
"GO:0010647","positive regulation of cell communication",2115,8,0.00010524073584346,0.00451446466859531,"Spop,Spp1,Zdhhc2,Ppp1r9a,Cacnb3,Rock2,Dbn1,Cc2d1a"
"GO:0023056","positive regulation of signaling",2115,8,0.00010524073584346,0.00451446466859531,"Spop,Spp1,Zdhhc2,Ppp1r9a,Cacnb3,Rock2,Dbn1,Cc2d1a"
"GO:0016358","dendrite development",334,4,0.000114639754287568,0.00475372847779115,"Ppp1r9a,Rock2,Dbn1,Cc2d1a"
"GO:0032502","developmental process",7236,14,0.000121056329759389,0.0048578733619574,"Col1a2,Spp1,Zdhhc2,Vstm4,Nav1,Ppp1r9a,Sema3g,Tesk2,Rock2,Nfasc,Dbn1,Plk5,Sirt2,Cc2d1a"
"GO:0044057","regulation of system process",672,5,0.000133998295706244,0.00520228855958205,"Spp1,Cacnb3,Rock2,Dbn1,Cc2d1a"
"GO:0060079","excitatory postsynaptic potential",131,3,0.000138002831564476,0.00520228855958205,"Ppp1r9a,Cacnb3,Dbn1"
"GO:0044087","regulation of cellular component biogenesis",1128,6,0.000159818247309697,0.00584746763686067,"Eps8l1,Ppp1r9a,Rock2,Dbn1,Sirt2,Cc2d1a"
"GO:0048522","positive regulation of cellular process",6410,13,0.000175717784744625,0.00624551212063754,"Spop,Spp1,Eps8l1,Zdhhc2,Ppp1r9a,Fntb,Sema3g,Cacnb3,Rock2,Dbn1,Plk5,Sirt2,Cc2d1a"
"GO:0000902","cell morphogenesis",1156,6,0.000182738549717348,0.00631463210689946,"Ppp1r9a,Sema3g,Rock2,Nfasc,Dbn1,Cc2d1a"
"GO:0099565","chemical synaptic transmission, postsynaptic",146,3,0.00019008102990439,0.00639083246489354,"Ppp1r9a,Cacnb3,Dbn1"
"GO:0007266","Rho protein signal transduction",149,3,0.000201825073457424,0.00660711556265882,"Col1a2,Eps8l1,Rock2"
"GO:0030182","neuron differentiation",1721,7,0.000211233064204255,0.00669876323558787,"Ppp1r9a,Sema3g,Rock2,Nfasc,Dbn1,Plk5,Cc2d1a"
"GO:0048167","regulation of synaptic plasticity",398,4,0.000224520793046372,0.00669876323558787,"Zdhhc2,Ppp1r9a,Dbn1,Cc2d1a"
"GO:0023051","regulation of signaling",3853,10,0.000243222344521604,0.00669876323558787,"Spop,Spp1,Eps8l1,Zdhhc2,Ppp1r9a,Cacnb3,Rock2,Dbn1,Sirt2,Cc2d1a"
"GO:0051668","localization within membrane",765,5,0.000245163158746327,0.00669876323558787,"Zdhhc2,Cacnb3,Rock2,Nfasc,Dbn1"
"GO:0010646","regulation of cell communication",3858,10,0.000245904791759494,0.00669876323558787,"Spop,Spp1,Eps8l1,Zdhhc2,Ppp1r9a,Cacnb3,Rock2,Dbn1,Sirt2,Cc2d1a"
"GO:0050804","modulation of chemical synaptic transmission",768,5,0.00024965145864136,0.00669876323558787,"Zdhhc2,Ppp1r9a,Cacnb3,Dbn1,Cc2d1a"
"GO:0099177","regulation of trans-synaptic signaling",769,5,0.000251161452206349,0.00669876323558787,"Zdhhc2,Ppp1r9a,Cacnb3,Dbn1,Cc2d1a"
"GO:1990778","protein localization to cell periphery",410,4,0.00025144759070422,0.00669876323558787,"Zdhhc2,Cacnb3,Rock2,Nfasc"
"GO:0021700","developmental maturation",413,4,0.000258527887356343,0.00669876323558787,"Zdhhc2,Rock2,Nfasc,Sirt2"
"GO:0050807","regulation of synapse organization",415,4,0.000263327339742258,0.00669876323558787,"Ppp1r9a,Rock2,Dbn1,Cc2d1a"
"GO:0048856","anatomical structure development",6654,13,0.000263858037414635,0.00669876323558787,"Col1a2,Spp1,Zdhhc2,Vstm4,Nav1,Ppp1r9a,Sema3g,Rock2,Nfasc,Dbn1,Plk5,Sirt2,Cc2d1a"
"GO:0120035","regulation of plasma membrane bounded cell projection organization",782,5,0.000271434850559712,0.00675329908192564,"Eps8l1,Ppp1r9a,Sema3g,Dbn1,Plk5"
"GO:0050803","regulation of synapse structure or activity",424,4,0.000285724175043485,0.00686685265280267,"Ppp1r9a,Rock2,Dbn1,Cc2d1a"
"GO:0031644","regulation of nervous system process",169,3,0.000292292879628489,0.00686685265280267,"Cacnb3,Rock2,Dbn1"
"GO:0051129","negative regulation of cellular component organization",797,5,0.000296357292115357,0.00686685265280267,"Ppp1r9a,Sema3g,Rock2,Dbn1,Sirt2"
"GO:0031344","regulation of cell projection organization",798,5,0.00029807881290301,0.00686685265280267,"Eps8l1,Ppp1r9a,Sema3g,Dbn1,Plk5"
"GO:0048518","positive regulation of biological process",6819,13,0.000343719979070908,0.0075692113396371,"Spop,Spp1,Eps8l1,Zdhhc2,Ppp1r9a,Fntb,Sema3g,Cacnb3,Rock2,Dbn1,Plk5,Sirt2,Cc2d1a"
"GO:0060078","regulation of postsynaptic membrane potential",179,3,0.000345939510348998,0.0075692113396371,"Ppp1r9a,Cacnb3,Dbn1"
"GO:0016043","cellular component organization",7913,14,0.000346820776816169,0.0075692113396371,"Col1a2,Eps8l1,Col7a1,Zdhhc2,Nav1,Ppp1r9a,Sema3g,Tesk2,Rock2,Nfasc,Dbn1,Plk5,Sirt2,Cc2d1a"
"GO:0051017","actin filament bundle assembly",182,3,0.000363187401017188,0.00778974356664452,"Ppp1r9a,Rock2,Dbn1"
"GO:0061572","actin filament bundle organization",185,3,0.000380981066786878,0.00803288893360807,"Ppp1r9a,Rock2,Dbn1"
"GO:0031346","positive regulation of cell projection organization",469,4,0.000418788674747977,0.00868288518977473,"Eps8l1,Ppp1r9a,Dbn1,Plk5"
"GO:0032232","negative regulation of actin filament bundle assembly",41,2,0.000462207907365146,0.00939894924346057,"Ppp1r9a,Dbn1"
"GO:0071840","cellular component organization or biogenesis",8121,14,0.000468436377085655,0.00939894924346057,"Col1a2,Eps8l1,Col7a1,Zdhhc2,Nav1,Ppp1r9a,Sema3g,Tesk2,Rock2,Nfasc,Dbn1,Plk5,Sirt2,Cc2d1a"
"GO:0099175","regulation of postsynapse organization",200,3,0.000478391372332377,0.0094463312251028,"Ppp1r9a,Dbn1,Cc2d1a"
"GO:1902683","regulation of receptor localization to synapse",43,2,0.000508518222045695,0.0098843229410132,"Zdhhc2,Dbn1"
"GO:2000463","positive regulation of excitatory postsynaptic potential",44,2,0.000532485198806944,0.0101909474971667,"Cacnb3,Dbn1"
"GO:0022607","cellular component assembly",4286,10,0.000592484958602017,0.0111674437651653,"Col1a2,Eps8l1,Zdhhc2,Ppp1r9a,Tesk2,Rock2,Nfasc,Dbn1,Sirt2,Cc2d1a"
"GO:0120032","regulation of plasma membrane bounded cell projection assembly",220,3,0.000631327996385723,0.011650176297883,"Eps8l1,Ppp1r9a,Dbn1"
"GO:0060491","regulation of cell projection assembly",223,3,0.000656653704152496,0.011650176297883,"Eps8l1,Ppp1r9a,Dbn1"
"GO:0003008","system process",3520,9,0.00066835871625437,0.011650176297883,"Col1a2,Spp1,Vstm4,Ppp1r9a,Cacnb3,Rock2,Nfasc,Dbn1,Cc2d1a"
"GO:0007268","chemical synaptic transmission",973,5,0.000738443952406623,0.011650176297883,"Zdhhc2,Ppp1r9a,Cacnb3,Dbn1,Cc2d1a"
"GO:0098916","anterograde trans-synaptic signaling",973,5,0.000738443952406623,0.011650176297883,"Zdhhc2,Ppp1r9a,Cacnb3,Dbn1,Cc2d1a"
"GO:0007267","cell-cell signaling",1506,6,0.000757126500856037,0.011650176297883,"Spp1,Zdhhc2,Ppp1r9a,Cacnb3,Dbn1,Cc2d1a"
"GO:0099537","trans-synaptic signaling",981,5,0.000766329916635302,0.011650176297883,"Zdhhc2,Ppp1r9a,Cacnb3,Dbn1,Cc2d1a"
"GO:0032723","positive regulation of connective tissue growth factor production",1,1,0.00077730275942467,0.011650176297883,"Rock2"
"GO:0061433","cellular response to caloric restriction",1,1,0.00077730275942467,0.011650176297883,"Sirt2"
"GO:0070446","negative regulation of oligodendrocyte progenitor proliferation",1,1,0.00077730275942467,0.011650176297883,"Sirt2"
"GO:0150021","apical dendrite morphogenesis",1,1,0.00077730275942467,0.011650176297883,"Cc2d1a"
"GO:0150022","apical dendrite development",1,1,0.00077730275942467,0.011650176297883,"Cc2d1a"
"GO:0150023","apical dendrite arborization",1,1,0.00077730275942467,0.011650176297883,"Cc2d1a"
"GO:1904113","negative regulation of muscle filament sliding",1,1,0.00077730275942467,0.011650176297883,"Dbn1"
"GO:1905381","negative regulation of snRNA transcription by RNA polymerase II",1,1,0.00077730275942467,0.011650176297883,"Cc2d1a"
"GO:1905787","regulation of detection of mechanical stimulus involved in sensory perception of touch",1,1,0.00077730275942467,0.011650176297883,"Cacnb3"
"GO:1905788","negative regulation of detection of mechanical stimulus involved in sensory perception of touch",1,1,0.00077730275942467,0.011650176297883,"Cacnb3"
"GO:0001941","postsynaptic membrane organization",54,2,0.000801738452724938,0.0118733647046408,"Zdhhc2,Dbn1"
"GO:0010976","positive regulation of neuron projection development",241,3,0.0008223179739051,0.012029266966821,"Ppp1r9a,Dbn1,Plk5"
"GO:0051489","regulation of filopodium assembly",55,2,0.000831605272625891,0.012029266966821,"Ppp1r9a,Dbn1"
"GO:1900271","regulation of long-term synaptic potentiation",56,2,0.000862003855265676,0.0123174710818834,"Zdhhc2,Ppp1r9a"
"GO:0007155","cell adhesion",1547,6,0.000872298329247366,0.0123174710818834,"Spp1,Col7a1,Zdhhc2,Tesk2,Nfasc,Dbn1"
"GO:0007010","cytoskeleton organization",1550,6,0.000881233863575261,0.0123174710818834,"Nav1,Ppp1r9a,Tesk2,Rock2,Dbn1,Plk5"
"GO:0060291","long-term synaptic potentiation",250,3,0.000914257188120284,0.0126168236139135,"Zdhhc2,Ppp1r9a,Cc2d1a"
"GO:0010975","regulation of neuron projection development",579,4,0.000922934846355409,0.0126168236139135,"Ppp1r9a,Sema3g,Dbn1,Plk5"
"GO:0099536","synaptic signaling",1029,5,0.000950681708537203,0.0128548700589161,"Zdhhc2,Ppp1r9a,Cacnb3,Dbn1,Cc2d1a"
"GO:0044085","cellular component biogenesis",4556,10,0.000977333420700606,0.0130731481220597,"Col1a2,Eps8l1,Zdhhc2,Ppp1r9a,Tesk2,Rock2,Nfasc,Dbn1,Sirt2,Cc2d1a"
"GO:0006996","organelle organization",3735,9,0.00103895772968458,0.0137496108056129,"Zdhhc2,Nav1,Ppp1r9a,Tesk2,Rock2,Dbn1,Plk5,Sirt2,Cc2d1a"
"GO:0061001","regulation of dendritic spine morphogenesis",65,2,0.0011593950864227,0.0151819735527352,"Ppp1r9a,Dbn1"
"GO:0030199","collagen fibril organization",67,2,0.00123126746479609,0.0158209349678988,"Col1a2,Col7a1"
"GO:0009653","anatomical structure morphogenesis",3026,8,0.00123362595810786,0.0158209349678988,"Col1a2,Vstm4,Ppp1r9a,Sema3g,Rock2,Nfasc,Dbn1,Cc2d1a"
"GO:0032879","regulation of localization",2311,7,0.00126635994921448,0.016075018130845,"Spp1,Zdhhc2,Ppp1r9a,Cacnb3,Rock2,Dbn1,Sirt2"
"GO:0060999","positive regulation of dendritic spine development",69,2,0.00130523056093928,0.0162532629640789,"Ppp1r9a,Dbn1"
"GO:0110053","regulation of actin filament organization",283,3,0.00130653239261085,0.0162532629640789,"Ppp1r9a,Rock2,Dbn1"
"GO:0098815","modulation of excitatory postsynaptic potential",72,2,0.00142008215015991,0.0174163531047988,"Cacnb3,Dbn1"
"GO:0007154","cell communication",7834,13,0.00148365672214537,0.0174163531047988,"Col1a2,Spop,Spp1,Eps8l1,Zdhhc2,Ppp1r9a,Sema3g,Cacnb3,Rock2,Nfasc,Dbn1,Sirt2,Cc2d1a"
"GO:0071559","response to transforming growth factor beta",296,3,0.00148608290008149,0.0174163531047988,"Col1a2,Rock2,Dbn1"
"GO:0032501","multicellular organismal process",9056,14,0.00161204168889281,0.01785492324654,"Col1a2,Spp1,Zdhhc2,Vstm4,Nav1,Ppp1r9a,Sema3g,Cacnb3,Rock2,Nfasc,Dbn1,Plk5,Sirt2,Cc2d1a"
"GO:0046847","filopodium assembly",77,2,0.00162187003766802,0.01785492324654,"Ppp1r9a,Dbn1"
"GO:0060997","dendritic spine morphogenesis",82,2,0.00183653777980597,0.0200408157726195,"Ppp1r9a,Dbn1"
"GO:0007416","synapse assembly",320,3,0.00185689640592401,0.0200867750345172,"Zdhhc2,Ppp1r9a,Cc2d1a"
"GO:1901888","regulation of cell junction assembly",325,3,0.0019407760220846,0.0208131497540796,"Ppp1r9a,Rock2,Cc2d1a"
"GO:0034103","regulation of tissue remodeling",86,2,0.00201748303778397,0.0214508452906261,"Spp1,Rock2"
"GO:0050806","positive regulation of synaptic transmission",340,3,0.00220655047981502,0.0224709471729392,"Zdhhc2,Ppp1r9a,Cc2d1a"
"GO:0060998","regulation of dendritic spine development",90,2,0.00220656461053014,0.0224709471729392,"Ppp1r9a,Dbn1"
"GO:0030036","actin cytoskeleton organization",743,4,0.00231057580164853,0.0224709471729392,"Ppp1r9a,Tesk2,Rock2,Dbn1"
"GO:0051049","regulation of transport",1882,6,0.00240737020381472,0.0229364211902261,"Spp1,Zdhhc2,Ppp1r9a,Cacnb3,Dbn1,Sirt2"
"GO:0030154","cell differentiation",5107,10,0.00243480502216416,0.0229364211902261,"Spp1,Nav1,Ppp1r9a,Sema3g,Rock2,Nfasc,Dbn1,Plk5,Sirt2,Cc2d1a"
"GO:0048869","cellular developmental process",5108,10,0.00243855302780723,0.0229364211902261,"Spp1,Nav1,Ppp1r9a,Sema3g,Rock2,Nfasc,Dbn1,Plk5,Sirt2,Cc2d1a"
"GO:0048519","negative regulation of biological process",6085,11,0.00245220580249202,0.0229364211902261,"Spop,Spp1,Ppp1r9a,Fntb,Sema3g,Cacnb3,Rock2,Dbn1,Plk5,Sirt2,Cc2d1a"
"GO:0045787","positive regulation of cell cycle",357,3,0.00253401551977353,0.023524741094017,"Fntb,Rock2,Sirt2"
"GO:0051492","regulation of stress fiber assembly",99,2,0.00266150263441553,0.0245252539052809,"Ppp1r9a,Rock2"
"GO:0051241","negative regulation of multicellular organismal process",1306,5,0.00273435375376234,0.0250112946300025,"Sema3g,Cacnb3,Rock2,Dbn1,Sirt2"
"GO:0032956","regulation of actin cytoskeleton organization",368,3,0.00276116442739087,0.025072179180104,"Ppp1r9a,Rock2,Dbn1"
"GO:0030516","regulation of axon extension",103,2,0.0028767025805631,0.0257571740267014,"Sema3g,Dbn1"
"GO:0070848","response to growth factor",801,4,0.00303330261893088,0.0257571740267014,"Col1a2,Rock2,Dbn1,Plk5"
"GO:0048468","cell development",3477,8,0.00305398635919474,0.0257571740267014,"Ppp1r9a,Sema3g,Rock2,Nfasc,Dbn1,Plk5,Sirt2,Cc2d1a"
"GO:0051641","cellular localization",2691,7,0.00307486674322459,0.0257571740267014,"Zdhhc2,Ppp1r9a,Cacnb3,Rock2,Nfasc,Dbn1,Sirt2"
"GO:0031589","cell-substrate adhesion",383,3,0.00309071568728749,0.0257571740267014,"Spp1,Tesk2,Dbn1"
"GO:0097120","receptor localization to synapse",111,2,0.00333086781961321,0.0274410567390651,"Zdhhc2,Dbn1"
"GO:0110020","regulation of actomyosin structure organization",113,2,0.0034493264978983,0.0281972811576745,"Ppp1r9a,Rock2"
"GO:1902903","regulation of supramolecular fiber organization",399,3,0.00346799358289727,0.0281972811576745,"Ppp1r9a,Rock2,Dbn1"
"GO:0097061","dendritic spine organization",114,2,0.00350928948021491,0.0283477669700477,"Ppp1r9a,Dbn1"
"GO:0032535","regulation of cellular component size",406,3,0.00364157497921567,0.0283981614684955,"Ppp1r9a,Sema3g,Dbn1"
"GO:0030029","actin filament-based process",845,4,0.00367615527257553,0.0283981614684955,"Ppp1r9a,Tesk2,Rock2,Dbn1"
"GO:0030038","contractile actin filament bundle assembly",120,2,0.00387929318888253,0.0283981614684955,"Ppp1r9a,Rock2"
"GO:0043149","stress fiber assembly",120,2,0.00387929318888253,0.0283981614684955,"Ppp1r9a,Rock2"
"GO:0061387","regulation of extent of cell growth",120,2,0.00387929318888253,0.0283981614684955,"Sema3g,Dbn1"
"GO:0032970","regulation of actin filament-based process",421,3,0.00403132179418099,0.0293272766781354,"Ppp1r9a,Rock2,Dbn1"
"GO:0106027","neuron projection organization",126,2,0.00426671539067383,0.0308592671278968,"Ppp1r9a,Dbn1"
"GO:0006612","protein targeting to membrane",127,2,0.00433296842269275,0.031157298946993,"Zdhhc2,Cacnb3"
"GO:0048675","axon extension",133,2,0.00474051811859298,0.032945276757149,"Sema3g,Dbn1"
"GO:0007264","small GTPase-mediated signal transduction",461,3,0.00519248528599915,0.0353600754753791,"Col1a2,Eps8l1,Rock2"
"GO:0060996","dendritic spine development",140,2,0.00523757798013262,0.0353600754753791,"Ppp1r9a,Dbn1"
"GO:0043254","regulation of protein-containing complex assembly",464,3,0.00528688645645363,0.0353600754753791,"Ppp1r9a,Dbn1,Sirt2"
"GO:0030833","regulation of actin filament polymerization",144,2,0.00553196149666054,0.0358425005304464,"Ppp1r9a,Dbn1"
"GO:0030282","bone mineralization",145,2,0.0056067264471696,0.035957004314306,"Col1a2,Spp1"
"GO:0023052","signaling",7797,12,0.00560744279499627,0.035957004314306,"Col1a2,Spop,Spp1,Eps8l1,Zdhhc2,Ppp1r9a,Sema3g,Cacnb3,Rock2,Dbn1,Sirt2,Cc2d1a"
"GO:0007015","actin filament organization",478,3,0.00574120895112026,0.0364516554946328,"Ppp1r9a,Rock2,Dbn1"
"GO:0022603","regulation of anatomical structure morphogenesis",958,4,0.00574318687857559,0.0364516554946328,"Ppp1r9a,Sema3g,Rock2,Dbn1"
"GO:0050767","regulation of neurogenesis",483,3,0.00590901120560615,0.0373137560394622,"Sema3g,Dbn1,Sirt2"
"GO:0010811","positive regulation of cell-substrate adhesion",151,2,0.00606508279847832,0.0381058737439749,"Spp1,Dbn1"
"GO:0060284","regulation of cell development",977,4,0.00615427513585374,0.0381967872896489,"Sema3g,Rock2,Dbn1,Sirt2"
"GO:0048523","negative regulation of cellular process",5830,10,0.00672804400997239,0.0412299839822938,"Spop,Spp1,Ppp1r9a,Fntb,Sema3g,Rock2,Dbn1,Plk5,Sirt2,Cc2d1a"
"GO:0071456","cellular response to hypoxia",163,2,0.00703155104527018,0.0420540841361351,"Rock2,Sirt2"
"GO:0008064","regulation of actin polymerization or depolymerization",164,2,0.00711505629332599,0.0423499044444858,"Ppp1r9a,Dbn1"
"GO:0007409","axonogenesis",523,3,0.00735851349142149,0.0432365590800365,"Sema3g,Nfasc,Dbn1"
"GO:0030832","regulation of actin filament length",167,2,0.00736828820335028,0.0432365590800365,"Ppp1r9a,Dbn1"
"GO:0050768","negative regulation of neurogenesis",167,2,0.00736828820335028,0.0432365590800365,"Sema3g,Sirt2"
"GO:0030041","actin filament polymerization",168,2,0.00745360195826623,0.0435318349111887,"Ppp1r9a,Dbn1"
"GO:0007043","cell-cell junction assembly",171,2,0.00771224306157449,0.0436836876998997,"Rock2,Nfasc"
"GO:0032880","regulation of protein localization",1052,4,0.00797046140066351,0.0436836876998997,"Zdhhc2,Cacnb3,Rock2,Dbn1"
"GO:0042391","regulation of membrane potential",539,3,0.00799259648339462,0.0436836876998997,"Ppp1r9a,Cacnb3,Dbn1"
"GO:0016477","cell migration",1685,5,0.00810482348793964,0.0436836876998997,"Spp1,Vstm4,Nav1,Sema3g,Rock2"
"GO:0050770","regulation of axonogenesis",176,2,0.00815227036999093,0.0436836876998997,"Sema3g,Dbn1"
"GO:0051961","negative regulation of nervous system development",177,2,0.00824161356880455,0.0436836876998997,"Sema3g,Sirt2"
"GO:1902904","negative regulation of supramolecular fiber organization",178,2,0.00833140110686314,0.0436836876998997,"Ppp1r9a,Dbn1"
"GO:0051494","negative regulation of cytoskeleton organization",180,2,0.0085123065101096,0.0436836876998997,"Ppp1r9a,Dbn1"
"GO:0099072","regulation of postsynaptic membrane neurotransmitter receptor levels",180,2,0.0085123065101096,0.0436836876998997,"Zdhhc2,Sirt2"
"GO:0009719","response to endogenous stimulus",1706,5,0.00853306761340485,0.0436836876998997,"Col1a2,Spp1,Rock2,Dbn1,Plk5"
"GO:0051493","regulation of cytoskeleton organization",556,3,0.00870097631419856,0.0443607153068156,"Ppp1r9a,Rock2,Dbn1"
"GO:0036211","protein modification process",1729,5,0.00902021048142384,0.04580057893425,"Spop,Zdhhc2,Fntb,Tesk2,Sirt2"
"GO:0051726","regulation of cell cycle",1098,4,0.00924463876702172,0.0458593518408251,"Fntb,Rock2,Plk5,Sirt2"
"GO:0036294","cellular response to decreased oxygen levels",193,2,0.00973107899897632,0.0478476769752037,"Rock2,Sirt2"
"GO:0008015","blood circulation",584,3,0.00994673153506153,0.0481345590260918,"Col1a2,Vstm4,Rock2"
"GO:0008154","actin polymerization or depolymerization",196,2,0.0100227951041703,0.0481345590260918,"Ppp1r9a,Dbn1"
"GO:0031214","biomineral tissue development",196,2,0.0100227951041703,0.0481345590260918,"Col1a2,Spp1"
"GO:0061564","axon development",591,3,0.010273711093705,0.0486379275527754,"Sema3g,Nfasc,Dbn1"
"GO:0051960","regulation of nervous system development",593,3,0.0103682843159803,0.0486379275527754,"Sema3g,Dbn1,Sirt2"
"GO:0042552","myelination",200,2,0.0104177902550175,0.0486379275527754,"Nfasc,Sirt2"
"GO:1905475","regulation of protein localization to membrane",200,2,0.0104177902550175,0.0486379275527754,"Zdhhc2,Dbn1"
"GO:0007272","ensheathment of neurons",204,2,0.0108196500131397,0.0486379275527754,"Nfasc,Sirt2"
"GO:0008366","axon ensheathment",204,2,0.0108196500131397,0.0486379275527754,"Nfasc,Sirt2"
"GO:0035296","regulation of tube diameter",204,2,0.0108196500131397,0.0486379275527754,"Vstm4,Rock2"
"GO:0097746","blood vessel diameter maintenance",204,2,0.0108196500131397,0.0486379275527754,"Vstm4,Rock2"
"GO:0035150","regulation of tube size",205,2,0.0109211826225897,0.0487405828531951,"Vstm4,Rock2"
"GO:0051239","regulation of multicellular organismal process",3381,7,0.0109313686624127,0.0487405828531951,"Spp1,Sema3g,Cacnb3,Rock2,Dbn1,Sirt2,Cc2d1a"
"GO:1990138","neuron projection extension",207,2,0.011125524461712,0.0494291158227492,"Sema3g,Dbn1"
"GO:0032271","regulation of protein polymerization",209,2,0.0113315641057939,0.0499298232371239,"Ppp1r9a,Dbn1"
"GO:0003013","circulatory system process",613,3,0.0113422959248666,0.0499298232371239,"Col1a2,Vstm4,Rock2"
"GO:0071453","cellular response to oxygen levels",211,2,0.0115392963378146,0.0499298232371239,"Rock2,Sirt2"
"GO:0008361","regulation of cell size",216,2,0.0120659978499763,0.0512867493077327,"Sema3g,Dbn1"
"GO:0120031","plasma membrane bounded cell projection assembly",629,3,0.0121587792094227,0.0512867493077327,"Eps8l1,Ppp1r9a,Dbn1"
"GO:0060341","regulation of cellular localization",634,3,0.0124207722207041,0.0513336898423783,"Zdhhc2,Cacnb3,Dbn1"
"GO:0051963","regulation of synapse assembly",221,2,0.0126031644698356,0.0519150218558792,"Ppp1r9a,Cc2d1a"
"GO:0065007","biological regulation",13697,16,0.0127440270332782,0.0520433887180692,"Col1a2,Spop,Spp1,Eps8l1,Zdhhc2,Vstm4,Rbm39,Ppp1r9a,Fntb,Sema3g,Cacnb3,Rock2,Dbn1,Plk5,Sirt2,Cc2d1a"
"GO:0043412","macromolecule modification",1884,5,0.0128261787680833,0.0520433887180692,"Spop,Zdhhc2,Fntb,Tesk2,Sirt2"
"GO:0030031","cell projection assembly",643,3,0.0129006088396217,0.0520433887180692,"Eps8l1,Ppp1r9a,Dbn1"
"GO:0031032","actomyosin structure organization",224,2,0.0129304541295934,0.0520433887180692,"Ppp1r9a,Rock2"
"GO:0048513","animal organ development",3492,7,0.0129897343801464,0.0520433887180692,"Col1a2,Spp1,Vstm4,Sema3g,Rock2,Nfasc,Sirt2"
"GO:0061351","neural precursor cell proliferation",225,2,0.0130403784386652,0.0520433887180692,"Dbn1,Sirt2"
"GO:0051301","cell division",650,3,0.0132811706658664,0.0524500835185327,"Rock2,Plk5,Sirt2"
"GO:0033043","regulation of organelle organization",1227,4,0.0135183989106325,0.0532180007747686,"Ppp1r9a,Rock2,Dbn1,Sirt2"
"GO:0048771","tissue remodeling",234,2,0.0140481968944111,0.0536072298670165,"Spp1,Rock2"
"GO:0045216","cell-cell junction organization",240,2,0.014738422650078,0.0547301426170059,"Rock2,Nfasc"
"GO:0010810","regulation of cell-substrate adhesion",242,2,0.0149717308074208,0.0553477052676559,"Spp1,Dbn1"
"GO:0050877","nervous system process",2737,6,0.0149937111536978,0.0553477052676559,"Ppp1r9a,Cacnb3,Rock2,Nfasc,Dbn1,Cc2d1a"
"GO:0033554","cellular response to stress",1962,5,0.0151099721785738,0.0555034310057771,"Spop,Spp1,Rock2,Plk5,Sirt2"
"GO:0048870","cell motility",1980,5,0.015674196403432,0.056192219959278,"Spp1,Vstm4,Nav1,Sema3g,Rock2"
"GO:0048469","cell maturation",251,2,0.0160414444469291,0.0571018835406807,"Nfasc,Sirt2"
"GO:0000226","microtubule cytoskeleton organization",702,3,0.0163115213328232,0.0572137304578614,"Nav1,Rock2,Plk5"
"GO:0009987","cellular process",20947,20,0.0163270693830714,0.0572137304578614,"Col1a2,Spop,Spp1,Eps8l1,Col7a1,Zdhhc2,Vstm4,Nav1,Rbm39,Ppp1r9a,Fntb,Sema3g,Cacnb3,Tesk2,Rock2,Nfasc,Dbn1,Plk5,Sirt2,Cc2d1a"
"GO:0007411","axon guidance",264,2,0.0176431491957253,0.0603954955381467,"Sema3g,Nfasc"
"GO:0048762","mesenchymal cell differentiation",265,2,0.0177690927387152,0.0603954955381467,"Sema3g,Rock2"
"GO:0097485","neuron projection guidance",265,2,0.0177690927387152,0.0603954955381467,"Sema3g,Nfasc"
"GO:0003018","vascular process in circulatory system",268,2,0.0181492470990796,0.0615195187772616,"Vstm4,Rock2"
"GO:0051246","regulation of protein metabolic process",1358,4,0.0189979646938696,0.0630504924603507,"Spop,Zdhhc2,Rock2,Sirt2"
"GO:0040011","locomotion",1360,4,0.0190910127463553,0.0630504924603507,"Spp1,Sema3g,Rock2,Dbn1"
"GO:0008285","negative regulation of cell population proliferation",746,3,0.0191587765132079,0.0630504924603507,"Fntb,Plk5,Sirt2"
"GO:0006605","protein targeting",277,2,0.0193104804078727,0.0630504924603507,"Zdhhc2,Cacnb3"
"GO:0090068","positive regulation of cell cycle process",277,2,0.0193104804078727,0.0630504924603507,"Rock2,Sirt2"
"GO:0044093","positive regulation of molecular function",279,2,0.0195727319006237,0.0637394724721881,"Cacnb3,Sirt2"
"GO:0018193","peptidyl-amino acid modification",280,2,0.0197044266788227,0.0640008010142441,"Zdhhc2,Sirt2"
"GO:0090150","establishment of protein localization to membrane",282,2,0.0199689512705663,0.0645344596633091,"Zdhhc2,Cacnb3"
"GO:0090257","regulation of muscle system process",283,2,0.0201017798746799,0.0646165740674464,"Rock2,Dbn1"
"GO:0071495","cellular response to endogenous stimulus",1383,4,0.0201819206332886,0.0647069826489974,"Col1a2,Rock2,Dbn1,Plk5"
"GO:0006915","apoptotic process",2116,5,0.0204106649927717,0.0648091772702325,"Spop,Spp1,Rock2,Plk5,Sirt2"
"GO:0050794","regulation of cellular process",12856,15,0.020501470712651,0.0648091772702325,"Col1a2,Spop,Spp1,Eps8l1,Zdhhc2,Rbm39,Ppp1r9a,Fntb,Sema3g,Cacnb3,Rock2,Dbn1,Plk5,Sirt2,Cc2d1a"
"GO:0071560","cellular response to transforming growth factor beta stimulus",287,2,0.0206368555987313,0.0648091772702325,"Col1a2,Dbn1"
"GO:0071363","cellular response to growth factor stimulus",769,3,0.0207514533703406,0.0648091772702325,"Col1a2,Dbn1,Plk5"
"GO:0010564","regulation of cell cycle process",771,3,0.0208933472797924,0.0649783100401543,"Rock2,Plk5,Sirt2"
"GO:0060560","developmental growth involved in morphogenesis",292,2,0.0213141180777337,0.0657027471647023,"Sema3g,Dbn1"
"GO:0048588","developmental cell growth",293,2,0.0214506869515219,0.0657027471647023,"Sema3g,Dbn1"
"GO:0007166","cell surface receptor signaling pathway",2960,6,0.0214792739787793,0.0657027471647023,"Col1a2,Ppp1r9a,Sema3g,Cacnb3,Rock2,Dbn1"
"GO:0051258","protein polymerization",298,2,0.0221390803472183,0.0673374473152556,"Ppp1r9a,Dbn1"
"GO:0032386","regulation of intracellular transport",304,2,0.0229772817582823,0.068825749320524,"Zdhhc2,Dbn1"
"GO:0001894","tissue homeostasis",307,2,0.0234013071347592,0.0694778665289747,"Spp1,Vstm4"
"GO:0060249","anatomical structure homeostasis",307,2,0.0234013071347592,0.0694778665289747,"Spp1,Vstm4"
"GO:0008219","cell death",2202,5,0.0238573477435283,0.0696679356642,"Spop,Spp1,Rock2,Plk5,Sirt2"
"GO:0012501","programmed cell death",2202,5,0.0238573477435283,0.0696679356642,"Spop,Spp1,Rock2,Plk5,Sirt2"
"GO:0008283","cell population proliferation",2207,5,0.0240689231610747,0.0699780693579582,"Vstm4,Fntb,Dbn1,Plk5,Sirt2"
"GO:0001568","blood vessel development",814,3,0.0240760560170467,0.0699780693579582,"Col1a2,Vstm4,Rock2"
"GO:0010721","negative regulation of cell development",313,2,0.0242591276532226,0.0703458153860348,"Sema3g,Sirt2"
"GO:0097435","supramolecular fiber organization",827,3,0.0250880194213421,0.0719112814749991,"Ppp1r9a,Rock2,Dbn1"
"GO:0030198","extracellular matrix organization",323,2,0.0257174792598845,0.0724981652630096,"Col1a2,Col7a1"
"GO:0071695","anatomical structure maturation",323,2,0.0257174792598845,0.0724981652630096,"Nfasc,Sirt2"
"GO:0045229","external encapsulating structure organization",324,2,0.0258652660028317,0.0724981652630096,"Col1a2,Col7a1"
"GO:0043062","extracellular structure organization",325,2,0.0260134052596785,0.0724981652630096,"Col1a2,Col7a1"
"GO:0030155","regulation of cell adhesion",846,3,0.0266086530240824,0.0735604177617255,"Spp1,Zdhhc2,Dbn1"
"GO:0060485","mesenchyme development",329,2,0.0266094758784377,0.0735604177617255,"Sema3g,Rock2"
"GO:0001944","vasculature development",852,3,0.02709912174623,0.0742539811724894,"Col1a2,Vstm4,Rock2"
"GO:0035556","intracellular signal transduction",3119,6,0.0271643039256621,0.0742689979857663,"Col1a2,Spop,Eps8l1,Ppp1r9a,Rock2,Sirt2"
"GO:0009888","tissue development",2289,5,0.0277188360529775,0.0749048554076054,"Col1a2,Spp1,Sema3g,Rock2,Sirt2"
"GO:0001666","response to hypoxia",337,2,0.0278183626996091,0.0749048554076054,"Rock2,Sirt2"
"GO:1903311","regulation of mRNA metabolic process",337,2,0.0278183626996091,0.0749048554076054,"Rbm39,Rock2"
"GO:0006936","muscle contraction",338,2,0.0279710322742491,0.0751532703005742,"Rock2,Dbn1"
"GO:0033036","macromolecule localization",3143,6,0.0281044789101948,0.0752792756822631,"Spp1,Zdhhc2,Cacnb3,Rock2,Nfasc,Dbn1"
"GO:0050789","regulation of biological process",13279,15,0.028896232170754,0.0764827932349318,"Col1a2,Spop,Spp1,Eps8l1,Zdhhc2,Rbm39,Ppp1r9a,Fntb,Sema3g,Cacnb3,Rock2,Dbn1,Plk5,Sirt2,Cc2d1a"
"GO:0061024","membrane organization",880,3,0.0294531409965816,0.0774623835089799,"Zdhhc2,Nfasc,Dbn1"
"GO:0007165","signal transduction",7185,10,0.0298656341009382,0.0779602365980533,"Col1a2,Spop,Spp1,Eps8l1,Ppp1r9a,Sema3g,Cacnb3,Rock2,Dbn1,Sirt2"
"GO:0009966","regulation of signal transduction",3214,6,0.0310166123738446,0.0800511738445283,"Spop,Eps8l1,Cacnb3,Rock2,Dbn1,Sirt2"
"GO:0043588","skin development",361,2,0.0315763626298011,0.0813271120320342,"Col1a2,Rock2"
"GO:0016042","lipid catabolic process",366,2,0.0323835725034038,0.0823827488634648,"Spp1,Sirt2"
"GO:1904951","positive regulation of establishment of protein localization",372,2,0.0333630674231752,0.0845288307014866,"Zdhhc2,Cacnb3"
"GO:0036293","response to decreased oxygen levels",374,2,0.0336921752242149,0.0848442631152296,"Rock2,Sirt2"
"GO:0042176","regulation of protein catabolic process",378,2,0.0343542787007066,0.0863175776483386,"Zdhhc2,Sirt2"
"GO:0006468","protein phosphorylation",381,2,0.0348542409633114,0.0872407962944858,"Tesk2,Sirt2"
"GO:2000026","regulation of multicellular organismal development",1641,4,0.0351498794605285,0.087323033718502,"Sema3g,Rock2,Dbn1,Sirt2"
"GO:0010639","negative regulation of organelle organization",386,2,0.0356939147543749,0.0884526493116383,"Ppp1r9a,Dbn1"
"GO:0009057","macromolecule catabolic process",1671,4,0.0372264797495128,0.0909818090538192,"Spop,Zdhhc2,Rock2,Sirt2"
"GO:0048638","regulation of developmental growth",399,2,0.0379140827320865,0.0923797881775934,"Sema3g,Dbn1"
"GO:0042981","regulation of apoptotic process",1683,4,0.038077180966681,0.0923797881775934,"Spop,Spp1,Plk5,Sirt2"
"GO:0016050","vesicle organization",403,2,0.0386078340394089,0.0932585350388829,"Zdhhc2,Cc2d1a"
"GO:0030162","regulation of proteolysis",406,2,0.0391313906541719,0.0939757721501735,"Spop,Sirt2"
"GO:0007049","cell cycle",1724,4,0.0410705924791874,0.0960723128254207,"Fntb,Rock2,Plk5,Sirt2"
"GO:0000122","negative regulation of transcription by RNA polymerase II",1009,3,0.0416788476107907,0.0970685422657637,"Spop,Sirt2,Cc2d1a"
"GO:0009967","positive regulation of signal transduction",1733,4,0.0417457155242633,0.0970685422657637,"Spop,Cacnb3,Rock2,Dbn1"
"GO:0043067","regulation of programmed cell death",1741,4,0.0423512865721655,0.0979275102151932,"Spop,Spp1,Plk5,Sirt2"
"GO:0048584","positive regulation of response to stimulus",2578,5,0.043420025793795,0.0992913825137518,"Spop,Cacnb3,Rock2,Dbn1,Sirt2"
"GO:0070482","response to oxygen levels",439,2,0.045069809335564,0.101386695865175,"Rock2,Sirt2"
"GO:0001558","regulation of cell growth",442,2,0.045625599567691,0.101557975836912,"Sema3g,Dbn1"
"GO:0032102","negative regulation of response to external stimulus",442,2,0.045625599567691,0.101557975836912,"Cacnb3,Dbn1"
"GO:0051716","cellular response to stimulus",8819,11,0.0458517194149251,0.101657885260201,"Col1a2,Spop,Spp1,Eps8l1,Ppp1r9a,Sema3g,Cacnb3,Rock2,Dbn1,Plk5,Sirt2"
"GO:0009894","regulation of catabolic process",1049,3,0.0459258291931135,0.101657885260201,"Zdhhc2,Rock2,Sirt2"
"GO:0051050","positive regulation of transport",1049,3,0.0459258291931135,0.101657885260201,"Spp1,Zdhhc2,Cacnb3"
"GO:0070887","cellular response to chemical stimulus",2640,5,0.0473899181208213,0.103064786962066,"Col1a2,Spp1,Ppp1r9a,Rock2,Sirt2"
"GO:0008104","intracellular protein localization",2642,5,0.0475216144205691,0.103170834797885,"Zdhhc2,Cacnb3,Rock2,Nfasc,Dbn1"
"GO:0045595","regulation of cell differentiation",1809,4,0.047706680261171,0.10319555511231,"Sema3g,Rock2,Dbn1,Sirt2"
"GO:0007017","microtubule-based process",1073,3,0.0485760920291293,0.104130536245987,"Nav1,Rock2,Plk5"
"GO:0016310","phosphorylation",458,2,0.0486333131502558,0.104130536245987,"Tesk2,Sirt2"
