"Annot","Term","Annotated","Significant","Pvalue","Padj","GeneID"
"GO:0048731","system development",4438,15,1.97813584545436e-06,0.00163594306797913,"Anxa3,Col1a2,Spp1,Zdhhc2,Vstm4,Nav1,Ppp1r9a,Sema3g,Col1a1,Rock2,Nfasc,Dbn1,Plk5,Sirt2,Cc2d1a"
"GO:0098974","postsynaptic actin cytoskeleton organization",27,3,2.33372762907152e-06,0.00163594306797913,"Ppp1r9a,Rock2,Dbn1"
"GO:0099188","postsynaptic cytoskeleton organization",33,3,4.33638106948563e-06,0.00202653541980628,"Ppp1r9a,Rock2,Dbn1"
"GO:0099173","postsynapse organization",328,5,1.40687065297877e-05,0.0036365930289684,"Zdhhc2,Ppp1r9a,Rock2,Dbn1,Cc2d1a"
"GO:0007275","multicellular organism development",5197,15,1.52042656698165e-05,0.0036365930289684,"Anxa3,Col1a2,Spp1,Zdhhc2,Vstm4,Nav1,Ppp1r9a,Sema3g,Col1a1,Rock2,Nfasc,Dbn1,Plk5,Sirt2,Cc2d1a"
"GO:0034329","cell junction assembly",579,6,1.55631656018619e-05,0.0036365930289684,"Zdhhc2,Ppp1r9a,Tesk2,Rock2,Nfasc,Cc2d1a"
"GO:0034330","cell junction organization",988,7,3.15574849615703e-05,0.00608539421021967,"Zdhhc2,Ppp1r9a,Tesk2,Rock2,Nfasc,Dbn1,Cc2d1a"
"GO:0030199","collagen fibril organization",67,3,3.72534050861639e-05,0.00608539421021967,"Col1a2,Col7a1,Col1a1"
"GO:0048813","dendrite morphogenesis",201,4,4.02032855875057e-05,0.00608539421021967,"Ppp1r9a,Rock2,Dbn1,Cc2d1a"
"GO:0050808","synapse organization",705,6,4.69984108130532e-05,0.00608539421021967,"Zdhhc2,Ppp1r9a,Rock2,Nfasc,Dbn1,Cc2d1a"
"GO:0048667","cell morphogenesis involved in neuron differentiation",707,6,4.77456036465167e-05,0.00608539421021967,"Ppp1r9a,Sema3g,Rock2,Nfasc,Dbn1,Cc2d1a"
"GO:0043589","skin morphogenesis",13,2,7.0232127901032e-05,0.00794791359388811,"Col1a2,Col1a1"
"GO:0048812","neuron projection morphogenesis",766,6,7.44795163130518e-05,0.00794791359388811,"Ppp1r9a,Sema3g,Rock2,Nfasc,Dbn1,Cc2d1a"
"GO:0120039","plasma membrane bounded cell projection morphogenesis",782,6,8.34854983228285e-05,0.00794791359388811,"Ppp1r9a,Sema3g,Rock2,Nfasc,Dbn1,Cc2d1a"
"GO:0048858","cell projection morphogenesis",789,6,8.76902658177959e-05,0.00794791359388811,"Ppp1r9a,Sema3g,Rock2,Nfasc,Dbn1,Cc2d1a"
"GO:0022008","neurogenesis",2099,9,9.62011603583374e-05,0.00794791359388811,"Nav1,Ppp1r9a,Sema3g,Rock2,Nfasc,Dbn1,Plk5,Sirt2,Cc2d1a"
"GO:0010647","positive regulation of cell communication",2115,9,0.000102041686654769,0.00794791359388811,"Spop,Spp1,Zdhhc2,Ppp1r9a,Cacnb3,Col1a1,Rock2,Dbn1,Cc2d1a"
"GO:0023056","positive regulation of signaling",2115,9,0.000102041686654769,0.00794791359388811,"Spop,Spp1,Zdhhc2,Ppp1r9a,Cacnb3,Col1a1,Rock2,Dbn1,Cc2d1a"
"GO:0051641","cellular localization",2691,10,0.000114373068558593,0.00827231314968823,"Sptbn5,Anxa3,Zdhhc2,Ppp1r9a,Cacnb3,Slc7a2,Rock2,Nfasc,Dbn1,Sirt2"
"GO:0072657","protein localization to membrane",513,5,0.000118007320252329,0.00827231314968823,"Zdhhc2,Cacnb3,Rock2,Nfasc,Dbn1"
"GO:0031175","neuron projection development",1233,7,0.000128073057115746,0.00855040124172743,"Ppp1r9a,Sema3g,Rock2,Nfasc,Dbn1,Plk5,Cc2d1a"
"GO:0016043","cellular component organization",7913,17,0.000137963222534095,0.00879201990876368,"Sptbn5,Col1a2,Eps8l1,Col7a1,Zdhhc2,Nav1,Ppp1r9a,Etnppl,Sema3g,Col1a1,Tesk2,Rock2,Nfasc,Dbn1,Plk5,Sirt2,Cc2d1a"
"GO:0007399","nervous system development",2794,10,0.000156985418727214,0.00932096655915229,"Zdhhc2,Nav1,Ppp1r9a,Sema3g,Rock2,Nfasc,Dbn1,Plk5,Sirt2,Cc2d1a"
"GO:0071559","response to transforming growth factor beta",296,4,0.000179417730780448,0.00932096655915229,"Col1a2,Col1a1,Rock2,Dbn1"
"GO:0032231","regulation of actin filament bundle assembly",117,3,0.000195911259223046,0.00932096655915229,"Ppp1r9a,Rock2,Dbn1"
"GO:0071840","cellular component organization or biogenesis",8121,17,0.000196996527633254,0.00932096655915229,"Sptbn5,Col1a2,Eps8l1,Col7a1,Zdhhc2,Nav1,Ppp1r9a,Etnppl,Sema3g,Col1a1,Tesk2,Rock2,Nfasc,Dbn1,Plk5,Sirt2,Cc2d1a"
"GO:0032502","developmental process",7236,16,0.000198571821032056,0.00932096655915229,"Anxa3,Col1a2,Spp1,Zdhhc2,Vstm4,Nav1,Ppp1r9a,Sema3g,Col1a1,Tesk2,Rock2,Nfasc,Dbn1,Plk5,Sirt2,Cc2d1a"
"GO:0065008","regulation of biological quality",3488,11,0.000198604432030991,0.00932096655915229,"Col1a2,Spp1,Zdhhc2,Vstm4,Ppp1r9a,Sema3g,Cacnb3,Rock2,Dbn1,Sirt2,Cc2d1a"
"GO:0048522","positive regulation of cellular process",6410,15,0.000204143149674096,0.00932096655915229,"Anxa3,Spop,Spp1,Eps8l1,Zdhhc2,Ppp1r9a,Fntb,Sema3g,Cacnb3,Col1a1,Rock2,Dbn1,Plk5,Sirt2,Cc2d1a"
"GO:0051130","positive regulation of cellular component organization",1331,7,0.000205887791027493,0.00932096655915229,"Eps8l1,Zdhhc2,Ppp1r9a,Rock2,Dbn1,Plk5,Sirt2"
"GO:0048699","generation of neurons",1806,8,0.00021265881919515,0.00932096655915229,"Nav1,Ppp1r9a,Sema3g,Rock2,Nfasc,Dbn1,Plk5,Cc2d1a"
"GO:0120036","plasma membrane bounded cell projection organization",1809,8,0.00021510834026998,0.00932096655915229,"Eps8l1,Ppp1r9a,Sema3g,Rock2,Nfasc,Dbn1,Plk5,Cc2d1a"
"GO:0072659","protein localization to plasma membrane",312,4,0.000219395075928692,0.00932096655915229,"Zdhhc2,Cacnb3,Rock2,Nfasc"
"GO:0090066","regulation of anatomical structure size",598,5,0.000240952910463959,0.00993576413148443,"Vstm4,Ppp1r9a,Sema3g,Rock2,Dbn1"
"GO:0030030","cell projection organization",1854,8,0.000254755656271953,0.0102047837169508,"Eps8l1,Ppp1r9a,Sema3g,Rock2,Nfasc,Dbn1,Plk5,Cc2d1a"
"GO:0060079","excitatory postsynaptic potential",131,3,0.00027329213352429,0.0106432103111404,"Ppp1r9a,Cacnb3,Dbn1"
"GO:0016358","dendrite development",334,4,0.000284379836939899,0.0107756900375605,"Ppp1r9a,Rock2,Dbn1,Cc2d1a"
"GO:0048666","neuron development",1416,7,0.000301215647043302,0.0109634703624706,"Ppp1r9a,Sema3g,Rock2,Nfasc,Dbn1,Plk5,Cc2d1a"
"GO:0009653","anatomical structure morphogenesis",3026,10,0.00030497528112436,0.0109634703624706,"Anxa3,Col1a2,Vstm4,Ppp1r9a,Sema3g,Col1a1,Rock2,Nfasc,Dbn1,Cc2d1a"
"GO:0048856","anatomical structure development",6654,15,0.00031894373229975,0.0111789778171063,"Anxa3,Col1a2,Spp1,Zdhhc2,Vstm4,Nav1,Ppp1r9a,Sema3g,Col1a1,Rock2,Nfasc,Dbn1,Plk5,Sirt2,Cc2d1a"
"GO:0099565","chemical synaptic transmission, postsynaptic",146,3,0.000375607084049395,0.012843930044811,"Ppp1r9a,Cacnb3,Dbn1"
"GO:0007266","Rho protein signal transduction",149,3,0.0003986404575876,0.0133069981318527,"Col1a2,Eps8l1,Rock2"
"GO:0044057","regulation of system process",672,5,0.000412163145042574,0.0134384355662718,"Spp1,Cacnb3,Rock2,Dbn1,Cc2d1a"
"GO:0048518","positive regulation of biological process",6819,15,0.000426025595376583,0.0135747246526811,"Anxa3,Spop,Spp1,Eps8l1,Zdhhc2,Ppp1r9a,Fntb,Sema3g,Cacnb3,Col1a1,Rock2,Dbn1,Plk5,Sirt2,Cc2d1a"
"GO:0031589","cell-substrate adhesion",383,4,0.000477300066081424,0.0145990654218251,"Spp1,Col1a1,Tesk2,Dbn1"
"GO:0023051","regulation of signaling",3853,11,0.000483842078562929,0.0145990654218251,"Spop,Spp1,Eps8l1,Zdhhc2,Ppp1r9a,Cacnb3,Col1a1,Rock2,Dbn1,Sirt2,Cc2d1a"
"GO:0010646","regulation of cell communication",3858,11,0.000489412321559045,0.0145990654218251,"Spop,Spp1,Eps8l1,Zdhhc2,Ppp1r9a,Cacnb3,Col1a1,Rock2,Dbn1,Sirt2,Cc2d1a"
"GO:0007155","cell adhesion",1547,7,0.000515608559431406,0.0148039893615806,"Spp1,Col7a1,Zdhhc2,Col1a1,Tesk2,Nfasc,Dbn1"
"GO:0007010","cytoskeleton organization",1550,7,0.000521667066609309,0.0148039893615806,"Sptbn5,Nav1,Ppp1r9a,Tesk2,Rock2,Dbn1,Plk5"
"GO:0048167","regulation of synaptic plasticity",398,4,0.00055147352369617,0.0148039893615806,"Zdhhc2,Ppp1r9a,Dbn1,Cc2d1a"
"GO:0031644","regulation of nervous system process",169,3,0.000575661119288694,0.0148039893615806,"Cacnb3,Rock2,Dbn1"
"GO:0044087","regulation of cellular component biogenesis",1128,6,0.000605104814086291,0.0148039893615806,"Eps8l1,Ppp1r9a,Rock2,Dbn1,Sirt2,Cc2d1a"
"GO:1990778","protein localization to cell periphery",410,4,0.000616468431071021,0.0148039893615806,"Zdhhc2,Cacnb3,Rock2,Nfasc"
"GO:0021700","developmental maturation",413,4,0.000633533536274635,0.0148039893615806,"Zdhhc2,Rock2,Nfasc,Sirt2"
"GO:0050807","regulation of synapse organization",415,4,0.000645095586655113,0.0148039893615806,"Ppp1r9a,Rock2,Dbn1,Cc2d1a"
"GO:0030036","actin cytoskeleton organization",743,5,0.000651049419176471,0.0148039893615806,"Sptbn5,Ppp1r9a,Tesk2,Rock2,Dbn1"
"GO:0051128","regulation of cellular component organization",2712,9,0.000670404695403189,0.0148039893615806,"Eps8l1,Zdhhc2,Ppp1r9a,Sema3g,Rock2,Dbn1,Plk5,Sirt2,Cc2d1a"
"GO:0060078","regulation of postsynaptic membrane potential",179,3,0.000680331368649,0.0148039893615806,"Ppp1r9a,Cacnb3,Dbn1"
"GO:0000902","cell morphogenesis",1156,6,0.000688636353103536,0.0148039893615806,"Ppp1r9a,Sema3g,Rock2,Nfasc,Dbn1,Cc2d1a"
"GO:0050803","regulation of synapse structure or activity",424,4,0.000698991285720459,0.0148039893615806,"Ppp1r9a,Rock2,Dbn1,Cc2d1a"
"GO:0051017","actin filament bundle assembly",182,3,0.000713941561425768,0.0148039893615806,"Ppp1r9a,Rock2,Dbn1"
"GO:0032232","negative regulation of actin filament bundle assembly",41,2,0.000726128994015842,0.0148039893615806,"Ppp1r9a,Dbn1"
"GO:0051668","localization within membrane",765,5,0.00074283362508645,0.0148039893615806,"Zdhhc2,Cacnb3,Rock2,Nfasc,Dbn1"
"GO:0061572","actin filament bundle organization",185,3,0.000748594914994034,0.0148039893615806,"Ppp1r9a,Rock2,Dbn1"
"GO:0051239","regulation of multicellular organismal process",3381,10,0.00075208679278537,0.0148039893615806,"Anxa3,Spp1,Sema3g,Cacnb3,Slc7a2,Col1a1,Rock2,Dbn1,Sirt2,Cc2d1a"
"GO:0050804","modulation of chemical synaptic transmission",768,5,0.000756066091283827,0.0148039893615806,"Zdhhc2,Ppp1r9a,Cacnb3,Dbn1,Cc2d1a"
"GO:0099177","regulation of trans-synaptic signaling",769,5,0.000760516093072361,0.0148039893615806,"Zdhhc2,Ppp1r9a,Cacnb3,Dbn1,Cc2d1a"
"GO:1902683","regulation of receptor localization to synapse",43,2,0.000798676300033924,0.0148039893615806,"Zdhhc2,Dbn1"
"GO:0120035","regulation of plasma membrane bounded cell projection organization",782,5,0.000820177941859792,0.0148039893615806,"Eps8l1,Ppp1r9a,Sema3g,Dbn1,Plk5"
"GO:2000463","positive regulation of excitatory postsynaptic potential",44,2,0.00083621077989871,0.0148039893615806,"Cacnb3,Dbn1"
"GO:0032501","multicellular organismal process",9056,17,0.000848065800857902,0.0148039893615806,"Anxa3,Col1a2,Spp1,Zdhhc2,Vstm4,Nav1,Ppp1r9a,Sema3g,Cacnb3,Slc7a2,Col1a1,Rock2,Nfasc,Dbn1,Plk5,Sirt2,Cc2d1a"
"GO:0016477","cell migration",1685,7,0.000859870950848781,0.0148039893615806,"Anxa3,Spp1,Vstm4,Nav1,Sema3g,Col1a1,Rock2"
"GO:0051179","localization",5607,13,0.00087768805214614,0.0148039893615806,"Sptbn5,Anxa3,Spp1,Zdhhc2,Ppp1r9a,Etnppl,Cacnb3,Slc7a2,Col1a1,Rock2,Nfasc,Dbn1,Sirt2"
"GO:0031214","biomineral tissue development",196,3,0.00088479175324277,0.0148039893615806,"Col1a2,Spp1,Col1a1"
"GO:0051129","negative regulation of cellular component organization",797,5,0.000893315359512369,0.0148039893615806,"Ppp1r9a,Sema3g,Rock2,Dbn1,Sirt2"
"GO:0031344","regulation of cell projection organization",798,5,0.000898359315967106,0.0148039893615806,"Eps8l1,Ppp1r9a,Sema3g,Dbn1,Plk5"
"GO:0070848","response to growth factor",801,5,0.000913619480544867,0.0148039893615806,"Col1a2,Col1a1,Rock2,Dbn1,Plk5"
"GO:0009719","response to endogenous stimulus",1706,7,0.000925422320841509,0.0148039893615806,"Col1a2,Spp1,Etnppl,Col1a1,Rock2,Dbn1,Plk5"
"GO:0099175","regulation of postsynapse organization",200,3,0.000937961871223037,0.0148039893615806,"Ppp1r9a,Dbn1,Cc2d1a"
"GO:0032723","positive regulation of connective tissue growth factor production",1,1,0.000971628449281003,0.0148039893615806,"Rock2"
"GO:0061433","cellular response to caloric restriction",1,1,0.000971628449281003,0.0148039893615806,"Sirt2"
"GO:0070446","negative regulation of oligodendrocyte progenitor proliferation",1,1,0.000971628449281003,0.0148039893615806,"Sirt2"
"GO:0071306","cellular response to vitamin E",1,1,0.000971628449281003,0.0148039893615806,"Col1a1"
"GO:0150021","apical dendrite morphogenesis",1,1,0.000971628449281003,0.0148039893615806,"Cc2d1a"
"GO:0150022","apical dendrite development",1,1,0.000971628449281003,0.0148039893615806,"Cc2d1a"
"GO:0150023","apical dendrite arborization",1,1,0.000971628449281003,0.0148039893615806,"Cc2d1a"
"GO:1904113","negative regulation of muscle filament sliding",1,1,0.000971628449281003,0.0148039893615806,"Dbn1"
"GO:1905372","ceramide phosphoethanolamine catabolic process",1,1,0.000971628449281003,0.0148039893615806,"Etnppl"
"GO:1905381","negative regulation of snRNA transcription by RNA polymerase II",1,1,0.000971628449281003,0.0148039893615806,"Cc2d1a"
"GO:1905787","regulation of detection of mechanical stimulus involved in sensory perception of touch",1,1,0.000971628449281003,0.0148039893615806,"Cacnb3"
"GO:1905788","negative regulation of detection of mechanical stimulus involved in sensory perception of touch",1,1,0.000971628449281003,0.0148039893615806,"Cacnb3"
"GO:0030182","neuron differentiation",1721,7,0.000974641946508394,0.0148039893615806,"Ppp1r9a,Sema3g,Rock2,Nfasc,Dbn1,Plk5,Cc2d1a"
"GO:0001568","blood vessel development",814,5,0.000982005000447217,0.0148039893615806,"Anxa3,Col1a2,Vstm4,Col1a1,Rock2"
"GO:0031346","positive regulation of cell projection organization",469,4,0.00101743064784432,0.015174869875295,"Eps8l1,Ppp1r9a,Dbn1,Plk5"
"GO:0003008","system process",3520,10,0.00103701121793831,0.015304102395258,"Col1a2,Spp1,Vstm4,Ppp1r9a,Cacnb3,Col1a1,Rock2,Nfasc,Dbn1,Cc2d1a"
"GO:0030029","actin filament-based process",845,5,0.00116051594399264,0.0169483682653924,"Sptbn5,Ppp1r9a,Tesk2,Rock2,Dbn1"
"GO:0001944","vasculature development",852,5,0.00120397023157826,0.017401714068791,"Anxa3,Col1a2,Vstm4,Col1a1,Rock2"
"GO:0120032","regulation of plasma membrane bounded cell projection assembly",220,3,0.00123424814840966,0.0176573051435749,"Eps8l1,Ppp1r9a,Dbn1"
"GO:0001941","postsynaptic membrane organization",54,2,0.00125742097800329,0.0178071132440465,"Zdhhc2,Dbn1"
"GO:0060491","regulation of cell projection assembly",223,3,0.00128320422813208,0.0179905232784117,"Eps8l1,Ppp1r9a,Dbn1"
"GO:0051489","regulation of filopodium assembly",55,2,0.00130409500527716,0.0181023880930552,"Ppp1r9a,Dbn1"
"GO:1900271","regulation of long-term synaptic potentiation",56,2,0.00135159078090528,0.0185777477924431,"Zdhhc2,Ppp1r9a"
"GO:0040011","locomotion",1360,6,0.00160266410236942,0.021606584982623,"Anxa3,Spp1,Sema3g,Col1a1,Rock2,Dbn1"
"GO:0010976","positive regulation of neuron projection development",241,3,0.00160277092595777,0.021606584982623,"Ppp1r9a,Dbn1,Plk5"
"GO:0010810","regulation of cell-substrate adhesion",242,3,0.0016218517677995,0.0216555826519514,"Spp1,Col1a1,Dbn1"
"GO:0006996","organelle organization",3735,10,0.00165224173682516,0.0218532350474422,"Sptbn5,Zdhhc2,Nav1,Ppp1r9a,Tesk2,Rock2,Dbn1,Plk5,Sirt2,Cc2d1a"
"GO:0071495","cellular response to endogenous stimulus",1383,6,0.00174633824699569,0.0226931290890166,"Col1a2,Etnppl,Col1a1,Rock2,Dbn1,Plk5"
"GO:0060291","long-term synaptic potentiation",250,3,0.00177965816071808,0.0226931290890166,"Zdhhc2,Ppp1r9a,Cc2d1a"
"GO:0061001","regulation of dendritic spine morphogenesis",65,2,0.00181578270079945,0.0226931290890166,"Ppp1r9a,Dbn1"
"GO:0022603","regulation of anatomical structure morphogenesis",958,5,0.00202127355228401,0.0234200456223321,"Anxa3,Ppp1r9a,Sema3g,Rock2,Dbn1"
"GO:0060999","positive regulation of dendritic spine development",69,2,0.00204312994188523,0.0234792473649434,"Ppp1r9a,Dbn1"
"GO:0048762","mesenchymal cell differentiation",265,3,0.00210080446897228,0.023945755004058,"Sema3g,Col1a1,Rock2"
"GO:0007268","chemical synaptic transmission",973,5,0.00216350252354883,0.0242658443041237,"Zdhhc2,Ppp1r9a,Cacnb3,Dbn1,Cc2d1a"
"GO:0098916","anterograde trans-synaptic signaling",973,5,0.00216350252354883,0.0242658443041237,"Zdhhc2,Ppp1r9a,Cacnb3,Dbn1,Cc2d1a"
"GO:0010975","regulation of neuron projection development",579,4,0.00220457378706032,0.0243384312297489,"Ppp1r9a,Sema3g,Dbn1,Plk5"
"GO:0048870","cell motility",1980,7,0.00220688122353288,0.0243384312297489,"Anxa3,Spp1,Vstm4,Nav1,Sema3g,Col1a1,Rock2"
"GO:0098815","modulation of excitatory postsynaptic potential",72,2,0.0022220536358116,0.0243384312297489,"Cacnb3,Dbn1"
"GO:0099537","trans-synaptic signaling",981,5,0.00224230541614708,0.0243698619646372,"Zdhhc2,Ppp1r9a,Cacnb3,Dbn1,Cc2d1a"
"GO:0006810","transport",4642,11,0.0023915477940549,0.0257919231328074,"Sptbn5,Anxa3,Spp1,Zdhhc2,Ppp1r9a,Etnppl,Cacnb3,Slc7a2,Col1a1,Dbn1,Sirt2"
"GO:0110053","regulation of actin filament organization",283,3,0.0025311890922022,0.0269371625251166,"Ppp1r9a,Rock2,Dbn1"
"GO:0046847","filopodium assembly",77,2,0.00253616651449029,0.0269371625251166,"Ppp1r9a,Dbn1"
"GO:0071560","cellular response to transforming growth factor beta stimulus",287,3,0.0026336931449417,0.0272190556687918,"Col1a2,Col1a1,Dbn1"
"GO:0007267","cell-cell signaling",1506,6,0.00269005095696684,0.0272190556687918,"Spp1,Zdhhc2,Ppp1r9a,Cacnb3,Dbn1,Cc2d1a"
"GO:0099536","synaptic signaling",1029,5,0.00276025841282532,0.0272190556687918,"Zdhhc2,Ppp1r9a,Cacnb3,Dbn1,Cc2d1a"
"GO:0031667","response to nutrient levels",617,4,0.00277477688605794,0.0272190556687918,"Spp1,Etnppl,Col1a1,Sirt2"
"GO:0030335","positive regulation of cell migration",621,4,0.00284016859518799,0.0272190556687918,"Anxa3,Sema3g,Col1a1,Rock2"
"GO:0060997","dendritic spine morphogenesis",82,2,0.00287000315717667,0.0272190556687918,"Ppp1r9a,Dbn1"
"GO:0034103","regulation of tissue remodeling",86,2,0.00315115048351069,0.0292577018402781,"Spp1,Rock2"
"GO:2000147","positive regulation of cell motility",649,4,0.0033279677441456,0.0306961235348167,"Anxa3,Sema3g,Col1a1,Rock2"
"GO:0060998","regulation of dendritic spine development",90,2,0.00344471058839716,0.0314524439293524,"Ppp1r9a,Dbn1"
"GO:0007416","synapse assembly",320,3,0.00357834637529134,0.0314524439293524,"Zdhhc2,Ppp1r9a,Cc2d1a"
"GO:0051234","establishment of localization",4883,11,0.00362644902043399,0.0314524439293524,"Sptbn5,Anxa3,Spp1,Zdhhc2,Ppp1r9a,Etnppl,Cacnb3,Slc7a2,Col1a1,Dbn1,Sirt2"
"GO:0033273","response to vitamin",93,2,0.00367297075538464,0.0314524439293524,"Spp1,Col1a1"
"GO:0030198","extracellular matrix organization",323,3,0.00367320970415238,0.0314524439293524,"Col1a2,Col7a1,Col1a1"
"GO:0045229","external encapsulating structure organization",324,3,0.00370517117130791,0.0314524439293524,"Col1a2,Col7a1,Col1a1"
"GO:0040017","positive regulation of locomotion",670,4,0.00372954958730721,0.0314524439293524,"Anxa3,Sema3g,Col1a1,Rock2"
"GO:0043062","extracellular structure organization",325,3,0.00373730330836575,0.0314524439293524,"Col1a2,Col7a1,Col1a1"
"GO:1901888","regulation of cell junction assembly",325,3,0.00373730330836575,0.0314524439293524,"Ppp1r9a,Rock2,Cc2d1a"
"GO:0051649","establishment of localization in cell",2180,7,0.00380981257553883,0.0314524439293524,"Sptbn5,Anxa3,Zdhhc2,Ppp1r9a,Slc7a2,Dbn1,Sirt2"
"GO:0006809","nitric oxide biosynthetic process",95,2,0.0038289749758345,0.0314524439293524,"Slc7a2,Rock2"
"GO:0060485","mesenchyme development",329,3,0.00386754439578495,0.0314524439293524,"Sema3g,Col1a1,Rock2"
"GO:0051492","regulation of stress fiber assembly",99,2,0.00415012554553735,0.033439517326686,"Ppp1r9a,Rock2"
"GO:0050806","positive regulation of synaptic transmission",340,3,0.00423996211333558,0.0339681536165514,"Zdhhc2,Ppp1r9a,Cc2d1a"
"GO:0009605","response to external stimulus",2865,8,0.00442317325654891,0.0351030715049815,"Anxa3,Spp1,Sema3g,Cacnb3,Slc7a2,Col1a1,Dbn1,Sirt2"
"GO:0030516","regulation of axon extension",103,2,0.00448338930373377,0.0351030715049815,"Sema3g,Dbn1"
"GO:0046209","nitric oxide metabolic process",103,2,0.00448338930373377,0.0351030715049815,"Slc7a2,Rock2"
"GO:0040012","regulation of locomotion",1162,5,0.00464982379474744,0.0351030715049815,"Anxa3,Sema3g,Col1a1,Rock2,Dbn1"
"GO:2001057","reactive nitrogen species metabolic process",105,2,0.00465453512194579,0.0351030715049815,"Slc7a2,Rock2"
"GO:0022607","cellular component assembly",4286,10,0.00470311213918836,0.0351030715049815,"Col1a2,Eps8l1,Zdhhc2,Ppp1r9a,Tesk2,Rock2,Nfasc,Dbn1,Sirt2,Cc2d1a"
"GO:0045787","positive regulation of cell cycle",357,3,0.00485734370325708,0.0351030715049815,"Fntb,Rock2,Sirt2"
"GO:0043588","skin development",361,3,0.00501011082589717,0.0360214121943992,"Col1a2,Col1a1,Rock2"
"GO:0048545","response to steroid hormone",362,3,0.00504875381148986,0.0361140451209632,"Spp1,Etnppl,Col1a1"
"GO:0097120","receptor localization to synapse",111,2,0.0051858922163836,0.0365581752127236,"Zdhhc2,Dbn1"
"GO:0016042","lipid catabolic process",366,3,0.00520513808733196,0.0365581752127236,"Spp1,Etnppl,Sirt2"
"GO:0030154","cell differentiation",5107,11,0.0052069975474811,0.0365581752127236,"Spp1,Nav1,Ppp1r9a,Sema3g,Col1a1,Rock2,Nfasc,Dbn1,Plk5,Sirt2,Cc2d1a"
"GO:0048869","cellular developmental process",5108,11,0.00521514625003189,0.0365581752127236,"Spp1,Nav1,Ppp1r9a,Sema3g,Col1a1,Rock2,Nfasc,Dbn1,Plk5,Sirt2,Cc2d1a"
"GO:0032879","regulation of localization",2311,7,0.0052703919135871,0.0366770216191615,"Spp1,Zdhhc2,Ppp1r9a,Cacnb3,Rock2,Dbn1,Sirt2"
"GO:0032956","regulation of actin cytoskeleton organization",368,3,0.00528442108920871,0.0366770216191615,"Ppp1r9a,Rock2,Dbn1"
"GO:0110020","regulation of actomyosin structure organization",113,2,0.00536894682401805,0.0370801155038094,"Ppp1r9a,Rock2"
"GO:0097061","dendritic spine organization",114,2,0.00546158071997307,0.03753498122256,"Ppp1r9a,Dbn1"
"GO:0009987","cellular process",20947,25,0.00583302870678978,0.0382145151725199,"Sptbn5,Anxa3,Col1a2,Spop,Spp1,Eps8l1,Col7a1,Zdhhc2,Vstm4,Nav1,Rbm39,Ppp1r9a,Fntb,Etnppl,Sema3g,Cacnb3,Slc7a2,Col1a1,Tesk2,Rock2,Nfasc,Dbn1,Plk5,Sirt2,Cc2d1a"
"GO:0030038","contractile actin filament bundle assembly",120,2,0.00603278822315449,0.0389768160777078,"Ppp1r9a,Rock2"
"GO:0043149","stress fiber assembly",120,2,0.00603278822315449,0.0389768160777078,"Ppp1r9a,Rock2"
"GO:0061387","regulation of extent of cell growth",120,2,0.00603278822315449,0.0389768160777078,"Sema3g,Dbn1"
"GO:0071363","cellular response to growth factor stimulus",769,4,0.00607326949198089,0.0390583661823725,"Col1a2,Col1a1,Dbn1,Plk5"
"GO:1902903","regulation of supramolecular fiber organization",399,3,0.00660779944122319,0.0409867113030281,"Ppp1r9a,Rock2,Dbn1"
"GO:0106027","neuron projection organization",126,2,0.00663018556704232,0.0409867113030281,"Ppp1r9a,Dbn1"
"GO:0048519","negative regulation of biological process",6085,12,0.00672311216687601,0.0409867113030281,"Spop,Spp1,Ppp1r9a,Fntb,Sema3g,Cacnb3,Col1a1,Rock2,Dbn1,Plk5,Sirt2,Cc2d1a"
"GO:0006612","protein targeting to membrane",127,2,0.00673227700242042,0.0409867113030281,"Zdhhc2,Cacnb3"
"GO:0007154","cell communication",7834,14,0.00690473520640598,0.0415303322776105,"Col1a2,Spop,Spp1,Eps8l1,Zdhhc2,Ppp1r9a,Sema3g,Cacnb3,Col1a1,Rock2,Nfasc,Dbn1,Sirt2,Cc2d1a"
"GO:0032535","regulation of cellular component size",406,3,0.00693159611480804,0.0415303322776105,"Ppp1r9a,Sema3g,Dbn1"
"GO:0044085","cellular component biogenesis",4556,10,0.00735383109233008,0.0437225078198805,"Col1a2,Eps8l1,Zdhhc2,Ppp1r9a,Tesk2,Rock2,Nfasc,Dbn1,Sirt2,Cc2d1a"
"GO:0048675","axon extension",133,2,0.00735985153030798,0.0437225078198805,"Sema3g,Dbn1"
"GO:0051241","negative regulation of multicellular organismal process",1306,5,0.00759257479436051,0.0448854097579211,"Sema3g,Cacnb3,Rock2,Dbn1,Sirt2"
"GO:0032970","regulation of actin filament-based process",421,3,0.00765703802419964,0.0448854097579211,"Ppp1r9a,Rock2,Dbn1"
"GO:0033036","macromolecule localization",3143,8,0.00778144538233688,0.0448954173910959,"Spp1,Zdhhc2,Etnppl,Cacnb3,Col1a1,Rock2,Nfasc,Dbn1"
"GO:0072359","circulatory system development",1316,5,0.00783643594754818,0.0450273901576334,"Anxa3,Col1a2,Vstm4,Col1a1,Rock2"
"GO:0032963","collagen metabolic process",138,2,0.00790235646776198,0.0452208317053155,"Col1a2,Col1a1"
"GO:0051049","regulation of transport",1882,6,0.008029085277681,0.0457592583711739,"Spp1,Zdhhc2,Ppp1r9a,Cacnb3,Dbn1,Sirt2"
"GO:0060996","dendritic spine development",140,2,0.00812428739287992,0.0461143762138366,"Ppp1r9a,Dbn1"
"GO:0048646","anatomical structure formation involved in morphogenesis",1333,5,0.00826362384473104,0.0467161315738424,"Anxa3,Vstm4,Col1a1,Rock2,Nfasc"
"GO:0030155","regulation of cell adhesion",846,4,0.00846485830328244,0.0476615716514136,"Spp1,Zdhhc2,Col1a1,Dbn1"
"GO:0030833","regulation of actin filament polymerization",144,2,0.00857653923258116,0.0477123380886484,"Ppp1r9a,Dbn1"
"GO:0070482","response to oxygen levels",439,3,0.00858519768238969,0.0477123380886484,"Col1a1,Rock2,Sirt2"
"GO:0030282","bone mineralization",145,2,0.00869134223150884,0.0477123380886484,"Col1a2,Spp1"
"GO:0010811","positive regulation of cell-substrate adhesion",151,2,0.00939467304175171,0.051096368664391,"Spp1,Dbn1"
"GO:0061024","membrane organization",880,4,0.00969446081649644,0.051096368664391,"Zdhhc2,Etnppl,Nfasc,Dbn1"
"GO:0007264","small GTPase-mediated signal transduction",461,3,0.00980642553943345,0.0514929161284109,"Col1a2,Eps8l1,Rock2"
"GO:0043254","regulation of protein-containing complex assembly",464,3,0.0099804433137328,0.0522111250964678,"Ppp1r9a,Dbn1,Sirt2"
"GO:0007015","actin filament organization",478,3,0.0108165171012984,0.0532416316986107,"Ppp1r9a,Rock2,Dbn1"
"GO:0070887","cellular response to chemical stimulus",2640,7,0.0108230135763938,0.0532416316986107,"Col1a2,Spp1,Ppp1r9a,Etnppl,Col1a1,Rock2,Sirt2"
"GO:0071456","cellular response to hypoxia",163,2,0.0108750594644631,0.0533106061859347,"Rock2,Sirt2"
"GO:0008064","regulation of actin polymerization or depolymerization",164,2,0.0110028075814066,0.0537489067217146,"Ppp1r9a,Dbn1"
"GO:0050767","regulation of neurogenesis",483,3,0.0111247400592765,0.0541558526496726,"Sema3g,Dbn1,Sirt2"
"GO:0030832","regulation of actin filament length",167,2,0.0113900552901158,0.0545740319003771,"Ppp1r9a,Dbn1"
"GO:0050768","negative regulation of neurogenesis",167,2,0.0113900552901158,0.0545740319003771,"Sema3g,Sirt2"
"GO:0030041","actin filament polymerization",168,2,0.0115204679513496,0.0545740319003771,"Ppp1r9a,Dbn1"
"GO:0007043","cell-cell junction assembly",171,2,0.0119156779425668,0.0558721755032732,"Rock2,Nfasc"
"GO:0001837","epithelial to mesenchymal transition",173,2,0.0121824482670481,0.0569326415680048,"Col1a1,Rock2"
"GO:0007584","response to nutrient",176,2,0.0125875233084236,0.0576722473150649,"Spp1,Col1a1"
"GO:0050770","regulation of axonogenesis",176,2,0.0125875233084236,0.0576722473150649,"Sema3g,Dbn1"
"GO:0051961","negative regulation of nervous system development",177,2,0.0127238550307853,0.0580034703884894,"Sema3g,Sirt2"
"GO:0001503","ossification",508,3,0.0127425598285697,0.0580034703884894,"Col1a2,Spp1,Col1a1"
"GO:1902904","negative regulation of supramolecular fiber organization",178,2,0.0128608379571642,0.0583524104075862,"Ppp1r9a,Dbn1"
"GO:0050877","nervous system process",2737,7,0.013084093762892,0.0590311752795344,"Ppp1r9a,Cacnb3,Col1a1,Rock2,Nfasc,Dbn1,Cc2d1a"
"GO:0051494","negative regulation of cytoskeleton organization",180,2,0.0131367522733343,0.0590311752795344,"Ppp1r9a,Dbn1"
"GO:0099072","regulation of postsynaptic membrane neurotransmitter receptor levels",180,2,0.0131367522733343,0.0590311752795344,"Zdhhc2,Sirt2"
"GO:0007409","axonogenesis",523,3,0.0137751450475362,0.0599774948964155,"Sema3g,Nfasc,Dbn1"
"GO:0060284","regulation of cell development",977,4,0.0138323384740288,0.0600400574012024,"Sema3g,Rock2,Dbn1,Sirt2"
"GO:0048468","cell development",3477,8,0.014104166022177,0.0610309900095437,"Ppp1r9a,Sema3g,Rock2,Nfasc,Dbn1,Plk5,Sirt2,Cc2d1a"
"GO:0048513","animal organ development",3492,8,0.0144585998336565,0.061251234912312,"Col1a2,Spp1,Vstm4,Sema3g,Col1a1,Rock2,Nfasc,Sirt2"
"GO:0048523","negative regulation of cellular process",5830,11,0.0145045720334433,0.061251234912312,"Spop,Spp1,Ppp1r9a,Fntb,Sema3g,Col1a1,Rock2,Dbn1,Plk5,Sirt2,Cc2d1a"
"GO:0042391","regulation of membrane potential",539,3,0.0149282201879437,0.0625541098508606,"Ppp1r9a,Cacnb3,Dbn1"
"GO:0036294","cellular response to decreased oxygen levels",193,2,0.0149928548393571,0.0625541098508606,"Rock2,Sirt2"
"GO:0071230","cellular response to amino acid stimulus",195,2,0.0152879408634884,0.0625541098508606,"Col1a2,Col1a1"
"GO:0008154","actin polymerization or depolymerization",196,2,0.0154364269367899,0.0625541098508606,"Ppp1r9a,Dbn1"
"GO:0050793","regulation of developmental process",2829,7,0.0155346423291563,0.0627653272203951,"Anxa3,Ppp1r9a,Sema3g,Col1a1,Rock2,Dbn1,Sirt2"
"GO:0006950","response to stress",4288,9,0.0156537138185197,0.06306467463668,"Anxa3,Spop,Spp1,Fntb,Slc7a2,Col1a1,Rock2,Plk5,Sirt2"
"GO:0042552","myelination",200,2,0.0160366289932752,0.0638493054662967,"Nfasc,Sirt2"
"GO:1905475","regulation of protein localization to membrane",200,2,0.0160366289932752,0.0638493054662967,"Zdhhc2,Dbn1"
"GO:0051094","positive regulation of developmental process",1574,5,0.0162012619284289,0.0638493054662967,"Anxa3,Ppp1r9a,Col1a1,Dbn1,Sirt2"
"GO:0051493","regulation of cytoskeleton organization",556,3,0.0162121869687112,0.0638493054662967,"Ppp1r9a,Rock2,Dbn1"
"GO:0071229","cellular response to acid chemical",203,2,0.0164933161304494,0.0639418912831959,"Col1a2,Col1a1"
"GO:0007272","ensheathment of neurons",204,2,0.0166467833939847,0.0639418912831959,"Nfasc,Sirt2"
"GO:0008366","axon ensheathment",204,2,0.0166467833939847,0.0639418912831959,"Nfasc,Sirt2"
"GO:0035296","regulation of tube diameter",204,2,0.0166467833939847,0.0639418912831959,"Vstm4,Rock2"
"GO:0097746","blood vessel diameter maintenance",204,2,0.0166467833939847,0.0639418912831959,"Vstm4,Rock2"
"GO:0035150","regulation of tube size",205,2,0.016800867692246,0.0641860825996732,"Vstm4,Rock2"
"GO:0065007","biological regulation",13697,19,0.0168859359713043,0.0641860825996732,"Anxa3,Col1a2,Spop,Spp1,Eps8l1,Zdhhc2,Vstm4,Rbm39,Ppp1r9a,Fntb,Sema3g,Cacnb3,Slc7a2,Col1a1,Rock2,Dbn1,Plk5,Sirt2,Cc2d1a"
"GO:1990138","neuron projection extension",207,2,0.0171108824265648,0.0641860825996732,"Sema3g,Dbn1"
"GO:0032271","regulation of protein polymerization",209,2,0.0174233504172494,0.06428299285522,"Ppp1r9a,Dbn1"
"GO:0030334","regulation of cell migration",1048,4,0.0174890493291156,0.0643560292898166,"Anxa3,Sema3g,Col1a1,Rock2"
"GO:0032880","regulation of protein localization",1052,4,0.0177115613152743,0.0649322271751753,"Zdhhc2,Cacnb3,Rock2,Dbn1"
"GO:0071453","cellular response to oxygen levels",211,2,0.0177382617746734,0.0649322271751753,"Rock2,Sirt2"
"GO:0009725","response to hormone",1062,4,0.0182756877740724,0.0653080130817448,"Spp1,Etnppl,Col1a1,Rock2"
"GO:0008015","blood circulation",584,3,0.0184600417331743,0.0656877627155085,"Col1a2,Vstm4,Rock2"
"GO:0008361","regulation of cell size",216,2,0.018536165235743,0.0657916548367386,"Sema3g,Dbn1"
"GO:0023052","signaling",7797,13,0.0189814056222244,0.0661870651837193,"Col1a2,Spop,Spp1,Eps8l1,Zdhhc2,Ppp1r9a,Sema3g,Cacnb3,Col1a1,Rock2,Dbn1,Sirt2,Cc2d1a"
"GO:0061564","axon development",591,3,0.0190480165232889,0.0661870651837193,"Sema3g,Nfasc,Dbn1"
"GO:2000026","regulation of multicellular organismal development",1641,5,0.0190975124219905,0.0661870651837193,"Anxa3,Sema3g,Rock2,Dbn1,Sirt2"
"GO:0071356","cellular response to tumor necrosis factor",220,2,0.0191853357095764,0.0661870651837193,"Col1a1,Dbn1"
"GO:0051960","regulation of nervous system development",593,3,0.0192179262195431,0.0661870651837193,"Sema3g,Dbn1,Sirt2"
"GO:0051963","regulation of synapse assembly",221,2,0.0193491247756143,0.0662998569321747,"Ppp1r9a,Cc2d1a"
"GO:0001525","angiogenesis",595,3,0.019388688546499,0.0662998569321747,"Anxa3,Vstm4,Rock2"
"GO:0007166","cell surface receptor signaling pathway",2960,7,0.0195826439701342,0.0668001626426476,"Col1a2,Ppp1r9a,Sema3g,Cacnb3,Col1a1,Rock2,Dbn1"
"GO:0031032","actomyosin structure organization",224,2,0.0198440639910753,0.0675276158142901,"Ppp1r9a,Rock2"
"GO:0009888","tissue development",2289,6,0.0199165607594042,0.0676102135222391,"Col1a2,Spp1,Sema3g,Col1a1,Rock2,Sirt2"
"GO:0061351","neural precursor cell proliferation",225,2,0.0200102303607426,0.0676404457884384,"Dbn1,Sirt2"
"GO:0051726","regulation of cell cycle",1098,4,0.0204002973062358,0.0680981352936728,"Fntb,Rock2,Plk5,Sirt2"
"GO:0003013","circulatory system process",613,3,0.0209639720546592,0.0696646075820313,"Col1a2,Vstm4,Rock2"
"GO:2000145","regulation of cell motility",1109,4,0.021079074551135,0.0696646075820313,"Anxa3,Sema3g,Col1a1,Rock2"
"GO:0050794","regulation of cellular process",12856,18,0.0214130267121082,0.0703069401648142,"Anxa3,Col1a2,Spop,Spp1,Eps8l1,Zdhhc2,Rbm39,Ppp1r9a,Fntb,Sema3g,Cacnb3,Slc7a2,Col1a1,Rock2,Dbn1,Plk5,Sirt2,Cc2d1a"
"GO:0048771","tissue remodeling",234,2,0.0215321915844603,0.0705330200967602,"Spp1,Rock2"
"GO:0043200","response to amino acid",239,2,0.0223980987320235,0.0722671303394486,"Col1a2,Col1a1"
"GO:0120031","plasma membrane bounded cell projection assembly",629,3,0.0224223977872041,0.0722671303394486,"Eps8l1,Ppp1r9a,Dbn1"
"GO:0045216","cell-cell junction organization",240,2,0.0225730085357808,0.0725856834109281,"Rock2,Nfasc"
"GO:0060341","regulation of cellular localization",634,3,0.0228894031781795,0.0734346527592853,"Zdhhc2,Cacnb3,Dbn1"
"GO:0034612","response to tumor necrosis factor",243,2,0.0231011733522345,0.073441825487149,"Col1a1,Dbn1"
"GO:0036211","protein modification process",1729,5,0.0234048905738651,0.0741783551779569,"Spop,Zdhhc2,Fntb,Tesk2,Sirt2"
"GO:0001649","osteoblast differentiation",245,2,0.0234561342540648,0.0741783551779569,"Spp1,Col1a1"
"GO:0009967","positive regulation of signal transduction",1733,5,0.0236147183164643,0.0741783551779569,"Spop,Cacnb3,Col1a1,Rock2,Dbn1"
"GO:0030031","cell projection assembly",643,3,0.023743522286805,0.0741783551779569,"Eps8l1,Ppp1r9a,Dbn1"
"GO:0043542","endothelial cell migration",247,2,0.0238133649790937,0.0741783551779569,"Anxa3,Vstm4"
"GO:0051301","cell division",650,3,0.0244198510365939,0.0752453431940761,"Rock2,Plk5,Sirt2"
"GO:0048469","cell maturation",251,2,0.024534598337447,0.075433129098905,"Nfasc,Sirt2"
"GO:0050896","response to stimulus",10946,16,0.0250711997697,0.0762779599525775,"Anxa3,Col1a2,Spop,Spp1,Eps8l1,Ppp1r9a,Fntb,Etnppl,Sema3g,Cacnb3,Slc7a2,Col1a1,Rock2,Dbn1,Plk5,Sirt2"
"GO:0001101","response to acid chemical",254,2,0.0250814119387576,0.0762779599525775,"Col1a2,Col1a1"
"GO:0048878","chemical homeostasis",1182,4,0.0259419298245068,0.0775492230574809,"Spop,Spp1,Etnppl,Col1a1"
"GO:0007411","axon guidance",264,2,0.0269401490890428,0.0795159768901853,"Sema3g,Nfasc"
"GO:0097485","neuron projection guidance",265,2,0.0271290414435681,0.0799052859325261,"Sema3g,Nfasc"
"GO:0019219","regulation of nucleobase-containing compound metabolic process",3908,8,0.0272070775293322,0.0799671335348505,"Anxa3,Spop,Spp1,Rbm39,Col1a1,Rock2,Sirt2,Cc2d1a"
"GO:0003018","vascular process in circulatory system",268,2,0.0276989794174581,0.0806459982262174,"Vstm4,Rock2"
"GO:0009612","response to mechanical stimulus",268,2,0.0276989794174581,0.0806459982262174,"Cacnb3,Col1a1"
"GO:0045595","regulation of cell differentiation",1809,5,0.0278407012421464,0.0806459982262174,"Sema3g,Col1a1,Rock2,Dbn1,Sirt2"
"GO:0032101","regulation of response to external stimulus",1222,4,0.0288754138302161,0.0827879962984928,"Cacnb3,Slc7a2,Dbn1,Sirt2"
"GO:0033043","regulation of organelle organization",1227,4,0.0292556877047008,0.0834531555219771,"Ppp1r9a,Rock2,Dbn1,Sirt2"
"GO:0006605","protein targeting",277,2,0.0294378749310594,0.0834531555219771,"Zdhhc2,Cacnb3"
"GO:0090068","positive regulation of cell cycle process",277,2,0.0294378749310594,0.0834531555219771,"Rock2,Sirt2"
"GO:0009966","regulation of signal transduction",3214,7,0.0295145249343154,0.0834531555219771,"Spop,Eps8l1,Cacnb3,Col1a1,Rock2,Dbn1,Sirt2"
"GO:0048514","blood vessel morphogenesis",701,3,0.0296647870626445,0.0834531555219771,"Anxa3,Vstm4,Rock2"
"GO:0000226","microtubule cytoskeleton organization",702,3,0.0297732050784237,0.0834768205967679,"Nav1,Rock2,Plk5"
"GO:0044093","positive regulation of molecular function",279,2,0.0298301619964199,0.0834768205967679,"Cacnb3,Sirt2"
"GO:0018193","peptidyl-amino acid modification",280,2,0.0300270986498249,0.0838605424443316,"Zdhhc2,Sirt2"
"GO:0090150","establishment of protein localization to membrane",282,2,0.0304225525861019,0.0842480008851143,"Zdhhc2,Cacnb3"
"GO:0090257","regulation of muscle system process",283,2,0.0306210676287631,0.0842480008851143,"Rock2,Dbn1"
"GO:0050789","regulation of biological process",13279,18,0.031325228910264,0.0859451485952841,"Anxa3,Col1a2,Spop,Spp1,Eps8l1,Zdhhc2,Rbm39,Ppp1r9a,Fntb,Sema3g,Cacnb3,Slc7a2,Col1a1,Rock2,Dbn1,Plk5,Sirt2,Cc2d1a"
"GO:0002274","myeloid leukocyte activation",292,2,0.0324311445199588,0.0870410028719202,"Anxa3,Slc7a2"
"GO:0060560","developmental growth involved in morphogenesis",292,2,0.0324311445199588,0.0870410028719202,"Sema3g,Dbn1"
"GO:0043412","macromolecule modification",1884,5,0.0324680760284021,0.0870410028719202,"Spop,Zdhhc2,Fntb,Tesk2,Sirt2"
"GO:0048588","developmental cell growth",293,2,0.0326348484323055,0.087150585718271,"Sema3g,Dbn1"
"GO:0048584","positive regulation of response to stimulus",2578,6,0.0336068537713785,0.0888752828836192,"Spop,Cacnb3,Col1a1,Rock2,Dbn1,Sirt2"
"GO:0035295","tube development",1282,4,0.0336400730312782,0.0888752828836192,"Anxa3,Spp1,Vstm4,Rock2"
"GO:0051258","protein polymerization",298,2,0.0336610379537816,0.0888752828836192,"Ppp1r9a,Dbn1"
"GO:0008285","negative regulation of cell population proliferation",746,3,0.0347552419998568,0.0909083009026105,"Fntb,Plk5,Sirt2"
"GO:0032386","regulation of intracellular transport",304,2,0.0349091945812749,0.0911409512159171,"Zdhhc2,Dbn1"
"GO:0001894","tissue homeostasis",307,2,0.0355400479467252,0.0915940206274057,"Spp1,Vstm4"
"GO:0060249","anatomical structure homeostasis",307,2,0.0355400479467252,0.0915940206274057,"Spp1,Vstm4"
"GO:0010721","negative regulation of cell development",313,2,0.0368151585444935,0.0941876866412042,"Sema3g,Sirt2"
"GO:0008104","intracellular protein localization",2642,6,0.0373234956884549,0.0942838575769617,"Zdhhc2,Cacnb3,Col1a1,Rock2,Nfasc,Dbn1"
"GO:0010564","regulation of cell cycle process",771,3,0.0377695793612883,0.095088910223149,"Rock2,Plk5,Sirt2"
"GO:0033554","cellular response to stress",1962,5,0.0377778338047746,0.095088910223149,"Spop,Spp1,Rock2,Plk5,Sirt2"
"GO:0050954","sensory perception of mechanical stimulus",319,2,0.03810794738121,0.0952116140307703,"Cacnb3,Col1a1"
"GO:0045765","regulation of angiogenesis",320,2,0.038325114683134,0.095438385054625,"Anxa3,Rock2"
"GO:0071695","anatomical structure maturation",323,2,0.038979513878963,0.0968572428289491,"Nfasc,Sirt2"
"GO:0051240","positive regulation of multicellular organismal process",1980,5,0.039076638533326,0.0968572428289491,"Anxa3,Spp1,Col1a1,Rock2,Dbn1"
"GO:1901342","regulation of vasculature development",327,2,0.0398587669624542,0.0979620345619287,"Anxa3,Rock2"
"GO:0009628","response to abiotic stimulus",1354,4,0.0399436300570618,0.0979620345619287,"Cacnb3,Col1a1,Rock2,Sirt2"
"GO:0051246","regulation of protein metabolic process",1358,4,0.0403127359073505,0.0984642086099396,"Spop,Zdhhc2,Rock2,Sirt2"
"GO:0071396","cellular response to lipid",805,3,0.0420808995141424,0.101566783512877,"Spp1,Etnppl,Col1a1"
"GO:0001666","response to hypoxia",337,2,0.042090086462897,0.101566783512877,"Rock2,Sirt2"
"GO:1903311","regulation of mRNA metabolic process",337,2,0.042090086462897,0.101566783512877,"Rbm39,Rock2"
"GO:0006936","muscle contraction",338,2,0.0423157971935865,0.101935992552248,"Rock2,Dbn1"
"GO:0042592","homeostatic process",2027,5,0.0425997315840019,0.102443951424993,"Spop,Spp1,Vstm4,Etnppl,Col1a1"
"GO:0042593","glucose homeostasis",342,2,0.0432232768718488,0.103588092605696,"Spop,Col1a1"
"GO:0033500","carbohydrate homeostasis",343,2,0.0434513008152671,0.103831122274559,"Spop,Col1a1"
"GO:0080090","regulation of primary metabolic process",5085,9,0.0436272032538784,0.103831122274559,"Anxa3,Spop,Spp1,Zdhhc2,Rbm39,Col1a1,Rock2,Sirt2,Cc2d1a"
"GO:0097435","supramolecular fiber organization",827,3,0.044999594983326,0.106032659103568,"Ppp1r9a,Rock2,Dbn1"
"GO:0048583","regulation of response to stimulus",4311,8,0.0458887413836012,0.107226692366348,"Spop,Eps8l1,Cacnb3,Slc7a2,Col1a1,Rock2,Dbn1,Sirt2"
"GO:0006915","apoptotic process",2116,5,0.0497997572093133,0.114590493533449,"Spop,Spp1,Rock2,Plk5,Sirt2"
