"file","comp_group","cell_type","n_mouse_sig","n_schwann_sig","n_jci_sig","n_overlap_schwann","n_overlap_jci","n_overlap_all_three","jaccard_mouse_vs_union"
"EXvsHFD_mySC.csv","EXvsHFD","mySC",186,194,1422,5,29,2,0.0184971098265896
"DRvsHFD_mySC.csv","DRvsHFD","mySC",47,194,1422,3,9,2,0.00619962802231866
"HFDvsSD_mySC.csv","HFDvsSD","mySC",27,194,1422,2,4,1,0.00312891113892365
"HFDvsSD_ImmSC.csv","HFDvsSD","ImmSC",3,194,1422,1,1,1,0.000633713561470215
"DREXvsHFD_mySC.csv","DREXvsHFD","mySC",90,194,1422,2,15,0,0.0103092783505155
"DREXvsHFD_ImmSC.csv","DREXvsHFD","ImmSC",26,194,1422,0,5,0,0.00313087038196619
"EXvsHFD_ImmSC.csv","EXvsHFD","ImmSC",10,194,1422,0,3,0,0.00189513581806696
"DREXvsHFD_nmSC.csv","DREXvsHFD","nmSC",19,194,1422,0,2,0,0.00125549278091651
"DRvsHFD_nmSC.csv","DRvsHFD","nmSC",5,194,1422,0,2,0,0.0012666244458518
"HFDvsSD_nmSC.csv","HFDvsSD","nmSC",4,194,1422,0,1,0,0.000633312222925902
"EXvsHFD_nmSC.csv","EXvsHFD","nmSC",3,194,1422,0,0,0,0
"DRvsHFD_ImmSC.csv","DRvsHFD","ImmSC",NA,194,1422,NA,NA,NA,NA
