"ID","Description","GeneRatio","BgRatio","RichFactor","FoldEnrichment","zScore","pvalue","p.adjust","qvalue","geneID","Count"
"GO:0010001","glial cell differentiation","15/148","305/25730",0.0491803278688525,8.55006645990252,10.0889339149564,2.90294391114391e-10,7.39670108559468e-07,5.76005186579607e-07,"S100b/Metrn/Mdk/Reln/Gap43/Kcnj10/Serpine2/Myoc/Ntrk2/Cntn2/Ptn/Trem2/Myrf/Mag/Ptprz1",15
"GO:0042063","gliogenesis","16/148","415/25730",0.0385542168674699,6.7027027027027,8.90821884413208,2.47002627517545e-09,3.14681347457352e-06,2.45052606773985e-06,"S100b/Metrn/Mdk/Reln/Gap43/Kcnj10/Serpine2/Myoc/Ntrk2/Cntn2/Cx3cr1/Ptn/Trem2/Myrf/Mag/Ptprz1",16
"GO:0009612","response to mechanical stimulus","12/148","268/25730",0.0447761194029851,7.78438886647842,8.49194038691397,5.30232496575579e-08,4.50344133758191e-05,3.50697633699988e-05,"Aqp1/Txnip/Mdk/Slc2a1/Gap43/Cav1/Cnn2/Serpine2/Igfbp2/Ptn/Mag/Grin2b",12
"GO:0045685","regulation of glial cell differentiation","8/148","99/25730",0.0808080808080808,14.048594048594,9.89403872809286,1.09027537598613e-07,6.94505414503167e-05,5.40833969403648e-05,"Mdk/Serpine2/Cntn2/Ptn/Trem2/Myrf/Mag/Ptprz1",8
"GO:0050767","regulation of neurogenesis","15/148","483/25730",0.031055900621118,5.39911029041464,7.42349789257225,1.3684141593837e-07,6.97343855621933e-05,5.43044355881742e-05,"Metrn/Mdk/Reln/Sema7a/Serpine2/Ntrk2/Cx3cr1/Nefl/Ptn/Trem2/Cit/Myrf/Mag/Ptprz1/Draxin",15
"GO:0042552","myelination","10/148","200/25730",0.05,8.69256756756757,8.30684245535678,2.58259485004165e-07,9.87792151595054e-05,7.69225896784548e-05,"S100b/Kcnj10/Cldn5/Myoc/Ntrk2/Cntn2/Ptn/Myrf/Mag/Ptprz1",10
"GO:0007272","ensheathment of neurons","10/148","204/25730",0.0490196078431373,8.52212506624271,8.20425811069108,3.10138823106767e-07,9.87792151595054e-05,7.69225896784548e-05,"S100b/Kcnj10/Cldn5/Myoc/Ntrk2/Cntn2/Ptn/Myrf/Mag/Ptprz1",10
"GO:0008366","axon ensheathment","10/148","204/25730",0.0490196078431373,8.52212506624271,8.20425811069108,3.10138823106767e-07,9.87792151595054e-05,7.69225896784548e-05,"S100b/Kcnj10/Cldn5/Myoc/Ntrk2/Cntn2/Ptn/Myrf/Mag/Ptprz1",10
"GO:0050769","positive regulation of neurogenesis","12/148","324/25730",0.037037037037037,6.43893893893894,7.49365345608371,4.10432372445002e-07,0.000116197964998874,9.0487137082904e-05,"Metrn/Mdk/Reln/Sema7a/Serpine2/Ntrk2/Cx3cr1/Nefl/Ptn/Myrf/Mag/Ptprz1",12
"GO:0051962","positive regulation of nervous system development","13/148","392/25730",0.0331632653061225,5.76547848869278,7.23166741980555,4.66483796436579e-07,0.00011886007133204,9.25602059245213e-05,"Metrn/Mdk/Reln/Sema7a/Serpine2/Ntrk2/Lrrtm1/Cx3cr1/Nefl/Ptn/Myrf/Mag/Ptprz1",13
"GO:0045687","positive regulation of glial cell differentiation","6/148","58/25730",0.103448275862069,17.9846225535881,9.84952095902276,1.03485354868105e-06,0.000239709712912665,0.000186669754953471,"Mdk/Serpine2/Ptn/Myrf/Mag/Ptprz1",6
"GO:0048709","oligodendrocyte differentiation","8/148","135/25730",0.0592592592592593,10.3023023023023,8.24242169836993,1.18522944316475e-06,0.000251663718431982,0.000195978728102241,"Mdk/Kcnj10/Ntrk2/Cntn2/Ptn/Myrf/Mag/Ptprz1",8
"GO:0007611","learning or memory","12/148","369/25730",0.032520325203252,5.65370248297078,6.84862954071872,1.6081447398597e-06,0.000315196369012502,0.000245453670820692,"S100b/Mdk/Reln/Ntrk2/Cntn2/B3gat1/Cx3cr1/Ptn/Trem2/Ptprz1/Kcnab1/Grin2b",12
"GO:0002685","regulation of leukocyte migration","10/148","249/25730",0.0401606425702811,6.98198198198198,7.21458914610912,1.90412231617156e-06,0.000346550261543224,0.000269869967367172,"Mdk/Cxcl14/Gas6/Nbl1/Cnn2/Plvap/Cx3cr1/Ptn/Trem2/Aoc3",10
"GO:0021782","glial cell development","8/148","150/25730",0.0533333333333333,9.27207207207207,7.7283135357092,2.61657049691553e-06,0.000444468108409385,0.000346121781521809,"Mdk/Kcnj10/Myoc/Ntrk2/Cntn2/Trem2/Myrf/Mag",8
"GO:0051402","neuron apoptotic process","12/148","395/25730",0.030379746835443,5.28156004105371,6.52251664358298,3.24404181475147e-06,0.000516613658999172,0.000402303869789903,"Crlf1/Mdk/Ntrk2/Cx3cr1/Nefl/Trem2/Cit/Faim2/Mag/Ptprz1/Draxin/Tmtc4",12
"GO:0031102","neuron projection regeneration","6/148","76/25730",0.0789473684210526,13.725106685633,8.45017585206747,5.13397339123583e-06,0.000759364149034801,0.000591341576853094,"Gap43/Nefl/Ptn/Mag/Adm/Inpp5f",6
"GO:0050890","cognition","12/148","415/25730",0.0289156626506024,5.02702702702703,6.2906379515435,5.36442491468855e-06,0.000759364149034801,0.000591341576853094,"S100b/Mdk/Reln/Ntrk2/Cntn2/B3gat1/Cx3cr1/Ptn/Trem2/Ptprz1/Kcnab1/Grin2b",12
"GO:0043524","negative regulation of neuron apoptotic process","9/148","225/25730",0.04,6.95405405405405,6.82285956191794,6.52029949664616e-06,0.000874406479866023,0.000680928783998782,"Crlf1/Mdk/Ntrk2/Cx3cr1/Nefl/Faim2/Mag/Ptprz1/Draxin",9
"GO:0002687","positive regulation of leukocyte migration","8/148","171/25730",0.0467836257309941,8.13339655444918,7.11864864095204,6.90594087910372e-06,0.000879816867997814,0.000685142029321606,"Mdk/Cxcl14/Gas6/Plvap/Cx3cr1/Ptn/Trem2/Aoc3",8
"GO:0050770","regulation of axonogenesis","8/148","176/25730",0.0454545454545455,7.90233415233415,6.98872469674391,8.53017562030808e-06,0.00103499464193071,0.000805984012244648,"Metrn/Sema7a/Ntrk2/Cntn2/Nefl/Cit/Mag/Draxin",8
"GO:0031099","regeneration","9/148","235/25730",0.0382978723404255,6.65813686026452,6.62757933186806,9.25086922971745e-06,0.00107141885442364,0.000834348731962555,"Mdk/Gas6/Gap43/Mustn1/Nefl/Ptn/Mag/Adm/Inpp5f",9
"GO:0007613","memory","8/148","184/25730",0.0434782608695652,7.55875440658049,6.79115887218668,1.17958418405933e-05,0.00130677413086225,0.00101762754551572,"S100b/Mdk/Reln/Ntrk2/Cx3cr1/Ptn/Trem2/Grin2b",8
"GO:1903034","regulation of response to wounding","8/148","186/25730",0.043010752688172,7.47747747747748,6.74361852201175,1.27594219270977e-05,0.00135462529459354,0.00105489080406049,"Mdk/Vwf/Cav1/Tspan8/Serpine2/Smoc2/Ptn/Inpp5f",8
"GO:0045664","regulation of neuron differentiation","9/148","250/25730",0.036,6.25864864864865,6.35505789291165,1.51531199494965e-05,0.00153770603733716,0.00119746173691669,"S100b/Reln/Cav1/Nbl1/Rap1gap/Cntn2/Cit/Mag/Gdf11",9
"GO:0045665","negative regulation of neuron differentiation","6/148","94/25730",0.0638297872340425,11.0968947671075,7.4593620919018,1.75643440614208e-05,0.00153770603733716,0.00119746173691669,"Cav1/Rap1gap/Cntn2/Cit/Mag/Gdf11",6
"GO:0031646","positive regulation of nervous system process","5/148","56/25730",0.0892857142857143,15.5224420849421,8.27488490960588,1.77458912389116e-05,0.00153770603733716,0.00119746173691669,"S100b/Myrf/Mag/Igsf9b/Grin2b",5
"GO:0021537","telencephalon development","10/148","323/25730",0.0309597523219814,5.38239477867961,6.02852586733279,1.86821774614402e-05,0.00153770603733716,0.00119746173691669,"Aqp1/Mdk/Slc2a1/Reln/Sema7a/Ntrk2/Cntn2/Cx3cr1/Nefl/Draxin",10
"GO:0030198","extracellular matrix organization","10/148","323/25730",0.0309597523219814,5.38239477867961,6.02852586733279,1.86821774614402e-05,0.00153770603733716,0.00119746173691669,"Col14a1/Gas6/Cav1/Mmp15/Comp/Smoc2/Adamtsl2/Papln/Smoc1/Adamtsl1",10
"GO:0045229","external encapsulating structure organization","10/148","324/25730",0.0308641975308642,5.36578244911578,6.01508145349918,1.91834468513902e-05,0.00153770603733716,0.00119746173691669,"Col14a1/Gas6/Cav1/Mmp15/Comp/Smoc2/Adamtsl2/Papln/Smoc1/Adamtsl1",10
"GO:0043062","extracellular structure organization","10/148","325/25730",0.0307692307692308,5.34927234927235,6.00169261367387,1.96962376410005e-05,0.00153770603733716,0.00119746173691669,"Col14a1/Gas6/Cav1/Mmp15/Comp/Smoc2/Adamtsl2/Papln/Smoc1/Adamtsl1",10
"GO:0014015","positive regulation of gliogenesis","6/148","96/25730",0.0625,10.8657094594595,7.36598469178528,1.98107173422379e-05,0.00153770603733716,0.00119746173691669,"Mdk/Serpine2/Ptn/Myrf/Mag/Ptprz1",6
"GO:0048167","regulation of synaptic plasticity","11/148","398/25730",0.0276381909547739,4.80493684639413,5.81874483830136,2.03366143874775e-05,0.00153770603733716,0.00119746173691669,"S100b/Reln/Kcnj10/Serpine2/Ntrk2/Lrrtm1/Cntn2/Cx3cr1/Ptn/Grin2b/Shisa9",11
"GO:0048678","response to axon injury","6/148","97/25730",0.0618556701030928,10.7536918361661,7.32032296958995,2.10176301892313e-05,0.00153770603733716,0.00119746173691669,"Gap43/Nefl/Ptn/Trem2/Mag/Inpp5f",6
"GO:0030336","negative regulation of cell migration","10/148","328/25730",0.0304878048780488,5.3003460777851,5.96185538786628,2.13059403409007e-05,0.00153770603733716,0.00119746173691669,"Podn/Cav1/Nbl1/Cldn5/Cnn2/Egfl7/Cx3cr1/Ptn/Cldn19/Robo4",10
"GO:0110088","hippocampal neuron apoptotic process","3/148","10/25730",0.3,52.1554054054054,12.3064024230651,2.17258309827856e-05,0.00153770603733716,0.00119746173691669,"Cx3cr1/Trem2/Draxin",3
"GO:0014013","regulation of gliogenesis","7/148","148/25730",0.0472972972972973,8.22269905040175,6.70252115923227,2.4544287223768e-05,0.00168499239145984,0.00131215841440213,"Mdk/Serpine2/Ptn/Trem2/Myrf/Mag/Ptprz1",7
"GO:0071675","regulation of mononuclear cell migration","7/148","149/25730",0.0469798657718121,8.16751315073463,6.67387299484642,2.56315191389697e-05,0.00168499239145984,0.00131215841440213,"Mdk/Cxcl14/Gas6/Nbl1/Cnn2/Cx3cr1/Trem2",7
"GO:0043523","regulation of neuron apoptotic process","10/148","336/25730",0.0297619047619048,5.17414736164736,5.85796701630657,2.61621967077105e-05,0.00168499239145984,0.00131215841440213,"Crlf1/Mdk/Ntrk2/Cx3cr1/Nefl/Trem2/Faim2/Mag/Ptprz1/Draxin",10
"GO:0048708","astrocyte differentiation","6/148","101/25730",0.0594059405940594,10.3278030505753,7.14412900056109,2.64519998659315e-05,0.00168499239145984,0.00131215841440213,"S100b/Gap43/Serpine2/Cntn2/Trem2/Mag",6
"GO:0050900","leukocyte migration","11/148","414/25730",0.0265700483091787,4.61923880402141,5.64670280261141,2.9172533752402e-05,0.00181296624392976,0.00141181581831265,"Mdk/Cxcl14/Gas6/Nbl1/Cnn2/Ggt5/Plvap/Cx3cr1/Ptn/Trem2/Aoc3",11
"GO:2000146","negative regulation of cell motility","10/148","344/25730",0.0290697674418605,5.05381835323696,5.75733409266165,3.19388719224552e-05,0.00188794398719852,0.00147020342719541,"Podn/Cav1/Nbl1/Cldn5/Cnn2/Egfl7/Cx3cr1/Ptn/Cldn19/Robo4",10
"GO:0042060","wound healing","11/148","419/25730",0.0262529832935561,4.56411662258918,5.59473254152857,3.25398357756258e-05,0.00188794398719852,0.00147020342719541,"Aqp1/Gas6/Vwf/Cav1/Tspan8/Cfhr1/Cnn2/Serpine2/Ppl/Comp/Smoc2",11
"GO:0022010","central nervous system myelination","4/148","32/25730",0.125,21.7314189189189,8.92543554633969,3.334280982101e-05,0.00188794398719852,0.00147020342719541,"Kcnj10/Cntn2/Myrf/Mag",4
"GO:0032291","axon ensheathment in central nervous system","4/148","32/25730",0.125,21.7314189189189,8.92543554633969,3.334280982101e-05,0.00188794398719852,0.00147020342719541,"Kcnj10/Cntn2/Myrf/Mag",4
"GO:0031103","axon regeneration","5/148","65/25730",0.0769230769230769,13.3731808731809,7.5970060010654,3.68116273121247e-05,0.00199566013598498,0.00155408549794748,"Gap43/Nefl/Ptn/Mag/Inpp5f",5
"GO:0031641","regulation of myelination","5/148","65/25730",0.0769230769230769,13.3731808731809,7.5970060010654,3.68116273121247e-05,0.00199566013598498,0.00155408549794748,"S100b/Ptn/Myrf/Mag/Ptprz1",5
"GO:0050921","positive regulation of chemotaxis","7/148","160/25730",0.04375,7.60599662162162,6.3754088130511,4.04421184103382e-05,0.00214680245228212,0.00167178493867297,"Mdk/Cxcl14/Gas6/Smoc2/Cx3cr1/Ptn/Trem2",7
"GO:0048714","positive regulation of oligodendrocyte differentiation","4/148","34/25730",0.117647058823529,20.4531001589825,8.63317577610508,4.26182043475285e-05,0.00221614662607148,0.00172578550365394,"Mdk/Ptn/Myrf/Ptprz1",4
"GO:0051384","response to glucocorticoid","7/148","162/25730",0.0432098765432099,7.51209542876209,6.32419057260467,4.37700641055636e-05,0.00223052246681952,0.00173698043871552,"S100b/Ptgds/Aqp1/Mdk/Ephx1/Igfbp2/Nefl",7
"GO:0001764","neuron migration","8/148","224/25730",0.0357142857142857,6.20897683397683,5.95566582567187,4.82553754952432e-05,0.00232530629499237,0.001810791690515,"Mdk/Gfra3/Gas6/Reln/Ntrk2/Cntn2/Astn2/Ptprz1",8
"GO:0071674","mononuclear cell migration","8/148","224/25730",0.0357142857142857,6.20897683397683,5.95566582567187,4.82553754952432e-05,0.00232530629499237,0.001810791690515,"Mdk/Cxcl14/Gas6/Nbl1/Cnn2/Ggt5/Cx3cr1/Trem2",8
"GO:0048545","response to steroid hormone","10/148","362/25730",0.0276243093922652,4.80252351799313,5.54189308956336,4.9048553314321e-05,0.00232530629499237,0.001810791690515,"S100b/Ptgds/Aqp1/Txnip/Mdk/Cav1/Ephx1/Igfbp2/Ntrk2/Nefl",10
"GO:0050920","regulation of chemotaxis","8/148","225/25730",0.0355555555555556,6.18138138138138,5.9374397983221,4.97939958085555e-05,0.00232530629499237,0.001810791690515,"Mdk/Cxcl14/Gas6/Nbl1/Smoc2/Cx3cr1/Ptn/Trem2",8
"GO:0040013","negative regulation of locomotion","10/148","363/25730",0.0275482093663912,4.78929342565706,5.53034288020063,5.01930322702434e-05,0.00232530629499237,0.001810791690515,"Podn/Cav1/Nbl1/Cldn5/Cnn2/Egfl7/Cx3cr1/Ptn/Cldn19/Robo4",10
"GO:0031644","regulation of nervous system process","7/148","169/25730",0.0414201183431953,7.20094354709739,6.1515884607223,5.7235995806935e-05,0.00260423780921554,0.00202800473864798,"S100b/Reln/Ntrk2/Myrf/Mag/Igsf9b/Grin2b",7
"GO:0033189","response to vitamin A","3/148","14/25730",0.214285714285714,37.253861003861,10.3202837594969,6.47968140036349e-05,0.00289653126458354,0.00225562316522349,"Cyp26b1/Lrat/Rbp1",3
"GO:1900046","regulation of hemostasis","5/148","74/25730",0.0675675675675676,11.7467129291454,7.04161211238511,6.88725745084046e-05,0.00302564344564508,0.00235616702265595,"Vwf/Cav1/Tspan8/Serpine2/Comp",5
"GO:0048710","regulation of astrocyte differentiation","4/148","39/25730",0.102564102564103,17.8309078309078,8.00063401998511,7.39174429073799e-05,0.00319223126318651,0.00248589437788423,"Serpine2/Cntn2/Trem2/Mag",4
"GO:0031589","cell-substrate adhesion","10/148","383/25730",0.0261096605744125,4.53919977418672,5.30782072695112,7.8368221629431e-05,0.0033280371451965,0.00259165083809609,"Mdk/Gas6/Vwf/Myoc/Cntn2/Smoc2/Ptn/Smoc1/Ptprz1/Spry4",10
"GO:0021681","cerebellar granular layer development","3/148","15/25730",0.2,34.7702702702703,9.9508909171191,8.06545958187379e-05,0.00336898213354335,0.00262353603310303,"Mdk/Serpine2/Faim2",3
"GO:0031960","response to corticosteroid","7/148","180/25730",0.0388888888888889,6.76088588588589,5.89936322804837,8.51080529398941e-05,0.00349766643372339,0.00272374668576741,"S100b/Ptgds/Aqp1/Mdk/Ephx1/Igfbp2/Nefl",7
"GO:0048168","regulation of neuronal synaptic plasticity","5/148","79/25730",0.0632911392405063,11.0032500855286,6.77294557334296,9.41635917761055e-05,0.0037774674164184,0.00294163681729682,"S100b/Kcnj10/Cntn2/Grin2b/Shisa9",5
"GO:0050878","regulation of body fluid levels","10/148","392/25730",0.0255102040816327,4.4349834528406,5.21262617855035,9.48814421706348e-05,0.0037774674164184,0.00294163681729682,"Aqp1/Gas6/Vwf/Cav1/Tspan8/Cfhr1/Serpine2/Comp/Btc/Adm",10
"GO:1903977","positive regulation of glial cell migration","3/148","16/25730",0.1875,32.5971283783784,9.61607518164577,9.88488620063348e-05,0.00387487539064833,0.00301749157703548,"Cx3cr1/Trem2/Ptprz1",3
"GO:0045765","regulation of angiogenesis","9/148","320/25730",0.028125,4.88956925675676,5.32536315728805,0.000102795734657888,0.00395023310579934,0.00307617508238939,"Aqp1/Mdk/Hspb6/Cldn5/Smoc2/Cx3cr1/Ptn/Adm/Cdh5",9
"GO:0060291","long-term synaptic potentiation","8/148","250/25730",0.032,5.56324324324324,5.51466297291054,0.000103871906628162,0.00395023310579934,0.00307617508238939,"S100b/Reln/Serpine2/Ntrk2/Lrrtm1/Cx3cr1/Ptn/Grin2b",8
"GO:0045766","positive regulation of angiogenesis","7/148","188/25730",0.0372340425531915,6.47318861414606,5.72884342962075,0.000111639252477433,0.00418272876678869,0.00325722702032417,"Aqp1/Mdk/Hspb6/Smoc2/Cx3cr1/Adm/Cdh5",7
"GO:0002688","regulation of leukocyte chemotaxis","6/148","131/25730",0.0458015267175573,7.96265731380235,6.07679005408651,0.000113268557656366,0.00418272876678869,0.00325722702032417,"Mdk/Cxcl14/Gas6/Nbl1/Cx3cr1/Ptn",6
"GO:1901342","regulation of vasculature development","9/148","327/25730",0.0275229357798165,4.78489957847756,5.2391495728275,0.000121031375620685,0.00440554207259294,0.00343073899315777,"Aqp1/Mdk/Hspb6/Cldn5/Smoc2/Cx3cr1/Ptn/Adm/Cdh5",9
"GO:1904018","positive regulation of vasculature development","7/148","191/25730",0.0366492146596859,6.37151549455214,5.66743615340678,0.000123173583044793,0.00442037027603005,0.00344228619776776,"Aqp1/Mdk/Hspb6/Smoc2/Cx3cr1/Adm/Cdh5",7
"GO:0090090","negative regulation of canonical Wnt signaling pathway","6/148","138/25730",0.0434782608695652,7.55875440658049,5.87602808045672,0.000150682968769114,0.00533250283921808,0.00415259351066929,"Mdk/Cav1/Apc2/Frzb/Tle2/Draxin",6
"GO:0021987","cerebral cortex development","6/148","140/25730",0.0428571428571429,7.4507722007722,5.82124187120397,0.000162993580710302,0.00568914580342259,0.00443032299407237,"Mdk/Slc2a1/Reln/Ntrk2/Cx3cr1/Nefl",6
"GO:0003018","vascular process in circulatory system","8/148","268/25730",0.0298507462686567,5.18959257765228,5.24406414712896,0.000167414858243747,0.0057021355313469,0.00444043851796617,"Slc2a1/Acta2/Cav1/Cldn5/Comp/Plvap/Adm/Cdh5",8
"GO:0032970","regulation of actin filament-based process","10/148","421/25730",0.0237529691211401,4.12948578031713,4.92438048374789,0.000169574138783556,0.0057021355313469,0.00444043851796617,"Acta2/Tnnc1/Cav1/Cnn2/Kank4/Myoc/Arhgef16/Synpo2/Cit/Scin",10
"GO:0007596","blood coagulation","7/148","202/25730",0.0346534653465347,6.02455177950227,5.45305250244047,0.000174040332482218,0.0057021355313469,0.00444043851796617,"Gas6/Vwf/Cav1/Tspan8/Cfhr1/Serpine2/Comp",7
"GO:0048592","eye morphogenesis","7/148","202/25730",0.0346534653465347,6.02455177950227,5.45305250244047,0.000174040332482218,0.0057021355313469,0.00444043851796617,"Aqp1/Mfap5/Ntrk2/Sdk2/Ptn/Fbn2/Gdf11",7
"GO:0051966","regulation of synaptic transmission, glutamatergic","5/148","90/25730",0.0555555555555556,9.65840840840841,6.25857376612703,0.000174555169326946,0.0057021355313469,0.00444043851796617,"Reln/Grik3/Serpine2/Ntrk2/Grin2b",5
"GO:0090596","sensory organ morphogenesis","9/148","345/25730",0.0260869565217391,4.5352526439483,5.02824561212185,0.000180732496444467,0.00582919494861395,0.00453938382142332,"Aqp1/Mfap5/Cyp26b1/Frzb/Ntrk2/Sdk2/Ptn/Fbn2/Gdf11",9
"GO:0050817","coagulation","7/148","205/25730",0.0341463414634146,5.93638760711931,5.39732254511866,0.000190519629185369,0.00604947296041054,0.00471092147830037,"Gas6/Vwf/Cav1/Tspan8/Cfhr1/Serpine2/Comp",7
"GO:0016485","protein processing","8/148","274/25730",0.0291970802919708,5.07595186427303,5.15922312578066,0.000194629016065053,0.00604947296041054,0.00471092147830037,"Cfd/Pcsk2/Serpine2/Cntn2/Comp/Tll2/Clec3b/Myrf",8
"GO:0007599","hemostasis","7/148","206/25730",0.0339805825242718,5.90757019155077,5.37899110359044,0.000196284737002131,0.00604947296041054,0.00471092147830037,"Gas6/Vwf/Cav1/Tspan8/Cfhr1/Serpine2/Comp",7
"GO:1905521","regulation of macrophage migration","4/148","50/25730",0.08,13.9081081081081,6.94904542164601,0.000197058970060469,0.00604947296041054,0.00471092147830037,"Mdk/Cnn2/Cx3cr1/Trem2",4
"GO:0032370","positive regulation of lipid transport","5/148","96/25730",0.0520833333333333,9.05475788288288,6.01388308718782,0.000236160395103262,0.00716353198479895,0.00557847549836653,"Cav1/Lrat/Prap1/Trem2/Ptges",5
"GO:0060019","radial glial cell differentiation","3/148","22/25730",0.136363636363636,23.7070024570025,8.10423574214843,0.000265039028798576,0.00778533400941516,0.00606269297188613,"Metrn/Reln/Gap43",3
"GO:0043114","regulation of vascular permeability","4/148","54/25730",0.0740740740740741,12.8778778778779,6.64579768420232,0.000265825768767315,0.00778533400941516,0.00606269297188613,"Cldn5/Plvap/Adm/Cdh5",4
"GO:0060074","synapse maturation","4/148","54/25730",0.0740740740740741,12.8778778778779,6.64579768420232,0.000265825768767315,0.00778533400941516,0.00606269297188613,"Reln/Sema7a/Cx3cr1/Nefl",4
"GO:0071677","positive regulation of mononuclear cell migration","5/148","101/25730",0.0495049504950495,8.60650254214611,5.82579146553013,0.000299078882493487,0.00865969309765234,0.00674358485048115,"Mdk/Cxcl14/Gas6/Cx3cr1/Trem2",5
"GO:0014003","oligodendrocyte development","4/148","56/25730",0.0714285714285714,12.4179536679537,6.50594796335906,0.000305990303074962,0.00876026171050565,0.00682190090238088,"Kcnj10/Cntn2/Myrf/Mag",4
"GO:0031345","negative regulation of cell projection organization","7/148","224/25730",0.03125,5.43285472972973,5.06828927550894,0.000326581969192721,0.00907080126654693,0.00706372816138188,"Rap1gap/Cit/Mag/Ptprz1/Inpp5f/Draxin/Grin2b",7
"GO:0002690","positive regulation of leukocyte chemotaxis","5/148","103/25730",0.0485436893203883,8.43938598792968,5.75415934385361,0.000327517157190863,0.00907080126654693,0.00706372816138188,"Mdk/Cxcl14/Gas6/Cx3cr1/Ptn",5
"GO:0071260","cellular response to mechanical stimulus","5/148","103/25730",0.0485436893203883,8.43938598792968,5.75415934385361,0.000327517157190863,0.00907080126654693,0.00706372816138188,"Aqp1/Slc2a1/Cav1/Cnn2/Mag",5
"GO:2001224","positive regulation of neuron migration","3/148","24/25730",0.125,21.7314189189189,7.72845105120458,0.000345412909740237,0.00946357090342069,0.00736959066055854,"Mdk/Reln/Ptprz1",3
"GO:0048713","regulation of oligodendrocyte differentiation","4/148","58/25730",0.0689655172413793,11.9897483690587,6.37304459100641,0.000350328580009779,0.0094900066775488,0.00739017705824154,"Mdk/Ptn/Myrf/Ptprz1",4
"GO:0141091","transforming growth factor beta receptor superfamily signaling pathway","9/148","378/25730",0.0238095238095238,4.13931788931789,4.67681451149521,0.000353826779578939,0.0094900066775488,0.00739017705824154,"Crim1/Cav1/Nbl1/Cldn5/Comp/Adamtsl2/Fbn2/Gdf11/Cdh5",9
"GO:0071496","cellular response to external stimulus","5/148","105/25730",0.0476190476190476,8.27863577863578,5.68444101434618,0.000357957234319182,0.00950078159422161,0.00739856783653133,"Aqp1/Slc2a1/Cav1/Cnn2/Mag",5
"GO:0006869","lipid transport","10/148","468/25730",0.0213675213675214,3.71477246477246,4.50814172368711,0.000393107488644992,0.0103261637223447,0.00804131976229854,"Slc2a1/Cav1/Lrat/Fabp4/Prap1/Trem2/Rbp1/Atp10b/Slc27a6/Ptges",10
"GO:0031346","positive regulation of cell projection organization","10/148","469/25730",0.0213219616204691,3.7068518411802,4.49987760451583,0.00039972537484016,0.0103928597458442,0.00809325812646295,"Aqp1/Metrn/Mdk/Reln/Sema7a/Serpine2/Ntrk2/Nefl/Ptn/Ptprz1",10
"GO:0019915","lipid storage","5/148","108/25730",0.0462962962962963,8.04867367367367,5.58325975093454,0.000407569782671474,0.0104897758206759,0.00816872982813109,"Cav1/Lrat/Fabp4/Trem2/Rbp1",5
"GO:0006959","humoral immune response","8/148","307/25730",0.0260586319218241,4.53032837397658,4.73310300647301,0.000417192993213681,0.0106300774670846,0.00827798728639778,"Cxcl14/Cfd/Cfhr1/Ppl/Slpi/Trem2/Adm/Wfdc2",8
"GO:0002931","response to ischemia","4/148","61/25730",0.0655737704918033,11.4000886132034,6.1854677384188,0.000425194423573715,0.0107266870422359,0.00835322030678949,"Cav1/Cx3cr1/Trem2/Faim2",4
"GO:0002523","leukocyte migration involved in inflammatory response","3/148","26/25730",0.115384615384615,20.0597713097713,7.39569626951082,0.000439989441680632,0.0109911087980613,0.0085591341338286,"Mdk/Ptn/Aoc3",3
"GO:0046942","carboxylic acid transport","9/148","391/25730",0.0230179028132992,4.00169350936614,4.54920023554735,0.000451922797008901,0.011174172776454,0.00870169201173912,"Slc2a1/Kcnj10/Ntrk2/Fabp4/Rbp1/Slc7a2/Slc27a6/Ptges/Grin2b",9
"GO:0030900","forebrain development","10/148","477/25730",0.0209643605870021,3.64468241826732,4.43456772745316,0.000456088684753223,0.011174172776454,0.00870169201173912,"Aqp1/Mdk/Slc2a1/Reln/Sema7a/Ntrk2/Cntn2/Cx3cr1/Nefl/Draxin",10
"GO:0070167","regulation of biomineral tissue development","5/148","111/25730",0.045045045045045,7.83114195276357,5.48591123996929,0.000462204251860855,0.0112161565118234,0.00873438611285926,"Mgp/Gas6/Comp/Ptn/Fbn2",5
"GO:0015849","organic acid transport","9/148","393/25730",0.0229007633587786,3.98132865690118,4.53005628388501,0.000468830615212946,0.0112199558924901,0.0087373448142377,"Slc2a1/Kcnj10/Ntrk2/Fabp4/Rbp1/Slc7a2/Slc27a6/Ptges/Grin2b",9
"GO:0006935","chemotaxis","10/148","479/25730",0.0208768267223382,3.6294645376065,4.41845918595575,0.000471167692502526,0.0112199558924901,0.0087373448142377,"Mdk/Cxcl14/Gas6/Nbl1/Sema7a/Arhgef16/Smoc2/Cx3cr1/Ptn/Trem2",10
"GO:0030178","negative regulation of Wnt signaling pathway","6/148","171/25730",0.0350877192982456,6.10004741583689,5.08950334226044,0.0004773811441569,0.0112626588454795,0.0087705989935259,"Mdk/Cav1/Apc2/Frzb/Tle2/Draxin",6
"GO:0042330","taxis","10/148","481/25730",0.0207900207900208,3.6143732089678,4.40243644738675,0.000486658998184286,0.0113762121777391,0.00885902666902346,"Mdk/Cxcl14/Gas6/Nbl1/Sema7a/Arhgef16/Smoc2/Cx3cr1/Ptn/Trem2",10
"GO:0170062","nutrient storage","5/148","113/25730",0.0442477876106195,7.69253767041378,5.42301712504888,0.000501575410530941,0.0116183104184803,0.00904755644833324,"Cav1/Lrat/Fabp4/Trem2/Rbp1",5
"GO:0010810","regulation of cell-substrate adhesion","7/148","242/25730",0.0289256198347107,5.02875809693992,4.78945457942983,0.000518679840584818,0.011786314267503,0.00917838651336165,"Mdk/Myoc/Smoc2/Ptn/Smoc1/Ptprz1/Spry4",7
"GO:1905954","positive regulation of lipid localization","5/148","114/25730",0.043859649122807,7.62505926979611,5.39214547100078,0.000522181673842573,0.011786314267503,0.00917838651336165,"Cav1/Lrat/Prap1/Trem2/Ptges",5
"GO:1902903","regulation of supramolecular fiber organization","9/148","399/25730",0.0225563909774436,3.921459053038,4.47337336849195,0.000522705460058023,0.011786314267503,0.00917838651336165,"Cav1/Apc2/Kank4/Myoc/Synpo2/Trem2/Cit/Scin/Cdh5",9
"GO:0051896","regulation of phosphatidylinositol 3-kinase/protein kinase B signal transduction","8/148","320/25730",0.025,4.34628378378378,4.5815295215624,0.000548251133813491,0.0120752739565935,0.00940340882763728,"Gas6/Reln/Serpine2/Myoc/Ntrk2/Cx3cr1/Trem2/Inpp5f",8
"GO:0031643","positive regulation of myelination","3/148","28/25730",0.107142857142857,18.6269305019305,7.09818496669335,0.000549737746846487,0.0120752739565935,0.00940340882763728,"S100b/Myrf/Mag",3
"GO:1903975","regulation of glial cell migration","3/148","28/25730",0.107142857142857,18.6269305019305,7.09818496669335,0.000549737746846487,0.0120752739565935,0.00940340882763728,"Cx3cr1/Trem2/Ptprz1",3
"GO:0006813","potassium ion transport","7/148","246/25730",0.0284552845528455,4.94698967259943,4.73123815200108,0.000571625360048584,0.0124487300632803,0.00969423125228593,"Aqp1/Cav1/Kcnj10/Kcnk12/Trem2/Fxyd3/Kcnab1",7
"GO:0006631","fatty acid metabolic process","10/148","493/25730",0.0202839756592292,3.52639657913492,4.30805445507314,0.000588762297318659,0.012463809143762,0.0097059738230155,"Ptgds/Thnsl2/Cav1/Ggt5/Ephx1/Ces1d/Cyp4b1/Fabp4/Slc27a6/Ptges",10
"GO:0010876","lipid localization","10/148","493/25730",0.0202839756592292,3.52639657913492,4.30805445507314,0.000588762297318659,0.012463809143762,0.0097059738230155,"Slc2a1/Cav1/Lrat/Fabp4/Prap1/Trem2/Rbp1/Atp10b/Slc27a6/Ptges",10
"GO:1902904","negative regulation of supramolecular fiber organization","6/148","178/25730",0.0337078651685393,5.86015791071971,4.94906315332869,0.000589794466885855,0.012463809143762,0.0097059738230155,"Apc2/Kank4/Myoc/Trem2/Scin/Cdh5",6
"GO:0032535","regulation of cellular component size","9/148","406/25730",0.0221674876847291,3.85384769005459,4.4086205360481,0.000591884186183359,0.012463809143762,0.0097059738230155,"Aqp1/Sema7a/Kank4/Cntn2/Nefl/Cit/Mag/Scin/Draxin",9
"GO:0015711","organic anion transport","10/148","494/25730",0.0202429149797571,3.51925812452128,4.30032171134022,0.000598016497069803,0.0124897215945398,0.00972615269177376,"Slc2a1/Kcnj10/Slc2a5/Ntrk2/Fabp4/Rbp1/Slc7a2/Slc27a6/Ptges/Grin2b",10
"GO:0099173","postsynapse organization","8/148","328/25730",0.024390243902439,4.24027686222808,4.49221102670014,0.000644246420801892,0.013345852684579,0.01039284983493,"Reln/Gap43/Lrrtm1/Nefl/Ptn/Trem2/Cit/Grin2b",8
"GO:1905517","macrophage migration","4/148","69/25730",0.0579710144927536,10.078339208774,5.74340215608509,0.000679771329665806,0.0139682044192619,0.0108774953855691,"Mdk/Cnn2/Cx3cr1/Trem2",4
"GO:0060326","cell chemotaxis","8/148","333/25730",0.024024024024024,4.17660904147391,4.43782056980595,0.000710838884281243,0.0144897398171889,0.0112836319736433,"Mdk/Cxcl14/Gas6/Nbl1/Arhgef16/Smoc2/Cx3cr1/Ptn",8
"GO:1905523","positive regulation of macrophage migration","3/148","31/25730",0.0967741935483871,16.8243243243243,6.70537350294623,0.000744833301728387,0.0150621845460629,0.0117294133146033,"Mdk/Cx3cr1/Trem2",3
"GO:0007178","cell surface receptor protein serine/threonine kinase signaling pathway","9/148","420/25730",0.0214285714285714,3.7253861003861,4.28333136292819,0.000752819605046863,0.0151038138083418,0.0117618313759912,"Crim1/Cav1/Nbl1/Cldn5/Comp/Adamtsl2/Fbn2/Gdf11/Cdh5",9
"GO:0051302","regulation of cell division","6/148","187/25730",0.0320855614973262,5.57811822517705,4.77910881625184,0.000763368170144652,0.015195797636942,0.0118334621769956,"Txnip/Mdk/Insc/Ptn/Cit/Btc",6
"GO:0030193","regulation of blood coagulation","4/148","72/25730",0.0555555555555556,9.65840840840841,5.59587466734061,0.000798250811254232,0.0157670005199673,0.0122782764521765,"Vwf/Cav1/Tspan8/Serpine2",4
"GO:0050806","positive regulation of synaptic transmission","8/148","340/25730",0.0235294117647059,4.0906200317965,4.36343777539824,0.00081328576937309,0.0158708483486293,0.0123591461361507,"S100b/Reln/Serpine2/Ntrk2/Lrrtm1/Cx3cr1/Ptn/Grin2b",8
"GO:0015908","fatty acid transport","5/148","126/25730",0.0396825396825397,6.89886314886315,5.04864400086379,0.000822194655423497,0.0158708483486293,0.0123591461361507,"Slc2a1/Fabp4/Rbp1/Slc27a6/Ptges",5
"GO:0048145","regulation of fibroblast proliferation","5/148","126/25730",0.0396825396825397,6.89886314886315,5.04864400086379,0.000822194655423497,0.0158708483486293,0.0123591461361507,"Aqp1/Gas6/Cav1/Btc/Ptprz1",5
"GO:0090287","regulation of cellular response to growth factor stimulus","8/148","341/25730",0.0234604105571848,4.07862407862408,4.35297444295745,0.000828843402821304,0.0158788946645766,0.0123654120642514,"Crim1/Cav1/Nbl1/Smoc2/Adamtsl2/Fbn2/Spry4/Cdh5",8
"GO:0007411","axon guidance","7/148","264/25730",0.0265151515151515,4.60969492219492,4.48401605040195,0.000865497765687689,0.0164573754251659,0.0128158938595545,"Gfra3/Reln/Gap43/Sema7a/Cntn2/Tubb3/Draxin",7
"GO:0097485","neuron projection guidance","7/148","265/25730",0.0264150943396226,4.59229984701683,4.47093895728394,0.000884773954816436,0.0166433757687154,0.0129607383805786,"Gfra3/Reln/Gap43/Sema7a/Cntn2/Tubb3/Draxin",7
"GO:0050727","regulation of inflammatory response","9/148","430/25730",0.0209302325581395,3.63874921433061,4.19707904102183,0.000888343447623744,0.0166433757687154,0.0129607383805786,"Mdk/Sema7a/Cx3cr1/Fabp4/Trem2/Slc7a2/Cdh5/Ptges/Aoc3",9
"GO:0090128","regulation of synapse maturation","3/148","33/25730",0.0909090909090909,15.8046683046683,6.4727599818059,0.000896502076314598,0.0166736298572963,0.0129842982239955,"Reln/Sema7a/Nefl",3
"GO:0099084","postsynaptic specialization organization","4/148","75/25730",0.0533333333333333,9.27207207207207,5.45674922863127,0.000930610615225283,0.0171825786057538,0.0133806331784871,"Reln/Gap43/Lrrtm1/Cit",4
"GO:0031214","biomineral tissue development","6/148","196/25730",0.0306122448979592,5.32198014340871,4.61983473443608,0.000974029614424523,0.0175707192383615,0.0136828909213879,"Mgp/Gas6/Comp/Ptn/Clec3b/Fbn2",6
"GO:0008347","glial cell migration","4/148","76/25730",0.0526315789473684,9.15007112375533,5.4120987669475,0.000977963212656449,0.0175707192383615,0.0136828909213879,"Reln/Cx3cr1/Trem2/Ptprz1",4
"GO:0050818","regulation of coagulation","4/148","76/25730",0.0526315789473684,9.15007112375533,5.4120987669475,0.000977963212656449,0.0175707192383615,0.0136828909213879,"Vwf/Cav1/Tspan8/Serpine2",4
"GO:0035249","synaptic transmission, glutamatergic","5/148","131/25730",0.0381679389312977,6.63554776150196,4.91853024541899,0.000979215907318422,0.0175707192383615,0.0136828909213879,"Reln/Grik3/Serpine2/Ntrk2/Grin2b",5
"GO:0010996","response to auditory stimulus","3/148","35/25730",0.0857142857142857,14.9015444015444,6.25961793507987,0.00106643910415307,0.0189379309083331,0.014747583145587,"Mdk/Gap43/Ptn",3
"GO:0048146","positive regulation of fibroblast proliferation","4/148","78/25730",0.0512820512820513,8.91545391545391,5.32522024420907,0.00107770799910059,0.0189379309083331,0.014747583145587,"Aqp1/Gas6/Btc/Ptprz1",4
"GO:0061035","regulation of cartilage development","4/148","78/25730",0.0512820512820513,8.91545391545391,5.32522024420907,0.00107770799910059,0.0189379309083331,0.014747583145587,"Mdk/Frzb/Mustn1/Scin",4
"GO:0090092","regulation of transmembrane receptor protein serine/threonine kinase signaling pathway","7/148","278/25730",0.0251798561151079,4.3775520124441,4.30663980562818,0.00116760334609932,0.0203770775743909,0.0158682934924096,"Crim1/Cav1/Nbl1/Adamtsl2/Fbn2/Gdf11/Cdh5",7
"GO:0061041","regulation of wound healing","5/148","138/25730",0.036231884057971,6.29896200548374,4.74737238373428,0.00123515585716867,0.0214093681909235,0.0166721717920726,"Vwf/Cav1/Tspan8/Serpine2/Smoc2",5
"GO:0043491","phosphatidylinositol 3-kinase/protein kinase B signal transduction","8/148","367/25730",0.0217983651226158,3.78967523381692,4.09412814685648,0.00132514383178417,0.0228139627255815,0.0177659752696526,"Gas6/Reln/Serpine2/Myoc/Ntrk2/Cx3cr1/Trem2/Inpp5f",8
"GO:0030517","negative regulation of axon extension","3/148","38/25730",0.0789473684210526,13.725106685633,5.97075619080234,0.00135734675169252,0.0229281195522364,0.0178548729058769,"Cit/Mag/Draxin",3
"GO:0071474","cellular hyperosmotic response","3/148","38/25730",0.0789473684210526,13.725106685633,5.97075619080234,0.00135734675169252,0.0229281195522364,0.0178548729058769,"Aqp1/Slc2a1/Efhd1",3
"GO:1901890","positive regulation of cell junction assembly","5/148","141/25730",0.0354609929078014,6.16494153728196,4.67760314794224,0.00135877003625891,0.0229281195522364,0.0178548729058769,"Cav1/Cldn5/Myoc/Ntrk2/Lrrtm1",5
"GO:0071560","cellular response to transforming growth factor beta stimulus","7/148","287/25730",0.024390243902439,4.24027686222808,4.1986915679675,0.00140179258898181,0.023434479720399,0.0182491920486458,"Acta2/Cav1/Cldn5/Adamtsl2/Fbn2/Gdf11/Cdh5",7
"GO:0035581","sequestering of extracellular ligand from receptor","2/148","10/25730",0.2,34.7702702702703,8.12407863036316,0.00143476406451422,0.023434479720399,0.0182491920486458,"Nbl1/Fbn2",2
"GO:0070837","dehydroascorbic acid transport","2/148","10/25730",0.2,34.7702702702703,8.12407863036316,0.00143476406451422,0.023434479720399,0.0182491920486458,"Slc2a1/Slc2a5",2
"GO:0097151","positive regulation of inhibitory postsynaptic potential","2/148","10/25730",0.2,34.7702702702703,8.12407863036316,0.00143476406451422,0.023434479720399,0.0182491920486458,"Igsf9b/Grin2b",2
"GO:1902732","positive regulation of chondrocyte proliferation","2/148","10/25730",0.2,34.7702702702703,8.12407863036316,0.00143476406451422,0.023434479720399,0.0182491920486458,"Mustn1/Comp",2
"GO:0007612","learning","6/148","212/25730",0.0283018867924528,4.92032126466089,4.35954671847437,0.00145594213256944,0.0236141414338265,0.018389100472099,"Reln/Ntrk2/Cntn2/B3gat1/Ptn/Grin2b",6
"GO:0048169","regulation of long-term neuronal synaptic plasticity","3/148","39/25730",0.0769230769230769,13.3731808731809,5.88163709432306,0.00146429919409128,0.0236141414338265,0.018389100472099,"S100b/Kcnj10/Grin2b",3
"GO:0030282","bone mineralization","5/148","145/25730",0.0344827586206897,5.99487418452936,4.5876566575631,0.00153749858705725,0.0246386566026532,0.0191869237775764,"Mgp/Comp/Ptn/Clec3b/Fbn2",5
"GO:0021543","pallium development","6/148","215/25730",0.027906976744186,4.85166561910748,4.31365178764677,0.00156356038704487,0.0248996991636895,0.0193902061156551,"Mdk/Slc2a1/Reln/Ntrk2/Cx3cr1/Nefl",6
"GO:0043277","apoptotic cell clearance","3/148","40/25730",0.075,13.0388513513514,5.79572885588875,0.00157639658085858,0.0249481893666315,0.0194279670148312,"Gas6/Marco/Trem2",3
"GO:1903036","positive regulation of response to wounding","4/148","87/25730",0.0459770114942529,7.99316557937248,4.96963033815354,0.00161599003979723,0.0254169297617491,0.01979299041597,"Mdk/Vwf/Smoc2/Ptn",4
"GO:0071559","response to transforming growth factor beta","7/148","296/25730",0.0236486486486486,4.11134952520088,4.09507997639065,0.00167119986112047,0.0260520019607562,0.0202875418061743,"Acta2/Cav1/Cldn5/Adamtsl2/Fbn2/Gdf11/Cdh5",7
"GO:0010038","response to metal ion","8/148","381/25730",0.020997375328084,3.65042207561893,3.96435169957377,0.00167681645273313,0.0260520019607562,0.0202875418061743,"Aqp1/Txnip/Tnnc1/Cav1/Crip1/Kcnj10/Fabp4/Chp2",8
"GO:0032692","negative regulation of interleukin-1 production","3/148","41/25730",0.0731707317073171,12.7208305866842,5.71283632526666,0.00169372782770748,0.0261552636666585,0.0203679550572797,"Gas6/Cx3cr1/Trem2",3
"GO:0120254","olefinic compound metabolic process","6/148","219/25730",0.0273972602739726,4.76305072195483,4.25376459411297,0.00171634927885618,0.026184298472914,0.0203905654058675,"Ptgds/Lrat/Ephx1/Ces1d/Rbp1/Ptges",6
"GO:0003014","renal system process","5/148","149/25730",0.0335570469798658,5.83393796481045,4.5010155354657,0.00173295468663462,0.026184298472914,0.0203905654058675,"Aqp1/Gas6/Cldn19/Btc/Adm",5
"GO:0097119","postsynaptic density protein 95 clustering","2/148","11/25730",0.181818181818182,31.6093366093366,7.72321783803938,0.0017469900864974,0.026184298472914,0.0203905654058675,"Reln/Cit",2
"GO:1900115","extracellular regulation of signal transduction","2/148","11/25730",0.181818181818182,31.6093366093366,7.72321783803938,0.0017469900864974,0.026184298472914,0.0203905654058675,"Nbl1/Fbn2",2
"GO:1900116","extracellular negative regulation of signal transduction","2/148","11/25730",0.181818181818182,31.6093366093366,7.72321783803938,0.0017469900864974,0.026184298472914,0.0203905654058675,"Nbl1/Fbn2",2
"GO:0030278","regulation of ossification","5/148","150/25730",0.0333333333333333,5.79504504504505,4.47984630732,0.00178453944368697,0.0263770013250066,0.0205406293884316,"Mgp/Mdk/Comp/Ptn/Fbn2",5
"GO:0050773","regulation of dendrite development","5/148","150/25730",0.0333333333333333,5.79504504504505,4.47984630732,0.00178453944368697,0.0263770013250066,0.0205406293884316,"Reln/Ntrk2/Ptn/Cit/Ptprz1",5
"GO:0001654","eye development","9/148","476/25730",0.0189075630252101,3.28710538269362,3.83088952658463,0.00179090315118765,0.0263770013250066,0.0205406293884316,"Aqp1/Mfap5/Ntrk2/Sdk2/Ptn/Cldn19/Smoc1/Fbn2/Gdf11",9
"GO:0010811","positive regulation of cell-substrate adhesion","5/148","151/25730",0.033112582781457,5.75666726328978,4.45886711415592,0.0018372412065612,0.0269039689328617,0.0209509962151716,"Mdk/Myoc/Smoc2/Ptn/Smoc1",5
"GO:0032368","regulation of lipid transport","5/148","152/25730",0.0328947368421053,5.71879445234708,4.43807489075258,0.00189107438341274,0.0272879280937266,0.0212499977099375,"Cav1/Lrat/Prap1/Trem2/Ptges",5
"GO:0150063","visual system development","9/148","480/25730",0.01875,3.25971283783784,3.80117832579145,0.00189535584973661,0.0272879280937266,0.0212499977099375,"Aqp1/Mfap5/Ntrk2/Sdk2/Ptn/Cldn19/Smoc1/Fbn2/Gdf11",9
"GO:0001960","negative regulation of cytokine-mediated signaling pathway","4/148","91/25730",0.043956043956044,7.64181764181764,4.82760986713759,0.00190629952931057,0.0272879280937266,0.0212499977099375,"Gas6/Cav1/Ccdc3/Trem2",4
"GO:0030500","regulation of bone mineralization","4/148","91/25730",0.043956043956044,7.64181764181764,4.82760986713759,0.00190629952931057,0.0272879280937266,0.0212499977099375,"Mgp/Comp/Ptn/Fbn2",4
"GO:0051968","positive regulation of synaptic transmission, glutamatergic","3/148","43/25730",0.0697674418604651,12.1291640477687,5.55539754965562,0.00194443748716455,0.0276783615491356,0.021554040948575,"Reln/Ntrk2/Grin2b",3
"GO:0048144","fibroblast proliferation","5/148","154/25730",0.0324675324675325,5.64452439452439,4.39703943823444,0.00200219274472212,0.0281742791104221,0.0219402280935081,"Aqp1/Gas6/Cav1/Btc/Ptprz1",5
"GO:0051897","positive regulation of phosphatidylinositol 3-kinase/protein kinase B signal transduction","6/148","226/25730",0.0265486725663717,4.61552260224827,4.15237162299975,0.00201071386738232,0.0281742791104221,0.0219402280935081,"Gas6/Reln/Myoc/Ntrk2/Cx3cr1/Trem2",6
"GO:0001523","retinoid metabolic process","4/148","93/25730",0.043010752688172,7.47747747747748,4.7598015715468,0.00206417811526938,0.0281742791104221,0.0219402280935081,"Cyp26b1/Lrat/Ces1d/Rbp1",4
"GO:0033273","response to vitamin","4/148","93/25730",0.043010752688172,7.47747747747748,4.7598015715468,0.00206417811526938,0.0281742791104221,0.0219402280935081,"Gas6/Cyp26b1/Lrat/Rbp1",4
"GO:0051781","positive regulation of cell division","4/148","93/25730",0.043010752688172,7.47747747747748,4.7598015715468,0.00206417811526938,0.0281742791104221,0.0219402280935081,"Mdk/Ptn/Cit/Btc",4
"GO:2000463","positive regulation of excitatory postsynaptic potential","3/148","44/25730",0.0681818181818182,11.8535012285012,5.4805358474963,0.00207798372745929,0.0281742791104221,0.0219402280935081,"Reln/Ntrk2/Grin2b",3
"GO:0019227","neuronal action potential propagation","2/148","12/25730",0.166666666666667,28.9752252252252,7.37260018099115,0.00208848904315175,0.0281742791104221,0.0219402280935081,"Ntrk2/Cldn19",2
"GO:0034351","negative regulation of glial cell apoptotic process","2/148","12/25730",0.166666666666667,28.9752252252252,7.37260018099115,0.00208848904315175,0.0281742791104221,0.0219402280935081,"Gas6/Trem2",2
"GO:0060075","regulation of resting membrane potential","2/148","12/25730",0.166666666666667,28.9752252252252,7.37260018099115,0.00208848904315175,0.0281742791104221,0.0219402280935081,"Kcnj10/Trem2",2
"GO:0048880","sensory system development","9/148","487/25730",0.0184804928131417,3.21285864920362,3.74992631651469,0.00208985037357527,0.0281742791104221,0.0219402280935081,"Aqp1/Mfap5/Ntrk2/Sdk2/Ptn/Cldn19/Smoc1/Fbn2/Gdf11",9
"GO:0043269","regulation of monoatomic ion transport","9/148","488/25730",0.0184426229508197,3.20627492246345,3.74268022306329,0.00211889083481344,0.0284154413005508,0.0221280289397415,"Reln/Cav1/Kcnj10/Serpine2/Nkain2/Trem2/Fxyd3/Kcnab1/Grin2b",9
"GO:0042246","tissue regeneration","4/148","94/25730",0.0425531914893617,7.39792984473836,4.72664878175809,0.0021464065704961,0.0286337379142621,0.0222980236174436,"Mdk/Gap43/Mustn1/Ptn",4
"GO:0006972","hyperosmotic response","3/148","45/25730",0.0666666666666667,11.5900900900901,5.40805612914056,0.00221709953172195,0.0294227583688933,0.0229124595246484,"Aqp1/Slc2a1/Efhd1",3
"GO:0060761","negative regulation of response to cytokine stimulus","4/148","95/25730",0.0421052631578947,7.32005689900427,4.69397955711802,0.00223086874138736,0.0294520909484715,0.0229353017590138,"Gas6/Cav1/Ccdc3/Trem2",4
"GO:0010721","negative regulation of cell development","7/148","313/25730",0.0223642172523962,3.88804939124428,3.91011656527874,0.00228861070780355,0.0300586602241414,0.0234076569951692,"Mdk/Frzb/Ptn/Trem2/Cit/Mag/Draxin",7
"GO:0098698","postsynaptic specialization assembly","3/148","46/25730",0.0652173913043478,11.3381316098707,5.33782960138352,0.00236186395746955,0.0308616890442688,0.0240330016724972,"Reln/Gap43/Lrrtm1",3
"GO:0016101","diterpenoid metabolic process","4/148","97/25730",0.0412371134020619,7.16912789077738,4.63004258897592,0.00240661636346456,0.0308636659509806,0.0240345411540934,"Cyp26b1/Lrat/Ces1d/Rbp1",4
"GO:0071214","cellular response to abiotic stimulus","8/148","404/25730",0.0198019801980198,3.44260101685844,3.76387315271112,0.00241126224441498,0.0308636659509806,0.0240345411540934,"Aqp1/Slc2a1/Cav1/Crip1/Cnn2/Prap1/Mag/Efhd1",8
"GO:0104004","cellular response to environmental stimulus","8/148","404/25730",0.0198019801980198,3.44260101685844,3.76387315271112,0.00241126224441498,0.0308636659509806,0.0240345411540934,"Aqp1/Slc2a1/Cav1/Crip1/Cnn2/Prap1/Mag/Efhd1",8
"GO:0031333","negative regulation of protein-containing complex assembly","5/148","161/25730",0.031055900621118,5.39911029041464,4.25888566102788,0.00242887600726632,0.0308636659509806,0.0240345411540934,"Kank4/Trem2/Scin/Cdh5/Trim9",5
"GO:0007320","insemination","2/148","13/25730",0.153846153846154,26.7463617463617,7.06240232682743,0.00245891844114956,0.0308636659509806,0.0240345411540934,"Serpine2/Serpina5",2
"GO:0019371","cyclooxygenase pathway","2/148","13/25730",0.153846153846154,26.7463617463617,7.06240232682743,0.00245891844114956,0.0308636659509806,0.0240345411540934,"Ptgds/Ptges",2
"GO:0098870","action potential propagation","2/148","13/25730",0.153846153846154,26.7463617463617,7.06240232682743,0.00245891844114956,0.0308636659509806,0.0240345411540934,"Ntrk2/Cldn19",2
"GO:2000672","negative regulation of motor neuron apoptotic process","2/148","13/25730",0.153846153846154,26.7463617463617,7.06240232682743,0.00245891844114956,0.0308636659509806,0.0240345411540934,"Crlf1/Nefl",2
"GO:0090101","negative regulation of transmembrane receptor protein serine/threonine kinase signaling pathway","5/148","162/25730",0.0308641975308642,5.36578244911578,4.23980890771274,0.00249482090239577,0.0310478470532513,0.0241779689727253,"Crim1/Cav1/Nbl1/Adamtsl2/Fbn2",5
"GO:0050772","positive regulation of axonogenesis","4/148","98/25730",0.0408163265306122,7.09597352454495,4.59875133247198,0.00249796257689032,0.0310478470532513,0.0241779689727253,"Metrn/Sema7a/Ntrk2/Nefl",4
"GO:0001570","vasculogenesis","4/148","99/25730",0.0404040404040404,7.02429702429702,4.56789657536718,0.00259166402089287,0.0318779275689607,0.024824379685818,"Cav1/Egfl7/Ntrk2/Adm",4
"GO:1903035","negative regulation of response to wounding","4/148","99/25730",0.0404040404040404,7.02429702429702,4.56789657536718,0.00259166402089287,0.0318779275689607,0.024824379685818,"Mdk/Tspan8/Serpine2/Inpp5f",4
"GO:0030595","leukocyte chemotaxis","6/148","238/25730",0.0252100840336134,4.38280717692482,3.98785015183858,0.00260227980154781,0.0318779275689607,0.024824379685818,"Mdk/Cxcl14/Gas6/Nbl1/Cx3cr1/Ptn",6
"GO:0051216","cartilage development","6/148","239/25730",0.0251046025104603,4.36446907158204,3.9746337704942,0.00265688964713199,0.0322947767404856,0.0251489937023116,"Mgp/Mdk/Frzb/Mustn1/Comp/Scin",6
"GO:0060219","camera-type eye photoreceptor cell differentiation","3/148","48/25730",0.0625,10.8657094594595,5.20366803604984,0.0026686454285027,0.0322947767404856,0.0251489937023116,"Ntrk2/Sdk2/Ptn",3
"GO:0070372","regulation of ERK1 and ERK2 cascade","7/148","322/25730",0.0217391304347826,3.77937720329025,3.81737873958419,0.00267982693249373,0.0322947767404856,0.0251489937023116,"Acta2/Gas6/Cav1/Marco/Sema7a/Trem2/Spry4",7
"GO:0010977","negative regulation of neuron projection development","5/148","165/25730",0.0303030303030303,5.26822276822277,4.18351389343519,0.00270046207099959,0.0322947767404856,0.0251489937023116,"Cit/Mag/Ptprz1/Inpp5f/Draxin",5
"GO:0043085","positive regulation of catalytic activity","5/148","165/25730",0.0303030303030303,5.26822276822277,4.18351389343519,0.00270046207099959,0.0322947767404856,0.0251489937023116,"Gas6/Reln/Apc2/Arhgef16/Chp2",5
"GO:0009636","response to toxic substance","6/148","240/25730",0.025,4.34628378378378,3.9614897431786,0.00271235566030766,0.0322947767404856,0.0251489937023116,"Gpx3/Ephx1/Ces1d/Nefl/Ptges/Haghl",6
"GO:0021700","developmental maturation","8/148","413/25730",0.0193704600484262,3.36758065571625,3.68934060570545,0.00275928146072556,0.0326602431962388,0.0254335943257499,"Reln/Sema7a/Myoc/Cntn2/Cx3cr1/Nefl/Gdf11/Cdh5",8
"GO:0010976","positive regulation of neuron projection development","6/148","241/25730",0.024896265560166,4.32824941123696,3.94841733881989,0.00276868623641585,0.0326602431962388,0.0254335943257499,"Mdk/Reln/Serpine2/Ntrk2/Ptn/Ptprz1",6
"GO:0050807","regulation of synapse organization","8/148","415/25730",0.0192771084337349,3.35135135135135,3.67305705895493,0.00284169938324152,0.0329503522128674,0.0256595116587851,"Reln/Sema7a/Ntrk2/Lrrtm1/Nefl/Ptn/Trem2/Grin2b",8
"GO:0050768","negative regulation of neurogenesis","5/148","167/25730",0.029940119760479,5.20513027998058,4.14674036982473,0.00284420793549393,0.0329503522128674,0.0256595116587851,"Ptn/Trem2/Cit/Mag/Draxin",5
"GO:0045161","neuronal ion channel clustering","2/148","14/25730",0.142857142857143,24.8359073359073,6.78530011866709,0.00285793871234054,0.0329503522128674,0.0256595116587851,"Myoc/Cntn2",2
"GO:1900272","negative regulation of long-term synaptic potentiation","2/148","14/25730",0.142857142857143,24.8359073359073,6.78530011866709,0.00285793871234054,0.0329503522128674,0.0256595116587851,"Cx3cr1/Ptn",2
"GO:2000347","positive regulation of hepatocyte proliferation","2/148","14/25730",0.142857142857143,24.8359073359073,6.78530011866709,0.00285793871234054,0.0329503522128674,0.0256595116587851,"Mdk/Ptn",2
"GO:0030516","regulation of axon extension","4/148","103/25730",0.0388349514563107,6.75150879034374,4.44863300558797,0.00299062110545371,0.034005298811996,0.0264810329094491,"Sema7a/Cit/Mag/Draxin",4
"GO:0048593","camera-type eye morphogenesis","5/148","169/25730",0.029585798816568,5.14353110506957,4.11055155380687,0.00299341189083816,0.034005298811996,0.0264810329094491,"Aqp1/Ntrk2/Sdk2/Ptn/Gdf11",5
"GO:0070293","renal absorption","3/148","50/25730",0.06,10.4310810810811,5.07719723593671,0.00299892302738131,0.034005298811996,0.0264810329094491,"Aqp1/Gas6/Cldn19",3
"GO:0001649","osteoblast differentiation","6/148","245/25730",0.0244897959183673,4.25758411472697,3.89682969146031,0.00300282269729164,0.034005298811996,0.0264810329094491,"Crim1/Myoc/Igfbp2/Fhl2/Smoc1/Fbn2",6
"GO:0019722","calcium-mediated signaling","6/148","246/25730",0.024390243902439,4.24027686222808,3.88410479511678,0.00306360263072272,0.0345400862968207,0.0268974893288883,"Grik3/Cx3cr1/Fhl2/Trem2/Chp2/Grin2b",6
"GO:0045926","negative regulation of growth","6/148","247/25730",0.0242914979757085,4.22310974942554,3.87144734828425,0.0031252978588995,0.0350804358787485,0.0273182771343638,"Serpine2/Frzb/Tll2/Cit/Mag/Draxin",6
"GO:0003407","neural retina development","4/148","105/25730",0.0380952380952381,6.62290862290862,4.39135757964432,0.00320500568489028,0.0358173442328966,0.0278921316529002,"Ntrk2/Sdk2/Ptn/Gdf11",4
"GO:0050803","regulation of synapse structure or activity","8/148","424/25730",0.0188679245283019,3.28021417644059,3.60098972152981,0.00323667410163198,0.0359258506983702,0.0279766291689779,"Reln/Sema7a/Ntrk2/Lrrtm1/Nefl/Ptn/Trem2/Grin2b",8
"GO:0032536","regulation of cell projection size","2/148","15/25730",0.133333333333333,23.1801801801802,6.53570586579891,0.00328521319180544,0.0359258506983702,0.0279766291689779,"Cntn2/Nefl",2
"GO:0046459","short-chain fatty acid metabolic process","2/148","15/25730",0.133333333333333,23.1801801801802,6.53570586579891,0.00328521319180544,0.0359258506983702,0.0279766291689779,"Thnsl2/Ces1d",2
"GO:0097084","vascular associated smooth muscle cell development","2/148","15/25730",0.133333333333333,23.1801801801802,6.53570586579891,0.00328521319180544,0.0359258506983702,0.0279766291689779,"Comp/Adm",2
"GO:2000811","negative regulation of anoikis","2/148","15/25730",0.133333333333333,23.1801801801802,6.53570586579891,0.00328521319180544,0.0359258506983702,0.0279766291689779,"Cav1/Ntrk2",2
"GO:1900047","negative regulation of hemostasis","3/148","52/25730",0.0576923076923077,10.0298856548857,4.95767883682059,0.0033532623585877,0.036513301237955,0.0284340960231121,"Tspan8/Serpine2/Comp",3
"GO:0001666","response to hypoxia","7/148","337/25730",0.0207715133531157,3.61115566605181,3.66999752506033,0.00344383853093442,0.0370675058201091,0.0288656731681838,"S100b/Aqp1/Slc2a1/Cav1/B3gat1/Trem2/Grin2b",7
"GO:0030111","regulation of Wnt signaling pathway","7/148","337/25730",0.0207715133531157,3.61115566605181,3.66999752506033,0.00344383853093442,0.0370675058201091,0.0288656731681838,"Mdk/Cav1/Apc2/Frzb/Tmem132a/Tle2/Draxin",7
"GO:0006909","phagocytosis","6/148","252/25730",0.0238095238095238,4.13931788931789,3.80914901304569,0.00344780175799288,0.0370675058201091,0.0288656731681838,"Gas6/Pld4/Cnn2/Marco/Rap1gap/Trem2",6
"GO:0008038","neuron recognition","3/148","53/25730",0.0566037735849057,9.84064252932177,4.90032278930596,0.00353962409703881,0.0377362435115268,0.0293864409729935,"Gap43/Cntn2/Ptprz1",3
"GO:1903115","regulation of actin filament-based movement","3/148","53/25730",0.0566037735849057,9.84064252932177,4.90032278930596,0.00353962409703881,0.0377362435115268,0.0293864409729935,"Acta2/Tnnc1/Cav1",3
"GO:0007584","response to nutrient","5/148","176/25730",0.0284090909090909,4.93895884520885,3.98825938492991,0.00356029997694246,0.0377985180885391,0.0294349362128795,"Gas6/Cyp26b1/Lrat/Igfbp2/Rbp1",5
"GO:0030509","BMP signaling pathway","5/148","177/25730",0.0282485875706215,4.91105512291953,3.97131820441115,0.00364715205306311,0.038400592690929,0.0299037913006697,"Crim1/Cav1/Nbl1/Comp/Cdh5",5
"GO:0051961","negative regulation of nervous system development","5/148","177/25730",0.0282485875706215,4.91105512291953,3.97131820441115,0.00364715205306311,0.038400592690929,0.0299037913006697,"Ptn/Trem2/Cit/Mag/Draxin",5
"GO:0001941","postsynaptic membrane organization","3/148","54/25730",0.0555555555555556,9.65840840840841,4.84447063196773,0.00373220046929007,0.0385852624646442,0.0300475996636596,"Reln/Ptn/Cit",3
"GO:0042572","retinol metabolic process","3/148","54/25730",0.0555555555555556,9.65840840840841,4.84447063196773,0.00373220046929007,0.0385852624646442,0.0300475996636596,"Lrat/Ces1d/Rbp1",3
"GO:0061028","establishment of endothelial barrier","3/148","54/25730",0.0555555555555556,9.65840840840841,4.84447063196773,0.00373220046929007,0.0385852624646442,0.0300475996636596,"Cldn5/Cdh5/Robo4",3
"GO:0048711","positive regulation of astrocyte differentiation","2/148","16/25730",0.125,21.7314189189189,6.30927217686448,0.00374040809606245,0.0385852624646442,0.0300475996636596,"Serpine2/Mag",2
"GO:0098828","modulation of inhibitory postsynaptic potential","2/148","16/25730",0.125,21.7314189189189,6.30927217686448,0.00374040809606245,0.0385852624646442,0.0300475996636596,"Igsf9b/Grin2b",2
"GO:0006721","terpenoid metabolic process","4/148","110/25730",0.0363636363636364,6.32186732186732,4.25447412623216,0.00378631638287726,0.0387451170424549,0.0301720836259718,"Cyp26b1/Lrat/Ces1d/Rbp1",4
"GO:0030510","regulation of BMP signaling pathway","4/148","110/25730",0.0363636363636364,6.32186732186732,4.25447412623216,0.00378631638287726,0.0387451170424549,0.0301720836259718,"Crim1/Cav1/Nbl1/Cdh5",4
"GO:0060078","regulation of postsynaptic membrane potential","5/148","179/25730",0.0279329608938547,4.8561829986411,3.93781459178065,0.00382540337169332,0.0389885111642983,0.0303616225500712,"Reln/Grik3/Ntrk2/Igsf9b/Grin2b",5
"GO:0051056","regulation of small GTPase mediated signal transduction","6/148","258/25730",0.0232558139534884,4.04305468258957,3.73648420195449,0.00386679811603924,0.0392533928273625,0.0305678945218451,"Reln/Myoc/Rap1gap/Arhgef16/Spry4/Grin2b",6
"GO:0051336","regulation of hydrolase activity","4/148","111/25730",0.036036036036036,6.26491356221086,4.22811422864878,0.00391058225693395,0.039291682513038,0.0305977119462434,"Apc2/Ntrk2/Arhgef16/Chp2",4
"GO:0061448","connective tissue development","7/148","345/25730",0.0202898550724638,3.5274187230709,3.59478752559041,0.00391391397608423,0.039291682513038,0.0305977119462434,"Mgp/Mdk/Acta2/Frzb/Mustn1/Comp/Scin",7
"GO:0051494","negative regulation of cytoskeleton organization","5/148","180/25730",0.0277777777777778,4.8292042042042,3.92124873195552,0.00391683177327773,0.039291682513038,0.0305977119462434,"Apc2/Kank4/Myoc/Scin/Cdh5",5
"GO:0060828","regulation of canonical Wnt signaling pathway","6/148","259/25730",0.0231660231660232,4.02744443284984,3.72458704745769,0.0039401443197513,0.039370540104809,0.030659120919427,"Mdk/Cav1/Apc2/Frzb/Tle2/Draxin",6
"GO:0019731","antibacterial humoral response","4/148","112/25730",0.0357142857142857,6.20897683397683,4.20207588027016,0.00403758208154218,0.0400301912208929,0.0311728127122958,"Ppl/Slpi/Adm/Wfdc2",4
"GO:0032526","response to retinoic acid","4/148","112/25730",0.0357142857142857,6.20897683397683,4.20207588027016,0.00403758208154218,0.0400301912208929,0.0311728127122958,"Aqp1/Cyp26b1/Lrat/Igfbp2",4
"GO:1900271","regulation of long-term synaptic potentiation","3/148","56/25730",0.0535714285714286,9.31346525096525,4.73701101711225,0.00413624656028998,0.0407084685131398,0.0317010093147437,"Reln/Cx3cr1/Ptn",3
"GO:0001558","regulation of cell growth","8/148","442/25730",0.0180995475113122,3.14663079368962,3.46247233600174,0.00415392535848365,0.0407084685131398,0.0317010093147437,"Igfbp7/Col14a1/Sema7a/Serpine2/Frzb/Cit/Mag/Draxin",8
"GO:0032102","negative regulation of response to external stimulus","8/148","442/25730",0.0180995475113122,3.14663079368962,3.46247233600174,0.00415392535848365,0.0407084685131398,0.0317010093147437,"Mdk/Tspan8/Nbl1/Serpine2/Cx3cr1/Trem2/Inpp5f/Cdh5",8
"GO:0010755","regulation of plasminogen activation","2/148","17/25730",0.117647058823529,20.4531001589825,6.10255879801509,0.00422319250142579,0.0409151881887183,0.0318619886539428,"Serpine2/Clec3b",2
"GO:0034350","regulation of glial cell apoptotic process","2/148","17/25730",0.117647058823529,20.4531001589825,6.10255879801509,0.00422319250142579,0.0409151881887183,0.0318619886539428,"Gas6/Trem2",2
"GO:1904936","interneuron migration","2/148","17/25730",0.117647058823529,20.4531001589825,6.10255879801509,0.00422319250142579,0.0409151881887183,0.0318619886539428,"Reln/Cntn2",2
"GO:1905952","regulation of lipid localization","5/148","184/25730",0.0271739130434783,4.72422150411281,3.85618645581065,0.00429823643656116,0.0413438974607421,0.0321958385166896,"Cav1/Lrat/Prap1/Trem2/Ptges",5
"GO:0090288","negative regulation of cellular response to growth factor stimulus","4/148","114/25730",0.0350877192982456,6.10004741583689,4.15093608302774,0.00429989514407247,0.0413438974607421,0.0321958385166896,"Crim1/Cav1/Nbl1/Spry4",4
"GO:0002064","epithelial cell development","6/148","264/25730",0.0227272727272727,3.95116707616708,3.66598308781852,0.00432245151465037,0.0414045355613878,0.0322430593791688,"Acta2/Cldn5/Frzb/Gdf11/Cdh5/Robo4",6
"GO:0043627","response to estrogen","4/148","115/25730",0.0347826086956522,6.0470035252644,4.12582128487907,0.00443526368838557,0.0423260369962787,0.0329606625373814,"Aqp1/Cav1/Igfbp2/Krt19",4
"GO:0070371","ERK1 and ERK2 cascade","7/148","354/25730",0.019774011299435,3.43773858604367,3.51279045268449,0.00449937396774831,0.0427776301112787,0.0333123327934232,"Acta2/Gas6/Cav1/Marco/Sema7a/Trem2/Spry4",7
"GO:0014888","striated muscle adaptation","3/148","58/25730",0.0517241379310345,8.99231127679404,4.63480640699824,0.00456588268313068,0.0430884039874703,0.0335543425251514,"Tnnc1/Myoc/Inpp5f",3
"GO:0032330","regulation of chondrocyte differentiation","3/148","58/25730",0.0517241379310345,8.99231127679404,4.63480640699824,0.00456588268313068,0.0430884039874703,0.0335543425251514,"Mdk/Mustn1/Scin",3
"GO:0044703","multi-organism reproductive process","6/148","268/25730",0.0223880597014925,3.89219443323921,3.62012602723646,0.00464750872526573,0.0436968717047125,0.0340281761395452,"Slc2a1/Serpine2/Igfbp2/Ptn/Serpina5/Fbn2",6
"GO:0042310","vasoconstriction","4/148","117/25730",0.0341880341880342,5.94363594363594,4.07647000596777,0.00471456161267896,0.044015661480907,0.0342764281134882,"Acta2/Cav1/Comp/Adm",4
"GO:0044849","estrous cycle","2/148","18/25730",0.111111111111111,19.3168168168168,5.91280271736331,0.00473323832251511,0.044015661480907,0.0342764281134882,"Mdk/Ptn",2
"GO:0090630","activation of GTPase activity","2/148","18/25730",0.111111111111111,19.3168168168168,5.91280271736331,0.00473323832251511,0.044015661480907,0.0342764281134882,"Apc2/Arhgef16",2
"GO:0097106","postsynaptic density organization","3/148","59/25730",0.0508474576271186,8.83989922125515,4.58553651785012,0.00479044039245484,0.0443856077089997,0.0345645172814445,"Reln/Lrrtm1/Cit",3
"GO:0001889","liver development","5/148","190/25730",0.0263157894736842,4.57503556187767,3.76202592544835,0.00491900971357178,0.0454117273557279,0.0353635900460824,"Mdk/Vwf/Ephx1/Frzb/Ptn",5
"GO:0048640","negative regulation of developmental growth","4/148","119/25730",0.0336134453781513,5.84374290256643,4.02824948269425,0.00500545407527499,0.0455950056383875,0.0355063148097003,"Tll2/Cit/Mag/Draxin",4
"GO:0050771","negative regulation of axonogenesis","3/148","60/25730",0.05,8.69256756756757,4.53742097477518,0.00502156442360221,0.0455950056383875,0.0355063148097003,"Cit/Mag/Draxin",3
"GO:0030308","negative regulation of cell growth","5/148","191/25730",0.0261780104712042,4.55108249610867,3.74671418942901,0.00502833460925703,0.0455950056383875,0.0355063148097003,"Serpine2/Frzb/Cit/Mag/Draxin",5
"GO:0071772","response to BMP","5/148","191/25730",0.0261780104712042,4.55108249610867,3.74671418942901,0.00502833460925703,0.0455950056383875,0.0355063148097003,"Crim1/Cav1/Nbl1/Comp/Cdh5",5
"GO:0071773","cellular response to BMP stimulus","5/148","191/25730",0.0261780104712042,4.55108249610867,3.74671418942901,0.00502833460925703,0.0455950056383875,0.0355063148097003,"Crim1/Cav1/Nbl1/Comp/Cdh5",5
"GO:0015718","monocarboxylic acid transport","5/148","192/25730",0.0260416666666667,4.52737894144144,3.73150780842474,0.00513937277081619,0.0464160519190029,0.0361456902699002,"Slc2a1/Fabp4/Rbp1/Slc27a6/Ptges",5
"GO:0061387","regulation of extent of cell growth","4/148","120/25730",0.0333333333333333,5.79504504504505,4.00454878699076,0.00515531502868047,0.0464160519190029,0.0361456902699002,"Sema7a/Cit/Mag/Draxin",4
"GO:0019730","antimicrobial humoral response","5/148","193/25730",0.0259067357512953,4.50392101946506,3.7164054517112,0.00525213845950551,0.0464654716306276,0.036184175007739,"Cxcl14/Ppl/Slpi/Adm/Wfdc2",5
"GO:0061008","hepaticobiliary system development","5/148","193/25730",0.0259067357512953,4.50392101946506,3.7164054517112,0.00525213845950551,0.0464654716306276,0.036184175007739,"Mdk/Vwf/Ephx1/Frzb/Ptn",5
"GO:0060456","positive regulation of digestive system process","2/148","19/25730",0.105263157894737,18.3001422475107,5.737755715299,0.00527022029091498,0.0464654716306276,0.036184175007739,"Aqp1/Prap1",2
"GO:0098883","synapse pruning","2/148","19/25730",0.105263157894737,18.3001422475107,5.737755715299,0.00527022029091498,0.0464654716306276,0.036184175007739,"Cx3cr1/Trem2",2
"GO:1901550","regulation of endothelial cell development","2/148","19/25730",0.105263157894737,18.3001422475107,5.737755715299,0.00527022029091498,0.0464654716306276,0.036184175007739,"Cldn5/Cdh5",2
"GO:1903140","regulation of establishment of endothelial barrier","2/148","19/25730",0.105263157894737,18.3001422475107,5.737755715299,0.00527022029091498,0.0464654716306276,0.036184175007739,"Cldn5/Cdh5",2
"GO:0044706","multi-multicellular organism process","6/148","277/25730",0.0216606498194946,3.76573324226754,3.52010606363507,0.00544437357519664,0.0478353926537967,0.0372509770934507,"Slc2a1/Serpine2/Igfbp2/Ptn/Serpina5/Fbn2",6
"GO:0002526","acute inflammatory response","4/148","123/25730",0.032520325203252,5.65370248297078,3.93501945345347,0.00562287226713057,0.0492339468613357,0.0383400767717169,"Vwf/Saa1/Ptges/Aoc3",4
