"Annot","Term","Annotated","Significant","Pvalue","Padj","GeneID"
"04064","NF-kappa B signaling pathway",107,29,1.44004937065878e-11,4.8241653917069e-09,"Cxcl1,Icam1,Gadd45b,Ptgs2,Bcl2a1a,Gadd45a,Cxcl2,Tnfaip3,Birc3,Lyn,Zap70,Blnk,Relb,Lck,Nfkb2,Card11,Tlr4,Il1b,Bcl10,Chuk,Prkcq,Il1r1,Tnfsf14,Nfkb1,Plau,Cd40lg,Eda2r,Prkcb,Gadd45g"
"04668","TNF signaling pathway",118,30,3.73037557873648e-11,6.24837909438361e-09,"Cxcl1,Icam1,Sele,Il6,Ptgs2,Socs3,Ccl12,Cebpb,Junb,Creb3l1,Cxcl2,Tnfaip3,Il18r1,Irf1,Frmd8,Map3k8,Birc3,Bcl3,Mmp3,Creb5,Mlkl,Lif,Ccl20,Map2k3,Il1b,Chuk,Cxcl5,Mapk12,Nfkb1,Tnfrsf1b"
"04380","Osteoclast differentiation",136,31,3.49322377399123e-10,3.90076654762355e-08,"Fcgr4,Fosl1,Pirb,Fosl2,Socs3,Lilra5,Junb,Sirpb1a,Ncf1,Ncf2,Nfatc2,Blnk,Relb,Lck,Nfkb2,Jund,Ifngr2,Oscar,Il1b,Il1a,Chuk,Spi1,Mapk12,Fcgr3,Il1r1,Ncf4,Nfkb1,Socs1,Ifngr1,Lcp2,Fosb"
"04060","Cytokine-cytokine receptor interaction",294,48,1.41949950199861e-09,1.18883083292384e-07,"Cxcr2,Csf3,Cxcr1,Cxcl1,Il1r2,Csf3r,Il6,Bmp2,Tnfrsf12a,Osm,Ccl12,Ccr3,Cxcl2,Il18rap,Il18r1,Il1rn,Il1rap,Il1rl2,Pf4,Csf2rb,Cxcr4,Relt,Clcf1,Il7,Il12rb2,Lif,Il20,Ccl20,Il2rb,Ifngr2,Bmp8a,Il1b,Il1a,Il17ra,Il4ra,Cxcl5,Gdf7,Il1r1,Il6ra,Tnfsf14,Ifngr1,Inhba,Tnfrsf1b,Cd40lg,Eda2r,Acvr1c,Acvr1b,Il11"
"05152","Tuberculosis",180,35,2.49568062478195e-09,1.67210601860391e-07,"Fcgr4,Clec4e,Il6,Cebpb,Ciita,Cycs,Plk3,Cyp27b1,Tlr2,Rab5a,Camp,Ripk2,Cd209e,Hspd1,Sphk1,Ifngr2,Tlr4,Hspa9,Il1b,Il1a,Pla2r1,Bcl10,H2-Oa,H2-DMb2,Clec7a,Camk2b,Mapk12,Fcgr3,Coro1a,Atp6v0b,Nfkb1,Ifngr1,Irak2,Ctss,Tlr1"
"04657","IL-17 signaling pathway",98,23,3.75169514436522e-08,2.09469645560391e-06,"Csf3,Cxcl1,Fosl1,Il6,Ptgs2,S100a8,Ccl12,Cebpb,Cxcl2,Tnfaip3,Lcn2,Mmp3,Jund,Muc5b,Ikbke,Ccl20,Il1b,Il17ra,Chuk,Cxcl5,Mapk12,Nfkb1,Fosb"
"05140","Leishmaniasis",70,19,4.74370649229222e-08,2.27020239273985e-06,"Fcgr4,Ptgs2,Ncf1,Ncf2,Tlr2,Marcksl1,Nfkbib,Ifngr2,Tlr4,Il1b,Il1a,H2-Oa,H2-DMb2,Mapk12,Fcgr3,Ncf4,Nfkb1,Ifngr1,Prkcb"
"05145","Toxoplasmosis",109,24,7.07434884089666e-08,2.96238357712548e-06,"Ciita,Cycs,Tlr2,Birc3,Pik3r6,Alox5,Map2k3,Nfkbib,Ifngr2,Tlr4,Gnai3,Chuk,Pik3r5,Ppif,H2-Oa,H2-DMb2,Birc7,Mapk12,Nfkb1,Socs1,Ifngr1,Lamb3,Cd40lg,Hspa8"
"04659","Th17 cell differentiation",105,23,1.46469308072376e-07,5.45191313380511e-06,"Il6,Il1rap,Nfatc2,Zap70,Lck,Gata3,Il2rb,Nfkbib,Ifngr2,Il1b,Chuk,Il4ra,H2-Oa,H2-DMb2,Prkcq,Hif1a,Mapk12,Il1r1,Il6ra,Nfkb1,Cd247,Ifngr1,Cd3g"
"04625","C-type lectin receptor signaling pathway",112,23,5.02317819891889e-07,1.68276469663783e-05,"Clec4e,Il6,Ptgs2,Clec4d,Nlrp3,Plk3,Irf1,Nfatc2,Bcl3,Relb,Mapkapk2,Cd209e,Nfkb2,Egr3,Ikbke,Il1b,Bcl10,Chuk,Clec7a,Mapk12,Clec1b,Clec4b1,Nfkb1"
"04640","Hematopoietic cell lineage",94,20,1.5466005975201e-06,4.7101018197203e-05,"Csf3,Il1r2,Csf3r,Il6,Cd55,Tfrc,Il7,Fcer2a,Il1b,Il1a,Itga5,Il4ra,H2-Oa,H2-DMb2,Il1r1,Il6ra,Cd3g,Cd2,Flt3l,Il11"
"05200","Pathways in cancer",549,64,1.77869708493311e-06,4.96552936210494e-05,"Cdkn1a,Csf3r,Gadd45b,Myc,Il6,Ptgs2,Bmp2,Ccna1,Gadd45a,Cycs,Pim1,Skp2,Nkx3-1,Runx1t1,Igf2,Birc3,Rasgrp4,Csf2rb,Cdk2,Gng5,Cxcr4,Gli2,Il7,Lpar2,Tgfa,Nfkb2,Il12rb2,Vegfa,Ednrb,Frat2,Il2rb,Ifngr2,Gnai3,Chuk,Spi1,Il4ra,Birc7,Agt,E2f3,Ctnna3,Camk2b,Hif1a,Col4a4,Igf1,Gnb3,Cks2,Gna13,Il6ra,Rac2,Lpar6,Ralb,Nfkb1,Wnt3,Ifngr1,Lamb3,Frat1,Bdkrb1,Ptch2,Lpar4,Stk4,Prkcb,Flt3l,Gadd45g,Rassf5"
"05235","PD-L1 expression and PD-1 checkpoint pathway in cancer",88,19,2.23143430066291e-06,5.75023454401595e-05,"Batf3,Tlr2,Nfatc2,Zap70,Lck,Cd274,Map2k3,Nfkbib,Ifngr2,Tlr4,Chuk,Prkcq,Hif1a,Batf,Mapk12,Nfkb1,Cd247,Ifngr1,Cd3g"
"04010","MAPK signaling pathway",299,41,2.8085354973169e-06,6.72042422572259e-05,"Gadd45b,Myc,Gadd45a,Dusp5,Cacna1e,Dusp1,Ereg,Il1rap,Igf2,Map3k8,Areg,Rasgrp4,Nr4a1,Rasgrf1,Relb,Mapkapk2,Map4k1,Tgfa,Nfkb2,Jund,Rps6ka1,Vegfa,Map2k3,Il1b,Il1a,Chuk,Mapk8ip1,Cdc25b,Igf1,Mapk12,Arrb2,Il1r1,Rac2,Map3k12,Efna5,Nfkb1,Stk4,Hspa8,Prkcb,Flt3l,Gadd45g"
"04145","Phagosome",183,29,4.9414565187015e-06,0.000110359195584334,"Fcgr4,Ncf1,Ncf2,Tlr2,Tfrc,Rab5a,Tubb1,Tubb6,Tap1,Tubb2a,Tubb4b,Tuba4a,Cd209e,Tlr4,Atp6v1b2,Pla2r1,Itga5,H2-Oa,H2-DMb2,Tuba1c,Clec7a,Fcgr3,Coro1a,Ncf4,Mbl2,Atp6v0b,H2-M3,Ctss,Mpo"
"05321","Inflammatory bowel disease",62,15,5.9384950309306e-06,0.000124337239710109,"Il6,Il18rap,Il18r1,Tlr2,Il12rb2,Gata3,Ifngr2,Tlr4,Il1b,Il1a,Il4ra,H2-Oa,H2-DMb2,Nfkb1,Ifngr1"
"05323","Rheumatoid arthritis",87,18,7.77945492753569e-06,0.000153301023572027,"Cxcl1,Icam1,Il6,Ccl12,Cxcl2,Tlr2,Mmp3,Vegfa,Ccl20,Tlr4,Atp6v1b2,Il1b,Il1a,H2-Oa,H2-DMb2,Cxcl5,Atp6v0b,Il11"
"04658","Th1 and Th2 cell differentiation",88,18,9.20608880301724e-06,0.00017133554161171,"Nfatc2,Zap70,Lck,Il12rb2,Gata3,Il2rb,Nfkbib,Ifngr2,Chuk,Il4ra,H2-Oa,H2-DMb2,Prkcq,Mapk12,Nfkb1,Cd247,Ifngr1,Cd3g"
"04062","Chemokine signaling pathway",194,29,1.57605945453171e-05,0.000277884166983223,"Cxcr2,Cxcr1,Cxcl1,Ccl12,Ccr3,Fgr,Cxcl2,Ncf1,Pf4,Lyn,Pik3r6,Gng5,Prex1,Cxcr4,Hck,Foxo3,Was,Ccl20,Nfkbib,Gnai3,Chuk,Pik3r5,Cxcl5,Gnb3,Arrb2,Rac2,Shc4,Nfkb1,Prkcb"
"05417","Lipid and atherosclerosis",217,31,2.04099347387773e-05,0.00034186640687452,"Cxcl1,Icam1,Sele,Il6,Ccl12,Cxcl2,Cycs,Ncf1,Sod2,Nlrp3,Ncf2,Tlr2,Irf7,Nfatc2,Lyn,Mmp3,Hspd1,Ikbke,Eif2s1,Map2k3,Ern1,Tlr4,Il1b,Chuk,Camk2b,Mapk12,Ncf4,Nfkb1,Apob,Cd40lg,Hspa8"
"05169","Epstein-Barr virus infection",229,32,2.36884273882544e-05,0.000377886817860249,"Cdkn1a,Icam1,Gadd45b,Myc,Il6,Ccna1,Gadd45a,Cycs,Tnfaip3,Skp2,Tlr2,Irf7,Tap1,Lyn,Cdk2,Blnk,Relb,Nfkb2,Ikbke,Map2k3,Nfkbib,Fcer2a,Chuk,H2-Oa,H2-DMb2,E2f3,Mapk12,Nfkb1,Cd247,Cd3g,H2-M3,Gadd45g"
"04061","Viral protein interaction with cytokine and cytokine receptor",95,18,2.77136051300699e-05,0.000422002623571518,"Cxcr2,Cxcr1,Cxcl1,Il6,Ccl12,Ccr3,Cxcl2,Il18rap,Il18r1,Pf4,Cxcr4,Il20,Ccl20,Il2rb,Cxcl5,Il6ra,Tnfsf14,Tnfrsf1b"
"05202","Transcriptional misregulation in cancer",226,31,4.55599868649075e-05,0.000663591113032348,"Cdkn1a,Il1r2,Gadd45b,Myc,Il6,Mlf1,Bcl2a1a,Ccna1,Gadd45a,Nr4a3,Cebpb,Slc45a3,Nfkbiz,Hoxa9,Rel,Runx1t1,Birc3,Mmp3,Per2,Plat,Hoxa10,Six1,Il2rb,Hoxa11,Spi1,Bcl11b,Igf1,Nfkb1,Plau,Mpo,Gadd45g"
"05135","Yersinia infection",136,22,4.91600623322567e-05,0.000686192536721083,"Il6,Mefv,Ccl12,Nlrp3,Nfatc2,Arpc5l,Nlrc4,Zap70,Lck,Rps6ka1,Was,Map2k3,Tlr4,Il1b,Itga5,Chuk,Mapk12,Fcgr3,Rac2,Rhog,Nfkb1,Lcp2"
"04621","NOD-like receptor signaling pathway",220,30,6.7244065678985e-05,0.000901070480098399,"Cxcl1,Il6,Nlrp6,Nampt,Mefv,Ccl12,Nlrp12,Cxcl2,Tnfaip3,Nlrp3,Camp,Irf7,Panx1,Birc3,Gabarapl1,Nlrc4,Ripk2,Ikbke,Gpsm3,Casp4,Trpm2,Nfkbib,Tlr4,Il1b,Chuk,Mapk12,Txn1,Nfkb1,Ifi204,Aim2"
"05222","Small cell lung cancer",94,17,8.49861957923102e-05,0.00109501444578553,"Cdkn1a,Gadd45b,Myc,Ptgs2,Gadd45a,Cycs,Skp2,Birc3,Cdk2,Chuk,Birc7,E2f3,Col4a4,Cks2,Nfkb1,Lamb3,Gadd45g"
"05167","Kaposi sarcoma-associated herpesvirus infection",224,30,9.39871697093694e-05,0.00116613710565329,"Cdkn1a,Cxcl1,Icam1,Myc,Il6,Ptgs2,Ccr3,Cxcl2,Cycs,Zfp36,Cd200r1,Irf7,Nfatc2,Lyn,Pik3r6,Gng5,Prex1,Mapkapk2,Vegfa,Ikbke,Hck,Chuk,Pik3r5,E2f3,Hif1a,Gnb3,Mapk12,Nfkb1,Ifngr1,H2-M3"
"04068","FoxO signaling pathway",133,21,0.000103852191309781,0.00124251728888488,"Cdkn1a,Gadd45b,Il6,Gadd45a,S1pr4,Homer1,Sod2,Plk3,Skp2,Gabarapl1,Cdkn2d,Cdk2,Irs2,Foxo3,Chuk,Igf1,Mapk12,Pck1,Stk4,Agap2,Gadd45g"
"05164","Influenza A",174,25,0.000115592664635968,0.00133529457424308,"Icam1,Il6,Socs3,Ccl12,Ciita,Cycs,Nlrp3,Irf7,Dnajb1,Nxt1,Ikbke,Eif2s1,Nfkbib,Ifngr2,Tlr4,Il1b,Il1a,Chuk,Kpna2,Nup98,H2-Oa,H2-DMb2,Nfkb1,Ifngr1,Prkcb"
"05030","Cocaine addiction",48,11,0.000175361309117967,0.00195820128515063,"Creb3l1,Grin2d,Dlg4,Creb5,Slc18a2,Gria2,Gnai3,Cdk5r1,Nfkb1,Drd2,Fosb"
"04148","Efferocytosis",163,23,0.000280711641249157,0.00295971763920635,"Ptgs2,Arg1,Dusp5,Cebpb,Ch25h,Arg2,Sirpb1a,Siglecg,Stab1,Rab5a,Panx1,Nfatc2,Ano9,Mapkapk2,Alox5,Megf11,Sphk1,P2ry2,Odc1,Camk2b,Hif1a,Mapk12,Gpr132"
"04610","Complement and coagulation cascades",94,16,0.000282719296879413,0.00295971763920635,"Plaur,Thbd,C5ar1,Serpine1,Cd55,F5,Serpina1e,C6,Serpinb2,Plat,C2,Cfi,Mbl2,C4a,Bdkrb1,Plau"
"05134","Legionellosis",60,12,0.000352539472961626,0.00349636072599395,"Cxcl1,Il6,Cxcl2,Cycs,Tlr2,Nlrc4,Hspd1,Nfkb2,Tlr4,Il1b,Nfkb1,Hspa8"
"04151","PI3K-Akt signaling pathway",368,41,0.000354854521444162,0.00349636072599395,"Csf3,Cdkn1a,Csf3r,Myc,Il6,Osm,Creb3l1,Mcl1,Ereg,Tlr2,Igf2,Areg,Pik3r6,Cdk2,Gng5,Nr4a1,Creb5,Il7,Lpar2,Tgfa,Vegfa,Foxo3,Il2rb,Tlr4,Itga5,Chuk,Il4ra,Pik3r5,Col4a4,Igf1,Gnb3,Ywhag,Il6ra,Efna5,Lpar6,Nfkb1,Pck1,Lamb3,Lpar4,Flt3l,Col9a2"
"05215","Prostate cancer",107,17,0.000429232898979006,0.00409824405284133,"Cdkn1a,Il1r2,Creb3l1,Nkx3-1,Mmp3,Cdk2,Creb5,Tgfa,Plat,Slc19a1,Chuk,Slc46a1,E2f3,Igf1,Nfkb1,Insrr,Plau"
"04066","HIF-1 signaling pathway",117,18,0.000440408316126232,0.00409824405284133,"Cdkn1a,Il6,Serpine1,Tfrc,Pfkfb3,Hk2,Vegfa,Ldha,Hk3,Ifngr2,Tlr4,Camk2b,Hif1a,Igf1,Il6ra,Nfkb1,Ifngr1,Prkcb"
"05168","Herpes simplex virus 1 infection",214,27,0.000546261652189855,0.00494588252658382,"Il6,Socs3,Ccl12,Cycs,Srsf3,Cfp,Tlr2,Irf7,Tap1,Birc3,Zc3hav1,Srsf2,Ikbke,Eif2s1,Ifngr2,Ppp1cb,Il1b,Itga5,Chuk,H2-Oa,H2-DMb2,Pilra,Tnfsf14,Nfkb1,Ifngr1,Srpk1,H2-M3"
"04630","JAK-STAT signaling pathway",171,23,0.000563608110176589,0.00496865044497783,"Csf3,Cdkn1a,Csf3r,Myc,Il6,Socs2,Osm,Socs3,Pim1,Mcl1,Csf2rb,Clcf1,Il7,Il12rb2,Lif,Il20,Il2rb,Ifngr2,Il4ra,Il6ra,Socs1,Ifngr1,Il11"
"04930","Type II diabetes mellitus",48,10,0.000772700871685672,0.00659041238548676,"Socs2,Socs3,Cacna1e,Hk2,Irs2,Hk3,Abcc8,Kcnj11,Socs1,Mafa"
"05132","Salmonella infection",253,30,0.000786914911699912,0.00659041238548676,"Myc,Il6,Cycs,Nlrp3,Rhob,Tlr2,Rab5a,Tubb1,Tubb6,Arpc5l,Birc3,Tubb2a,Nlrc4,Tubb4b,Tuba4a,Ripk2,Kif5c,Mlkl,Casp4,Map2k3,Tlr4,Il1b,Chuk,Tuba1c,Mapk12,Txn1,Ptprc,Rhog,Nfkb1,Arhgef26"
"04666","Fc gamma R-mediated phagocytosis",94,15,0.000876162515870905,0.0071588888491891,"Fcgr4,Ncf1,Arpc5l,Lyn,Marcksl1,Vasp,Hck,Was,Sphk1,Asap3,Limk2,Fcgr3,Rac2,Ptprc,Prkcb"
"05133","Pertussis",77,13,0.00111273282609213,0.00871333307708288,"Il6,Nlrp3,Irf1,C2,Tlr4,Gnai3,Il1b,Il1a,Itga5,Cxcl5,Mapk12,C4a,Nfkb1"
"05166","Human T-cell leukemia virus 1 infection",247,29,0.00111842782780467,0.00871333307708288,"Cdkn1a,Il1r2,Icam1,Fosl1,Myc,Il6,Ccna1,Creb3l1,Ets2,Zfp36,Nfatc2,Cdk2,Relb,Creb5,Lck,Nfkb2,Il2rb,Ran,Msx2,Chuk,Spi1,H2-Oa,H2-DMb2,E2f3,Il1r1,Nfkb1,Cd3g,H2-M3,Kat2a"
"05418","Fluid shear stress and atherosclerosis",149,20,0.00129370038391278,0.0098497642866087,"Il1r2,Icam1,Sele,Ccl12,Thbd,Ncf1,Ncf2,Dusp1,Trpv4,Sdc4,Plat,Vegfa,Il1b,Il1a,Chuk,Mapk12,Txn1,Il1r1,Rac2,Nfkb1"
"05146","Amoebiasis",108,16,0.00135945983983281,0.0101204232520887,"Cxcl1,Il1r2,Il6,Arg1,Serpinb9,Arg2,Cxcl2,Tlr2,Rab5a,Tlr4,Il1b,Col4a4,Il1r1,Nfkb1,Lamb3,Prkcb"
"01523","Antifolate resistance",28,7,0.00155404302368206,0.0113174872376846,"Il6,Abcc3,Slc19a1,Il1b,Chuk,Slc46a1,Nfkb1"
"04931","Insulin resistance",110,16,0.0016552389952988,0.0117979800728744,"Il6,Ppargc1b,Socs3,Creb3l1,Irs2,Creb5,Rps6ka1,Ppp1r3b,Gfpt2,Ppp1cb,Ptpn1,Agt,Prkcq,Nfkb1,Pck1,Prkcb"
"05161","Hepatitis B",164,21,0.00180805360138538,0.0124004485294462,"Cdkn1a,Myc,Il6,Ccna1,Creb3l1,Cycs,Tlr2,Irf7,Nfatc2,Cdk2,Creb5,Ddx3x,Egr3,Ikbke,Map2k3,Tlr4,Chuk,E2f3,Mapk12,Nfkb1,Prkcb"
"04613","Neutrophil extracellular trap formation",209,25,0.00185024966925125,0.0124004485294462,"Fcgr4,Padi4,Fpr2,Aqp9,Fpr1,C5ar1,Ncf1,Ncf2,Tlr2,Camp,Hdac8,Casp4,Tlr8,Tlr4,Hat1,Selplg,Ppif,Clec7a,Mapk12,Fcgr3,Ncf4,Rac2,Nfkb1,Prkcb,Mpo"
"04933","AGE-RAGE signaling pathway in diabetic complications",101,15,0.00185081321335019,0.0124004485294462,"Icam1,Sele,Il6,Ccl12,Thbd,Pim1,Serpine1,Vegfa,Il1b,Il1a,Agt,Col4a4,Mapk12,Nfkb1,Prkcb"
"04623","Cytosolic DNA-sensing pathway",82,13,0.00201269846686828,0.0132206664000172,"Il6,Mefv,Nlrp3,Irf7,Mlkl,Polr1c,Ikbke,Nfkbib,Il1b,Chuk,Nfkb1,Ifi204,Aim2"
"05142","Chagas disease",103,15,0.00225586709989091,0.0145329899704511,"Il6,Ccl12,Serpine1,Tlr2,Ace,Ifngr2,Tlr4,Gnai3,Il1b,Chuk,Mapk12,Nfkb1,Cd247,Ifngr1,Cd3g"
"01250","Biosynthesis of nucleotide sugars",38,8,0.0023930002173754,0.0151255674117124,"Uap1,Hk2,Ugdh,Hk3,Gfpt2,Gnpnat1,Uap1l1,Nans"
"04210","Apoptosis",136,18,0.00259056305301344,0.0160710856066574,"Gadd45b,Bcl2a1a,Gadd45a,Cycs,Mcl1,Lmnb1,Birc3,Tuba4a,Csf2rb,Lmna,Eif2s1,Ern1,Nol3,Chuk,Tuba1c,Nfkb1,Ctss,Gadd45g"
"00520","Amino sugar and nucleotide sugar metabolism",39,8,0.00284493760916814,0.0173282563467514,"Uap1,Hk2,Ugdh,Hk3,Gfpt2,Gnpnat1,Chit1,Uap1l1"
"04218","Cellular senescence",183,22,0.00317728504103431,0.0190069730133302,"Cdkn1a,Gadd45b,Myc,Il6,Ccna1,Gadd45a,Serpine1,Hipk3,Nfatc2,Cdk2,Trpv4,Mapkapk2,Foxo3,Map2k3,Ppp1cb,Il1a,E2f3,Mapk12,Nfkb1,H2-M3,Gadd45g,Rassf5"
"05163","Human cytomegalovirus infection",256,28,0.00381853810596401,0.0224422853596131,"Cxcr2,Cdkn1a,Myc,Il6,Ptgs2,Ccl12,Ccr3,Creb3l1,Cycs,Tap1,Nfatc2,Gng5,Cxcr4,Creb5,Vegfa,Gnai3,Il1b,Chuk,E2f3,Gnb3,Mapk12,Il1r1,Gna13,Il6ra,Rac2,Nfkb1,H2-M3,Prkcb"
"04660","T cell receptor signaling pathway",122,16,0.00478706386682294,0.027649420610098,"Nfatc2,Map3k8,Zap70,Lck,Card11,Nfkbib,Bcl10,Chuk,Prkcq,Mapk12,Ptprc,Nfkb1,Cd247,Cd3g,Lcp2,Cd40lg"
"04350","TGF-beta signaling pathway",112,15,0.00509341671678674,0.028914581922133,"Myc,Bmp2,Tfrc,Nrros,Skil,Bambi,Hfe,Igsf1,Bmp8a,Tgif1,Gdf7,Smad6,Inhba,Acvr1c,Acvr1b"
"05162","Measles",145,18,0.00517873109053127,0.028914581922133,"Il6,Cycs,Tnfaip3,Tlr2,Irf7,Cdk2,Cd209e,Ikbke,Eif2s1,Il2rb,Nfkbib,Tlr4,Il1b,Il1a,Chuk,Nfkb1,Cd3g,Hspa8"
"04920","Adipocytokine signaling pathway",72,11,0.0057944669373292,0.0313088132904078,"Socs3,Acsl1,Irs2,Nfkbib,Chuk,Acsl4,Prkcq,Adipor1,Nfkb1,Pck1,Tnfrsf1b"
"05223","Non-small cell lung cancer",72,11,0.0057944669373292,0.0313088132904078,"Cdkn1a,Gadd45b,Gadd45a,Kif5c,Tgfa,Foxo3,E2f3,Stk4,Prkcb,Gadd45g,Rassf5"
"04662","B cell receptor signaling pathway",84,12,0.00699005738768003,0.0361570651533656,"Pirb,Lilra5,Nfatc2,Lyn,Blnk,Card11,Nfkbib,Bcl10,Chuk,Rac2,Nfkb1,Prkcb"
"05150","Staphylococcus aureus infection",138,17,0.00699532533431568,0.0361570651533656,"Fcgr4,Icam1,Fpr2,Krt23,Fpr1,C5ar1,Camp,C2,Ptafr,Selplg,Krt14,H2-Oa,H2-DMb2,Cfi,Fcgr3,Mbl2,C4a"
"05340","Primary immunodeficiency",36,7,0.00701554995513063,0.0361570651533656,"Ciita,Tap1,Zap70,Blnk,Lck,Ptprc,Cd40lg"
"04540","Gap junction",86,12,0.00842164963649862,0.0427306659026186,"Tubb1,Tubb6,Htr2b,Tubb2a,Tubb4b,Gja1,Tuba4a,Gnai3,Tuba1c,Csnk1d,Drd2,Prkcb"
"04936","Alcoholic liver disease",141,17,0.0086345376255734,0.0427306659026186,"Cxcl1,Il6,Cxcl2,C5ar1,Ikbke,Foxo3,C2,Map2k3,Tlr4,Il1b,Il17ra,Chuk,Mapk12,Adipor1,C4a,Nfkb1,Cyp2e1"
"05212","Pancreatic cancer",76,11,0.00871563093430428,0.0427306659026186,"Cdkn1a,Gadd45b,Gadd45a,Tgfa,Vegfa,Chuk,E2f3,Rac2,Ralb,Nfkb1,Gadd45g"
"04750","Inflammatory mediator regulation of TRP channels",130,16,0.00880124163367367,0.0427306659026186,"Il1rap,Htr2b,Trpv4,F2rl1,Map2k3,P2ry2,Ppp1cb,Il1b,Prkcq,Camk2b,Igf1,Mapk12,Il1r1,Asic1,Bdkrb1,Prkcb"
"04014","Ras signaling pathway",237,25,0.00949285486104596,0.0454300911207199,"Ets2,Rel,Rab5a,Igf2,Abl2,Rasgrp4,Gng5,Zap70,Rasgrf1,Tgfa,Vegfa,Rasa4,Chuk,Igf1,Gnb3,Rac2,Efna5,Ralb,Shc4,Rasal1,Nfkb1,Stk4,Prkcb,Flt3l,Rassf5"
"04964","Proximal tubule bicarbonate reclamation",22,5,0.011246270960066,0.0530633911496074,"Atp1b3,Atp1a1,Car4,Car2,Pck1"
"04110","Cell cycle",157,18,0.0115867433646255,0.0539105420437435,"Cdkn1a,Gadd45b,Myc,Ccna1,Gadd45a,Ccnh,Skp2,Fbxo5,Cdkn2d,Cdk2,Hdac8,Ticrr,Cdc7,E2f3,Cdc25b,Ywhag,Bub1,Gadd45g"
"04360","Axon guidance",181,20,0.0119066739639592,0.0542955580869418,"Rnd1,Boc,Ephb1,Ssh2,Nfatc2,Plxnc1,Ntng2,Cxcr4,Sema4a,Pard6a,Pard6b,Rhod,Ephb3,Gnai3,Sema4b,Limk2,Gdf7,Camk2b,Rac2,Efna5"
"05031","Amphetamine addiction",69,10,0.0119936456669662,0.0542955580869418,"Arc,Creb3l1,Grin2d,Creb5,Slc18a2,Gria2,Ppp1cb,Camk2b,Fosb,Prkcb"
"04390","Hippo signaling pathway",158,18,0.0123234592824017,0.0550447847947275,"Myc,Bmp2,Serpine1,Birc3,Areg,Trp53bp2,Dlg4,Gli2,Pard6a,Tead4,Pard6b,Ppp1cb,Bmp8a,Ctnna3,Gdf7,Ywhag,Wnt3,Csnk1d"
"05221","Acute myeloid leukemia",70,10,0.0132163144516988,0.0582561229120934,"Myc,Bcl2a1a,Ccna1,Pim1,Runx1t1,Per2,Chuk,Spi1,Nfkb1,Mpo"
"04620","Toll-like receptor signaling pathway",104,13,0.0152511479477659,0.0663523969156047,"Il6,Tlr2,Irf7,Map3k8,Ikbke,Map2k3,Tlr8,Tlr4,Il1b,Chuk,Mapk12,Nfkb1,Tlr1"
"04928","Parathyroid hormone synthesis, secretion and action",116,14,0.0161106335013547,0.069193105422485,"Cdkn1a,Mmp25,Creb3l1,Hbegf,Cyp27b1,Creb5,Jund,Pde4b,Gata3,Gnai3,Gcm1,Arrb2,Gna13,Prkcb"
"04670","Leukocyte transendothelial migration",119,14,0.019756178608701,0.0837762004293016,"Icam1,Ncf1,Ncf2,Cxcr4,Vasp,Gnai3,Ctnna3,Mapk12,Ncf4,Rac2,Txk,Cldn7,Prkcb,Rassf5"
"00910","Nitrogen metabolism",17,4,0.0203429757513794,0.0848727305584978,"Car4,Glul,Car2,Car13"
"04971","Gastric acid secretion",75,10,0.0207748176292442,0.0848727305584978,"Atp1b3,Kcnj15,Atp1a1,Hrh2,Kcnj16,Car2,Gnai3,Kcnj2,Camk2b,Prkcb"
"05214","Glioma",75,10,0.0207748176292442,0.0848727305584978,"Cdkn1a,Gadd45b,Gadd45a,Tgfa,E2f3,Camk2b,Igf1,Shc4,Prkcb,Gadd45g"
"04977","Vitamin digestion and absorption",26,5,0.0227494586574157,0.09182010421969,"Slc19a2,Slc19a1,Slc46a1,Plb1,Apob"
"05210","Colorectal cancer",88,11,0.0244553358878178,0.0975302086002257,"Cdkn1a,Gadd45b,Myc,Gadd45a,Cycs,Ereg,Areg,Tgfa,Rac2,Ralb,Gadd45g"
"00600","Sphingolipid metabolism",56,8,0.025327368575031,0.0998196290898281,"Ugcg,Sptlc3,Gla,Sphk1,B4galt5,Sgms2,Neu4,Cers1"
"04728","Dopaminergic synapse",137,15,0.0290491685453641,0.113156644915081,"Creb3l1,Gng5,Creb5,Kif5c,Slc18a2,Gria2,Ppp1cb,Gnai3,Camk2b,Gnb3,Mapk12,Arrb2,Drd2,Kcnj5,Prkcb"
"04370","VEGF signaling pathway",58,8,0.0305878910420378,0.117780959759571,"Ptgs2,Nfatc2,Mapkapk2,Vegfa,Sphk1,Mapk12,Rac2,Prkcb"
"04015","Rap1 signaling pathway",215,21,0.0350794302428885,0.13354101285645,"Fpr1,Lpar2,Pard6a,Evl,Vegfa,Pard6b,Vasp,Map2k3,Gnai3,Igf1,Mapk12,Rac2,Efna5,Ralb,Sipa1l2,Drd2,Lcp2,Skap1,Lpar4,Prkcb,Rassf5"
"00524","Neomycin, kanamycin and gentamicin biosynthesis",5,2,0.0360051108221736,0.133906249854732,"Hk2,Hk3"
"05143","African trypanosomiasis",39,6,0.0361990436748676,0.133906249854732,"Icam1,Sele,Il6,F2rl1,Il1b,Prkcb"
"04935","Growth hormone synthesis, secretion and action",117,13,0.0363745335426287,0.133906249854732,"Socs2,Socs3,Junb,Creb3l1,Irs2,Creb5,Map2k3,Gnai3,Igf1,Mapk12,Shc4,Socs1,Prkcb"
"05205","Proteoglycans in cancer",204,20,0.0377551938414437,0.137478151487866,"Cdkn1a,Myc,Plaur,Hbegf,Tlr2,Igf2,Sdc4,Vegfa,Ppp1cb,Tlr4,Hcls1,Itga5,Camk2b,Hif1a,Igf1,Mapk12,Wnt3,Plau,Prkcb,Hoxd10"
"04071","Sphingolipid signaling pathway",131,14,0.0407511629551084,0.145864175621391,"S1pr4,S1pr3,Sptlc3,Sphk1,Gnai3,Ms4a2,Sgms2,Cers1,Mapk12,Gna13,Rac2,Nfkb1,Prkcb,Adora1"
"04012","ErbB signaling pathway",84,10,0.0415864107999982,0.145864175621391,"Cdkn1a,Myc,Hbegf,Ereg,Abl2,Areg,Tgfa,Camk2b,Shc4,Prkcb"
"04514","Cell adhesion molecule (CAM) interaction",181,18,0.04178721247809,0.145864175621391,"Icam1,Sele,Sell,Siglec1,Nrxn2,Ntng2,Sdc4,Cd274,Slitrk3,Selplg,H2-Oa,H2-DMb2,Ptprc,Cd6,H2-M3,Cldn7,Cd2,Cd40lg"
"00541","Biosynthesis of various nucleotide sugars",21,4,0.0417998831631449,0.145864175621391,"Uap1,Ugdh,Uap1l1,Nans"
"04650","Natural killer cell mediated cytotoxicity",120,13,0.0433057614424416,0.149561134878536,"Fcgr4,Icam1,Nfatc2,Zap70,Lck,Ifngr2,Lat2,Rac2,Shc4,Cd247,Ifngr1,Lcp2,Prkcb"
"04722","Neurotrophin signaling pathway",121,13,0.0458087455042063,0.156591119835807,"Irak3,Ripk2,Mapkapk2,Sh2b2,Rps6ka1,Foxo3,Nfkbib,Psen2,Camk2b,Mapk12,Shc4,Nfkb1,Irak2"
"05217","Basal cell carcinoma",63,8,0.0468900101877503,0.158668216291882,"Cdkn1a,Gadd45b,Bmp2,Gadd45a,Gli2,Wnt3,Ptch2,Gadd45g"
"04022","cGMP-PKG signaling pathway",172,17,0.0492540679120832,0.165001127505479,"Atp1b3,Rgs2,Atp1a1,Creb3l1,Nfatc2,Pik3r6,Irs2,Creb5,Vasp,Ednrb,Ppp1cb,Gnai3,Kcnmb3,Pik3r5,Ppif,Gna13,Adora1"
