"Annot","Term","Annotated","Significant","Pvalue","Padj","GeneID"
"GO:1901701","cellular response to oxygen-containing compound",1469,12,2.39940480965826e-08,3.66817145973394e-05,"Nfkbia,Slc7a5,Nr4a2,Insig1,Mat2a,Slc12a2,Ldlr,Errfi1,Hmgcr,Sgk1,Klf9,Col1a1"
"GO:0050793","regulation of developmental process",2829,15,6.87041301488171e-08,3.66817145973394e-05,"Cntf,Dusp15,Tsc22d3,Nfkbia,Slc7a5,Insig1,Mfsd2a,Slc12a2,Ldlr,Errfi1,Hmgcr,Sgk1,Slc6a6,Egr2,Col1a1"
"GO:0048731","system development",4438,18,8.73706180970276e-08,3.66817145973394e-05,"Cntf,Dusp15,Arid5b,Slc7a5,Nr4a2,Pmp22,Insig1,Gldn,Mfsd2a,Slc12a2,Ldlr,Errfi1,Sgk1,Egr2,Klf9,Col1a1,Hoxc6,Lctl"
"GO:1901700","response to oxygen-containing compound",2039,13,9.47832456707288e-08,3.66817145973394e-05,"Nfkbia,Slc7a5,Nr4a2,Insig1,Mat2a,Slc12a2,Ldlr,Errfi1,Hmgcr,Sgk1,Egr2,Klf9,Col1a1"
"GO:0032502","developmental process",7236,22,1.3026675612341e-07,3.66817145973394e-05,"Cntf,Dusp15,Arid5b,Tsc22d3,Nfkbia,Slc7a5,Nr4a2,Pmp22,Insig1,Gldn,Mfsd2a,Slc12a2,Ldlr,Errfi1,Hmgcr,Sgk1,Slc6a6,Egr2,Klf9,Col1a1,Hoxc6,Lctl"
"GO:0007275","multicellular organism development",5197,19,1.48486233316231e-07,3.66817145973394e-05,"Cntf,Dusp15,Arid5b,Nfkbia,Slc7a5,Nr4a2,Pmp22,Insig1,Gldn,Mfsd2a,Slc12a2,Ldlr,Errfi1,Sgk1,Egr2,Klf9,Col1a1,Hoxc6,Lctl"
"GO:0071396","cellular response to lipid",805,9,1.56759464091194e-07,3.66817145973394e-05,"Nfkbia,Slc7a5,Insig1,Slc12a2,Ldlr,Errfi1,Sgk1,Klf9,Col1a1"
"GO:0048856","anatomical structure development",6654,21,2.03417583343835e-07,4.16497501896502e-05,"Cntf,Dusp15,Arid5b,Tsc22d3,Nfkbia,Slc7a5,Nr4a2,Pmp22,Insig1,Gldn,Mfsd2a,Slc12a2,Ldlr,Errfi1,Hmgcr,Sgk1,Egr2,Klf9,Col1a1,Hoxc6,Lctl"
"GO:1901698","response to nitrogen compound",1271,10,7.06529697345378e-07,0.000128588404916859,"Nfkbia,Slc7a5,Nr4a2,Insig1,Mat2a,Ldlr,Errfi1,Sgk1,Egr2,Col1a1"
"GO:0008203","cholesterol metabolic process",165,5,1.07000927898364e-06,0.00017526751989752,"Pmp22,Insig1,Ldlr,Errfi1,Hmgcr"
"GO:0009628","response to abiotic stimulus",1354,10,1.25784879431674e-06,0.000187305120462802,"Tsc22d3,Nfkbia,Slc7a5,Nr4a2,Pmp22,Slc12a2,Errfi1,Hmgcr,Sgk1,Col1a1"
"GO:0016125","sterol metabolic process",174,5,1.39012800271758e-06,0.00018975247237095,"Pmp22,Insig1,Ldlr,Errfi1,Hmgcr"
"GO:1902652","secondary alcohol metabolic process",178,5,1.55462497771957e-06,0.000195882747192665,"Pmp22,Insig1,Ldlr,Errfi1,Hmgcr"
"GO:0048519","negative regulation of biological process",6085,19,1.98143373187638e-06,0.000231827746629537,"Cntf,Dusp15,Arid5b,Tsc22d3,Nfkbia,Slc7a5,Nr4a2,Pmp22,Insig1,Mat2a,Mfsd2a,Zfp386,Slc12a2,Ldlr,Errfi1,Hmgcr,Sgk1,Klf9,Col1a1"
"GO:0045595","regulation of cell differentiation",1809,11,2.12872438883133e-06,0.000232456703260381,"Cntf,Dusp15,Nfkbia,Slc7a5,Insig1,Ldlr,Errfi1,Sgk1,Slc6a6,Egr2,Col1a1"
"GO:0033993","response to lipid",1161,9,3.32140547300891e-06,0.000340028885299287,"Nfkbia,Slc7a5,Insig1,Slc12a2,Ldlr,Errfi1,Sgk1,Klf9,Col1a1"
"GO:0007517","muscle organ development",385,6,3.83244033979962e-06,0.000369266898623045,"Cntf,Arid5b,Tsc22d3,Pmp22,Hmgcr,Egr2"
"GO:0007610","behavior",882,8,4.17723966227394e-06,0.000380128809266928,"Nr4a2,Pmp22,Efr3b,Mfsd2a,Ldlr,Hmgcr,Sgk1,Egr2"
"GO:0030154","cell differentiation",5107,17,4.93590174325988e-06,0.000405382715644887,"Cntf,Dusp15,Arid5b,Nfkbia,Slc7a5,Nr4a2,Pmp22,Insig1,Gldn,Mfsd2a,Ldlr,Errfi1,Sgk1,Slc6a6,Egr2,Klf9,Col1a1"
"GO:0048869","cellular developmental process",5108,17,4.94972790775198e-06,0.000405382715644887,"Cntf,Dusp15,Arid5b,Nfkbia,Slc7a5,Nr4a2,Pmp22,Insig1,Gldn,Mfsd2a,Ldlr,Errfi1,Sgk1,Slc6a6,Egr2,Klf9,Col1a1"
"GO:0042063","gliogenesis",415,6,5.89083285120749e-06,0.000446744992047236,"Cntf,Dusp15,Slc7a5,Pmp22,Ldlr,Egr2"
"GO:0048523","negative regulation of cellular process",5830,18,6.00023798842442e-06,0.000446744992047236,"Cntf,Dusp15,Arid5b,Tsc22d3,Nfkbia,Slc7a5,Nr4a2,Pmp22,Insig1,Mat2a,Mfsd2a,Zfp386,Ldlr,Errfi1,Hmgcr,Sgk1,Klf9,Col1a1"
"GO:0048513","animal organ development",3492,14,7.27766123989125e-06,0.000518296048301821,"Cntf,Arid5b,Tsc22d3,Slc7a5,Nr4a2,Pmp22,Insig1,Mfsd2a,Slc12a2,Errfi1,Hmgcr,Egr2,Col1a1,Lctl"
"GO:0009653","anatomical structure morphogenesis",3026,13,8.73023499244733e-06,0.000585537140602721,"Cntf,Arid5b,Nr4a2,Pmp22,Insig1,Mfsd2a,Slc12a2,Ldlr,Errfi1,Sgk1,Egr2,Col1a1,Lctl"
"GO:0022008","neurogenesis",2099,11,9.00150399184817e-06,0.000585537140602721,"Cntf,Dusp15,Slc7a5,Nr4a2,Pmp22,Gldn,Mfsd2a,Ldlr,Sgk1,Egr2,Klf9"
"GO:0032501","multicellular organismal process",9056,22,9.29424032702732e-06,0.000585537140602721,"Cntf,Dusp15,Arid5b,Tsc22d3,Nfkbia,Slc7a5,Nr4a2,Pmp22,Insig1,Gldn,Efr3b,Mfsd2a,Slc12a2,Ldlr,Errfi1,Hmgcr,Sgk1,Egr2,Klf9,Col1a1,Hoxc6,Lctl"
"GO:0070887","cellular response to chemical stimulus",2640,12,1.29337952263976e-05,0.000776512422465663,"Nfkbia,Slc7a5,Nr4a2,Insig1,Mat2a,Slc12a2,Ldlr,Errfi1,Hmgcr,Sgk1,Klf9,Col1a1"
"GO:0033036","macromolecule localization",3143,13,1.32737166233447e-05,0.000776512422465663,"Cadm3,Nfkbia,Insig1,Mat2a,Efr3b,Mfsd2a,Slc12a2,Ldlr,Errfi1,Hmgcr,Sgk1,Egr2,Col1a1"
"GO:0006950","response to stress",4288,15,1.52681698269794e-05,0.000862388350916974,"Cntf,Tsc22d3,Nfkbia,Slc7a5,Nr4a2,Pmp22,Insig1,Mat2a,Mfsd2a,Slc12a2,Ldlr,Errfi1,Hmgcr,Sgk1,Col1a1"
"GO:0051179","localization",5607,17,1.8462243083922e-05,0.00100803847238214,"Cntf,Sptbn5,Cadm3,Nfkbia,Slc7a5,Insig1,Mat2a,Efr3b,Mfsd2a,Slc12a2,Ldlr,Errfi1,Hmgcr,Sgk1,Slc6a6,Egr2,Col1a1"
"GO:0010001","glial cell differentiation",305,5,2.12970067534347e-05,0.00112530635684278,"Cntf,Dusp15,Pmp22,Ldlr,Egr2"
"GO:0009892","negative regulation of metabolic process",3295,13,2.22607024662752e-05,0.00113946970749246,"Dusp15,Arid5b,Tsc22d3,Nfkbia,Slc7a5,Nr4a2,Pmp22,Insig1,Mfsd2a,Zfp386,Ldlr,Errfi1,Hmgcr"
"GO:0009889","regulation of biosynthetic process",5711,17,2.38432221903044e-05,0.00114989633892391,"Cntf,Dusp15,Arid5b,Tsc22d3,Nfkbia,Slc7a5,Nr4a2,Pmp22,Insig1,Mfsd2a,Zfp386,Ldlr,Errfi1,Egr2,Klf9,Col1a1,Hoxc6"
"GO:0043434","response to peptide hormone",533,6,2.43302440887202e-05,0.00114989633892391,"Nr4a2,Insig1,Errfi1,Sgk1,Egr2,Col1a1"
"GO:0048522","positive regulation of cellular process",6410,18,2.45704345923912e-05,0.00114989633892391,"Cntf,Dusp15,Arid5b,Nfkbia,Slc7a5,Nr4a2,Pmp22,Insig1,Mat2a,Mfsd2a,Slc12a2,Ldlr,Hmgcr,Sgk1,Slc6a6,Egr2,Klf9,Col1a1"
"GO:0032868","response to insulin",320,5,2.68015916432282e-05,0.00121947241976688,"Insig1,Errfi1,Sgk1,Egr2,Col1a1"
"GO:0051239","regulation of multicellular organismal process",3381,13,2.94486977819955e-05,0.00130370180991645,"Cntf,Tsc22d3,Nfkbia,Slc7a5,Nr4a2,Mfsd2a,Slc12a2,Ldlr,Errfi1,Hmgcr,Sgk1,Egr2,Col1a1"
"GO:0033554","cellular response to stress",1962,10,3.37721925824602e-05,0.00145575924868605,"Cntf,Slc7a5,Nr4a2,Pmp22,Insig1,Mat2a,Mfsd2a,Errfi1,Hmgcr,Sgk1"
"GO:0009887","animal organ morphogenesis",1188,8,3.63265276523545e-05,0.00152571416139889,"Cntf,Arid5b,Insig1,Mfsd2a,Slc12a2,Errfi1,Col1a1,Lctl"
"GO:0009891","positive regulation of biosynthetic process",2942,12,3.88633783241232e-05,0.00159145534237285,"Cntf,Arid5b,Nfkbia,Slc7a5,Nr4a2,Pmp22,Insig1,Mfsd2a,Ldlr,Egr2,Klf9,Col1a1"
"GO:0019222","regulation of metabolic process",6656,18,4.25546367183796e-05,0.0017001096327977,"Cntf,Dusp15,Arid5b,Tsc22d3,Nfkbia,Slc7a5,Nr4a2,Pmp22,Insig1,Mfsd2a,Zfp386,Ldlr,Errfi1,Hmgcr,Egr2,Klf9,Col1a1,Hoxc6"
"GO:0150172","regulation of phosphatidylcholine metabolic process",10,2,5.4887663498122e-05,0.00214061887642676,"Mfsd2a,Ldlr"
"GO:0048518","positive regulation of biological process",6819,18,6.03540602303615e-05,0.00225950825823115,"Cntf,Dusp15,Arid5b,Nfkbia,Slc7a5,Nr4a2,Pmp22,Insig1,Mat2a,Mfsd2a,Slc12a2,Ldlr,Hmgcr,Sgk1,Slc6a6,Egr2,Klf9,Col1a1"
"GO:0006066","alcohol metabolic process",380,5,6.06949715275766e-05,0.00225950825823115,"Pmp22,Insig1,Ldlr,Errfi1,Hmgcr"
"GO:0042551","neuron maturation",69,3,6.41523657902437e-05,0.00229905173649037,"Nr4a2,Pmp22,Gldn"
"GO:0008202","steroid metabolic process",385,5,6.45643344801934e-05,0.00229905173649037,"Pmp22,Insig1,Ldlr,Errfi1,Hmgcr"
"GO:0060613","fat pad development",11,2,6.70380095867651e-05,0.00233634595113024,"Arid5b,Errfi1"
"GO:0008104","intracellular protein localization",2642,11,7.81116026456411e-05,0.0026655584402825,"Cadm3,Nfkbia,Insig1,Mat2a,Efr3b,Slc12a2,Errfi1,Hmgcr,Sgk1,Egr2,Col1a1"
"GO:0050890","cognition",415,5,9.19555106415388e-05,0.00301993461376915,"Nr4a2,Mfsd2a,Ldlr,Hmgcr,Sgk1"
"GO:0007519","skeletal muscle tissue development",213,4,9.21835962688996e-05,0.00301993461376915,"Tsc22d3,Pmp22,Hmgcr,Egr2"
"GO:0043589","skin morphogenesis",13,2,9.49391767280326e-05,0.00304922297020623,"Errfi1,Col1a1"
"GO:0071384","cellular response to corticosteroid stimulus",81,3,0.000103522796107261,0.00326096807737873,"Errfi1,Sgk1,Klf9"
"GO:0050877","nervous system process",2737,11,0.000107888046565449,0.00329639847180497,"Nr4a2,Pmp22,Efr3b,Mfsd2a,Slc12a2,Ldlr,Hmgcr,Sgk1,Egr2,Col1a1,Lctl"
"GO:0045161","neuronal ion channel clustering",14,2,0.000110684930371962,0.00329639847180497,"Pmp22,Gldn"
"GO:0050847","progesterone receptor signaling pathway",14,2,0.000110684930371962,0.00329639847180497,"Errfi1,Klf9"
"GO:0023051","regulation of signaling",3853,13,0.000118562520415545,0.00344299714389203,"Cntf,Dusp15,Nfkbia,Nr4a2,Pmp22,Insig1,Mat2a,Slc12a2,Ldlr,Errfi1,Hmgcr,Slc6a6,Col1a1"
"GO:0060538","skeletal muscle organ development",228,4,0.000119845777507675,0.00344299714389203,"Tsc22d3,Pmp22,Hmgcr,Egr2"
"GO:0080090","regulation of primary metabolic process",5085,15,0.000121913207781281,0.00344299714389203,"Dusp15,Arid5b,Tsc22d3,Nfkbia,Nr4a2,Insig1,Mfsd2a,Zfp386,Ldlr,Errfi1,Hmgcr,Egr2,Klf9,Col1a1,Hoxc6"
"GO:0007399","nervous system development",2794,11,0.000130102826744578,0.00361200729165456,"Cntf,Dusp15,Slc7a5,Nr4a2,Pmp22,Gldn,Mfsd2a,Ldlr,Sgk1,Egr2,Klf9"
"GO:0009725","response to hormone",1062,7,0.000140563956408551,0.00383739600995345,"Nr4a2,Insig1,Errfi1,Sgk1,Egr2,Klf9,Col1a1"
"GO:0009890","negative regulation of biosynthetic process",2834,11,0.000147956358032515,0.00397299204028295,"Dusp15,Arid5b,Tsc22d3,Nfkbia,Slc7a5,Nr4a2,Pmp22,Insig1,Zfp386,Ldlr,Errfi1"
"GO:0035264","multicellular organism growth",244,4,0.000155523745710812,0.00410883702377918,"Arid5b,Pmp22,Mfsd2a,Slc12a2"
"GO:0055093","response to hyperoxia",17,2,0.000165072547938574,0.00429188624640292,"Slc7a5,Col1a1"
"GO:0006629","lipid metabolic process",1493,8,0.000180650529654386,0.00460340769109009,"Pmp22,Insig1,Efr3b,Mfsd2a,Ldlr,Errfi1,Hmgcr,Klf9"
"GO:0032328","alanine transport",18,2,0.000185576805163438,0.00460340769109009,"Slc7a5,Slc6a6"
"GO:0045685","regulation of glial cell differentiation",99,3,0.000187736957023089,0.00460340769109009,"Dusp15,Ldlr,Egr2"
"GO:1901699","cellular response to nitrogen compound",772,6,0.000188295674788178,0.00460340769109009,"Slc7a5,Nr4a2,Insig1,Mat2a,Errfi1,Sgk1"
"GO:0010867","positive regulation of triglyceride biosynthetic process",19,2,0.000207264397230249,0.0049926335685757,"Mfsd2a,Ldlr"
"GO:0061061","muscle structure development",791,6,0.000214778312766867,0.00508112770723406,"Cntf,Arid5b,Tsc22d3,Pmp22,Hmgcr,Egr2"
"GO:0042632","cholesterol homeostasis",104,3,0.000217142209710857,0.00508112770723406,"Insig1,Ldlr,Errfi1"
"GO:0055092","sterol homeostasis",105,3,0.00022335966549217,0.00510626080844724,"Insig1,Ldlr,Errfi1"
"GO:0003008","system process",3520,12,0.000226705596677286,0.00510626080844724,"Nr4a2,Pmp22,Efr3b,Mfsd2a,Slc12a2,Ldlr,Errfi1,Hmgcr,Sgk1,Egr2,Col1a1,Lctl"
"GO:0080134","regulation of response to stress",1544,8,0.000227568399888064,0.00510626080844724,"Cntf,Nfkbia,Pmp22,Insig1,Slc12a2,Ldlr,Errfi1,Hmgcr"
"GO:0010468","regulation of gene expression",5386,15,0.000239975925759417,0.00531189954586386,"Cntf,Dusp15,Arid5b,Tsc22d3,Nfkbia,Slc7a5,Nr4a2,Pmp22,Zfp386,Ldlr,Errfi1,Egr2,Klf9,Col1a1,Hoxc6"
"GO:0060255","regulation of macromolecule metabolic process",6099,16,0.000257401323598378,0.00562164490738858,"Cntf,Dusp15,Arid5b,Tsc22d3,Nfkbia,Slc7a5,Nr4a2,Pmp22,Zfp386,Ldlr,Errfi1,Hmgcr,Egr2,Klf9,Col1a1,Hoxc6"
"GO:0050794","regulation of cellular process",12856,24,0.000267534333958526,0.00570766841675712,"Cntf,Dusp15,Arid5b,Tsc22d3,Nfkbia,Slc7a5,Nr4a2,Pmp22,Insig1,Gldn,Mat2a,Mfsd2a,Ptpdc1,Zfp386,Slc12a2,Ldlr,Errfi1,Hmgcr,Sgk1,Slc6a6,Egr2,Klf9,Col1a1,Hoxc6"
"GO:0042592","homeostatic process",2027,9,0.000269241129853197,0.00570766841675712,"Tsc22d3,Insig1,Mfsd2a,Slc12a2,Ldlr,Errfi1,Hmgcr,Sgk1,Col1a1"
"GO:0048878","chemical homeostasis",1182,7,0.000271793734131292,0.00570766841675712,"Insig1,Slc12a2,Ldlr,Errfi1,Hmgcr,Sgk1,Col1a1"
"GO:0010605","negative regulation of macromolecule metabolic process",3052,11,0.00028714841520302,0.00591676032108123,"Dusp15,Arid5b,Tsc22d3,Nfkbia,Slc7a5,Nr4a2,Pmp22,Zfp386,Ldlr,Errfi1,Hmgcr"
"GO:0045444","fat cell differentiation",287,4,0.00028897486305647,0.00591676032108123,"Arid5b,Nr4a2,Insig1,Egr2"
"GO:0010556","regulation of macromolecule biosynthetic process",5493,15,0.000301611916419147,0.00606148961955069,"Cntf,Dusp15,Arid5b,Tsc22d3,Nfkbia,Slc7a5,Nr4a2,Pmp22,Zfp386,Ldlr,Errfi1,Egr2,Klf9,Col1a1,Hoxc6"
"GO:0035633","maintenance of blood-brain barrier",23,2,0.000305797995768725,0.00606148961955069,"Mfsd2a,Slc12a2"
"GO:0006970","response to osmotic stress",117,3,0.000307145078402141,0.00606148961955069,"Tsc22d3,Slc12a2,Errfi1"
"GO:0031669","cellular response to nutrient levels",294,4,0.000316647652684358,0.00617462922734498,"Slc7a5,Mat2a,Mfsd2a,Col1a1"
"GO:0048143","astrocyte activation",24,2,0.00033336470678482,0.00642413399662983,"Cntf,Ldlr"
"GO:0009893","positive regulation of metabolic process",3674,12,0.000341176017398681,0.00649821298254697,"Cntf,Arid5b,Nfkbia,Slc7a5,Nr4a2,Pmp22,Insig1,Mfsd2a,Ldlr,Egr2,Klf9,Col1a1"
"GO:0010866","regulation of triglyceride biosynthetic process",25,2,0.000362099757191552,0.00673999320772457,"Mfsd2a,Ldlr"
"GO:0110096","cellular response to aldehyde",25,2,0.000362099757191552,0.00673999320772457,"Sgk1,Col1a1"
"GO:0042221","response to chemical",5610,15,0.000384620803349534,0.00697931611739737,"Cntf,Arid5b,Nfkbia,Slc7a5,Nr4a2,Insig1,Mat2a,Slc12a2,Ldlr,Errfi1,Hmgcr,Sgk1,Egr2,Klf9,Col1a1"
"GO:0006641","triglyceride metabolic process",127,3,0.000390661906534075,0.00697931611739737,"Insig1,Mfsd2a,Ldlr"
"GO:0006720","isoprenoid metabolic process",127,3,0.000390661906534075,0.00697931611739737,"Ldlr,Hmgcr,Klf9"
"GO:0036296","response to increased oxygen levels",26,2,0.000392000661050402,0.00697931611739737,"Slc7a5,Col1a1"
"GO:0023052","signaling",7797,18,0.000396278333051889,0.00697961193052682,"Cntf,Dusp15,Arid5b,Nfkbia,Nr4a2,Pmp22,Insig1,Gldn,Mat2a,Ptpdc1,Slc12a2,Ldlr,Errfi1,Hmgcr,Sgk1,Slc6a6,Klf9,Col1a1"
"GO:0007154","cell communication",7834,18,0.000422744122189177,0.0072945301632952,"Cntf,Dusp15,Arid5b,Nfkbia,Nr4a2,Pmp22,Insig1,Gldn,Mat2a,Efr3b,Ptpdc1,Slc12a2,Errfi1,Hmgcr,Sgk1,Slc6a6,Klf9,Col1a1"
"GO:0006883","intracellular sodium ion homeostasis",27,2,0.000423064936210649,0.0072945301632952,"Slc12a2,Sgk1"
"GO:0046889","positive regulation of lipid biosynthetic process",131,3,0.000427767028624826,0.0072987749259111,"Insig1,Mfsd2a,Ldlr"
"GO:0009719","response to endogenous stimulus",1706,8,0.000448068581272819,0.00756635398066883,"Nr4a2,Insig1,Ldlr,Errfi1,Sgk1,Egr2,Klf9,Col1a1"
"GO:0001501","skeletal system development",586,5,0.000454841590257861,0.00760235229430997,"Arid5b,Insig1,Errfi1,Col1a1,Hoxc6"
"GO:0030182","neuron differentiation",1721,8,0.000475212689987206,0.0078626099616065,"Cntf,Nr4a2,Pmp22,Gldn,Mfsd2a,Sgk1,Egr2,Klf9"
"GO:0051241","negative regulation of multicellular organismal process",1306,7,0.000497578497856168,0.00811094963844359,"Cntf,Tsc22d3,Nfkbia,Slc12a2,Ldlr,Errfi1,Hmgcr"
"GO:0050789","regulation of biological process",13279,24,0.000500125710306961,0.00811094963844359,"Cntf,Dusp15,Arid5b,Tsc22d3,Nfkbia,Slc7a5,Nr4a2,Pmp22,Insig1,Gldn,Mat2a,Mfsd2a,Ptpdc1,Zfp386,Slc12a2,Ldlr,Errfi1,Hmgcr,Sgk1,Slc6a6,Egr2,Klf9,Col1a1,Hoxc6"
"GO:0090208","positive regulation of triglyceride metabolic process",30,2,0.000523213224706269,0.00840218884381244,"Mfsd2a,Ldlr"
"GO:0010646","regulation of cell communication",3858,12,0.000540473133757961,0.00859509702034505,"Cntf,Dusp15,Nfkbia,Nr4a2,Pmp22,Insig1,Mat2a,Slc12a2,Errfi1,Hmgcr,Slc6a6,Col1a1"
"GO:0010558","negative regulation of macromolecule biosynthetic process",2744,10,0.000554102347676852,0.00871893733072061,"Dusp15,Arid5b,Tsc22d3,Nfkbia,Slc7a5,Nr4a2,Pmp22,Zfp386,Ldlr,Errfi1"
"GO:0048641","regulation of skeletal muscle tissue development",31,2,0.000558906239148757,0.00871893733072061,"Tsc22d3,Hmgcr"
"GO:0031667","response to nutrient levels",617,5,0.00057496590590988,0.00883191025151305,"Slc7a5,Mat2a,Mfsd2a,Ldlr,Col1a1"
"GO:0090596","sensory organ morphogenesis",345,4,0.000578848857374177,0.00883191025151305,"Cntf,Insig1,Mfsd2a,Lctl"
"GO:0051716","cellular response to stimulus",8819,19,0.000582323752847014,0.00883191025151305,"Cntf,Dusp15,Arid5b,Nfkbia,Slc7a5,Nr4a2,Pmp22,Insig1,Gldn,Mat2a,Mfsd2a,Ptpdc1,Slc12a2,Ldlr,Errfi1,Hmgcr,Sgk1,Klf9,Col1a1"
"GO:0014013","regulation of gliogenesis",148,3,0.000610593678935635,0.00917571051464744,"Slc7a5,Ldlr,Egr2"
"GO:0021782","glial cell development",150,3,0.000634896605232703,0.00944622406445793,"Cntf,Pmp22,Ldlr"
"GO:0010557","positive regulation of macromolecule biosynthetic process",2796,10,0.000643850724821739,0.00944622406445793,"Cntf,Arid5b,Nfkbia,Slc7a5,Nr4a2,Pmp22,Ldlr,Egr2,Klf9,Col1a1"
"GO:0051224","negative regulation of protein transport",151,3,0.000647276633628265,0.00944622406445793,"Nfkbia,Insig1,Hmgcr"
"GO:0048699","generation of neurons",1806,8,0.000655733495463174,0.00944622406445793,"Cntf,Nr4a2,Pmp22,Gldn,Mfsd2a,Sgk1,Egr2,Klf9"
"GO:0120036","plasma membrane bounded cell projection organization",1809,8,0.000663004186671272,0.00944622406445793,"Cntf,Nr4a2,Pmp22,Gldn,Mfsd2a,Ptpdc1,Sgk1,Egr2"
"GO:0009888","tissue development",2289,9,0.000663196439201869,0.00944622406445793,"Arid5b,Tsc22d3,Pmp22,Mfsd2a,Slc12a2,Errfi1,Hmgcr,Egr2,Col1a1"
"GO:0051957","positive regulation of amino acid transport",34,2,0.000672881551277624,0.00950155156028231,"Slc7a5,Slc12a2"
"GO:1901655","cellular response to ketone",154,3,0.000685340370565039,0.00959476518791055,"Errfi1,Sgk1,Klf9"
"GO:0048545","response to steroid hormone",362,4,0.000693012988140973,0.0096199599540247,"Errfi1,Sgk1,Klf9,Col1a1"
"GO:0006639","acylglycerol metabolic process",157,3,0.000724805882486763,0.00997673979422956,"Insig1,Mfsd2a,Ldlr"
"GO:0007611","learning or memory",369,4,0.000744366909952599,0.010160608320853,"Nr4a2,Ldlr,Hmgcr,Sgk1"
"GO:0006638","neutral lipid metabolic process",159,3,0.000751905248922979,0.0101786842788086,"Insig1,Mfsd2a,Ldlr"
"GO:0006644","phospholipid metabolic process",373,4,0.000774895091798188,0.010358443445693,"Efr3b,Mfsd2a,Ldlr,Hmgcr"
"GO:0030030","cell projection organization",1854,8,0.000780203731947589,0.010358443445693,"Cntf,Nr4a2,Pmp22,Gldn,Mfsd2a,Ptpdc1,Sgk1,Egr2"
"GO:0000122","negative regulation of transcription by RNA polymerase II",1009,6,0.000784159273489392,0.010358443445693,"Dusp15,Arid5b,Tsc22d3,Nfkbia,Nr4a2,Zfp386"
"GO:0006810","transport",4642,13,0.000790479505928951,0.010358443445693,"Cntf,Sptbn5,Nfkbia,Slc7a5,Insig1,Mfsd2a,Slc12a2,Ldlr,Hmgcr,Sgk1,Slc6a6,Egr2,Col1a1"
"GO:0048666","neuron development",1416,7,0.000806199957373755,0.0104805994458588,"Cntf,Nr4a2,Pmp22,Gldn,Mfsd2a,Sgk1,Egr2"
"GO:0071375","cellular response to peptide hormone stimulus",379,4,0.000822338104988973,0.0106062190234011,"Nr4a2,Insig1,Errfi1,Sgk1"
"GO:0044281","small molecule metabolic process",1875,8,0.000840393870204021,0.0107544153077671,"Pmp22,Insig1,Mat2a,Mfsd2a,Ldlr,Errfi1,Hmgcr,Klf9"
"GO:1903725","regulation of phospholipid metabolic process",39,2,0.000885680845672363,0.0111082335283511,"Mfsd2a,Ldlr"
"GO:0048468","cell development",3477,11,0.000892496426124535,0.0111082335283511,"Cntf,Arid5b,Nfkbia,Slc7a5,Nr4a2,Pmp22,Gldn,Mfsd2a,Ldlr,Sgk1,Egr2"
"GO:0048593","camera-type eye morphogenesis",169,3,0.000897097410630109,0.0111082335283511,"Cntf,Mfsd2a,Lctl"
"GO:1904950","negative regulation of establishment of protein localization",169,3,0.000897097410630109,0.0111082335283511,"Nfkbia,Insig1,Hmgcr"
"GO:0065007","biological regulation",13697,24,0.000901950585635342,0.0111082335283511,"Cntf,Dusp15,Arid5b,Tsc22d3,Nfkbia,Slc7a5,Nr4a2,Pmp22,Insig1,Gldn,Mat2a,Mfsd2a,Ptpdc1,Zfp386,Slc12a2,Ldlr,Errfi1,Hmgcr,Sgk1,Slc6a6,Egr2,Klf9,Col1a1,Hoxc6"
"GO:0046942","carboxylic acid transport",391,4,0.000923341676396162,0.0112868184025143,"Slc7a5,Mfsd2a,Slc12a2,Slc6a6"
"GO:0015849","organic acid transport",393,4,0.000940989264419575,0.0113262072632508,"Slc7a5,Mfsd2a,Slc12a2,Slc6a6"
"GO:0046486","glycerolipid metabolic process",394,4,0.000949901897298019,0.0113262072632508,"Insig1,Efr3b,Mfsd2a,Ldlr"
"GO:0048585","negative regulation of response to stimulus",1918,8,0.000975448913669514,0.0113262072632508,"Nfkbia,Nr4a2,Insig1,Mat2a,Slc12a2,Ldlr,Errfi1,Hmgcr"
"GO:0060325","face morphogenesis",41,2,0.00097873774359255,0.0113262072632508,"Arid5b,Col1a1"
"GO:0061744","motor behavior",41,2,0.00097873774359255,0.0113262072632508,"Pmp22,Mfsd2a"
"GO:0090317","negative regulation of intracellular protein transport",41,2,0.00097873774359255,0.0113262072632508,"Nfkbia,Insig1"
"GO:0097242","amyloid-beta clearance",41,2,0.00097873774359255,0.0113262072632508,"Ldlr,Hmgcr"
"GO:0014002","astrocyte development",42,2,0.00102695729087763,0.0113262072632508,"Cntf,Ldlr"
"GO:0045922","negative regulation of fatty acid metabolic process",42,2,0.00102695729087763,0.0113262072632508,"Insig1,Mfsd2a"
"GO:0043066","negative regulation of apoptotic process",1063,6,0.001028735564991,0.0113262072632508,"Cntf,Tsc22d3,Slc7a5,Nr4a2,Hmgcr,Sgk1"
"GO:0048667","cell morphogenesis involved in neuron differentiation",707,5,0.0010607880824865,0.0113262072632508,"Nr4a2,Pmp22,Mfsd2a,Sgk1,Egr2"
"GO:0031960","response to corticosteroid",180,3,0.00107612618577156,0.0113262072632508,"Errfi1,Sgk1,Klf9"
"GO:0050896","response to stimulus",10946,21,0.00109190591187232,0.0113262072632508,"Cntf,Dusp15,Arid5b,Tsc22d3,Nfkbia,Slc7a5,Nr4a2,Pmp22,Insig1,Gldn,Mat2a,Mfsd2a,Ptpdc1,Slc12a2,Ldlr,Errfi1,Hmgcr,Sgk1,Egr2,Klf9,Col1a1"
"GO:0055078","sodium ion homeostasis",44,2,0.00112676647103545,0.0113262072632508,"Slc12a2,Sgk1"
"GO:0021594","rhombomere formation",1,1,0.00112708900116598,0.0113262072632508,"Egr2"
"GO:0021595","rhombomere structural organization",1,1,0.00112708900116598,0.0113262072632508,"Egr2"
"GO:0021659","rhombomere 3 structural organization",1,1,0.00112708900116598,0.0113262072632508,"Egr2"
"GO:0021660","rhombomere 3 formation",1,1,0.00112708900116598,0.0113262072632508,"Egr2"
"GO:0021664","rhombomere 5 morphogenesis",1,1,0.00112708900116598,0.0113262072632508,"Egr2"
"GO:0021665","rhombomere 5 structural organization",1,1,0.00112708900116598,0.0113262072632508,"Egr2"
"GO:0021666","rhombomere 5 formation",1,1,0.00112708900116598,0.0113262072632508,"Egr2"
"GO:0045795","positive regulation of cell volume",1,1,0.00112708900116598,0.0113262072632508,"Slc12a2"
"GO:0071306","cellular response to vitamin E",1,1,0.00112708900116598,0.0113262072632508,"Col1a1"
"GO:0071387","cellular response to cortisol stimulus",1,1,0.00112708900116598,0.0113262072632508,"Klf9"
"GO:0140329","lysophospholipid translocation",1,1,0.00112708900116598,0.0113262072632508,"Mfsd2a"
"GO:0150175","regulation of phosphatidylethanolamine metabolic process",1,1,0.00112708900116598,0.0113262072632508,"Mfsd2a"
"GO:0150178","regulation of phosphatidylserine metabolic process",1,1,0.00112708900116598,0.0113262072632508,"Mfsd2a"
"GO:1904556","L-tryptophan transmembrane transport",1,1,0.00112708900116598,0.0113262072632508,"Slc7a5"
"GO:1905534","positive regulation of L-leucine import across plasma membrane",1,1,0.00112708900116598,0.0113262072632508,"Slc7a5"
"GO:0045834","positive regulation of lipid metabolic process",185,3,0.0011644421502594,0.0116273456700886,"Insig1,Mfsd2a,Ldlr"
"GO:0006972","hyperosmotic response",45,2,0.00117835127059506,0.0116273456700886,"Slc12a2,Errfi1"
"GO:0007616","long-term memory",45,2,0.00117835127059506,0.0116273456700886,"Ldlr,Sgk1"
"GO:0055088","lipid homeostasis",190,3,0.00125721724217625,0.0123312685190701,"Insig1,Ldlr,Errfi1"
"GO:0043069","negative regulation of programmed cell death",1108,6,0.0012745200823215,0.0123769624342926,"Cntf,Tsc22d3,Slc7a5,Nr4a2,Hmgcr,Sgk1"
"GO:0007417","central nervous system development",1110,6,0.00128640823331762,0.0123769624342926,"Cntf,Dusp15,Nr4a2,Mfsd2a,Ldlr,Egr2"
"GO:0051234","establishment of localization",4883,13,0.00129618182662886,0.0123769624342926,"Cntf,Sptbn5,Nfkbia,Slc7a5,Insig1,Mfsd2a,Slc12a2,Ldlr,Hmgcr,Sgk1,Slc6a6,Egr2,Col1a1"
"GO:0051093","negative regulation of developmental process",1112,6,0.00129838180993674,0.0123769624342926,"Cntf,Tsc22d3,Nfkbia,Insig1,Slc12a2,Ldlr"
"GO:0008610","lipid biosynthetic process",741,5,0.00130721276015423,0.0123769624342926,"Insig1,Efr3b,Mfsd2a,Ldlr,Hmgcr"
"GO:0032870","cellular response to hormone stimulus",741,5,0.00130721276015423,0.0123769624342926,"Nr4a2,Insig1,Errfi1,Sgk1,Klf9"
"GO:0060323","head morphogenesis",48,2,0.00133979758491817,0.0125815581234637,"Arid5b,Col1a1"
"GO:0006865","amino acid transport",195,3,0.00135453647772826,0.0125815581234637,"Slc7a5,Slc12a2,Slc6a6"
"GO:0071230","cellular response to amino acid stimulus",195,3,0.00135453647772826,0.0125815581234637,"Slc7a5,Mat2a,Col1a1"
"GO:0040007","growth",1122,6,0.00135954565802996,0.0125815581234637,"Cntf,Arid5b,Pmp22,Mfsd2a,Slc12a2,Sgk1"
"GO:0019432","triglyceride biosynthetic process",49,2,0.00139583564911842,0.0128448246812133,"Mfsd2a,Ldlr"
"GO:0030307","positive regulation of cell growth",199,3,0.00143571971562666,0.0131380385150641,"Cntf,Mfsd2a,Sgk1"
"GO:0071364","cellular response to epidermal growth factor stimulus",50,2,0.00145298102933682,0.0132221273669651,"Errfi1,Col1a1"
"GO:0071345","cellular response to cytokine stimulus",1140,6,0.00147521593594177,0.0133134055468273,"Cntf,Arid5b,Nfkbia,Mat2a,Slc12a2,Col1a1"
"GO:0048583","regulation of response to stimulus",4311,12,0.00149503641980672,0.0133134055468273,"Cntf,Dusp15,Nfkbia,Nr4a2,Pmp22,Insig1,Mat2a,Slc12a2,Ldlr,Errfi1,Hmgcr,Col1a1"
"GO:0048592","eye morphogenesis",202,3,0.0014985759506152,0.0133134055468273,"Cntf,Mfsd2a,Lctl"
"GO:0051094","positive regulation of developmental process",1574,7,0.00149858859921232,0.0133134055468273,"Cntf,Slc7a5,Hmgcr,Sgk1,Slc6a6,Egr2,Col1a1"
"GO:0048812","neuron projection morphogenesis",766,5,0.00151387464372181,0.0133134055468273,"Nr4a2,Pmp22,Mfsd2a,Sgk1,Egr2"
"GO:0035556","intracellular signal transduction",3119,10,0.00151860790150686,0.0133134055468273,"Cntf,Dusp15,Nfkbia,Nr4a2,Insig1,Mat2a,Errfi1,Hmgcr,Sgk1,Klf9"
"GO:0071229","cellular response to acid chemical",203,3,0.00151990649405172,0.0133134055468273,"Slc7a5,Mat2a,Col1a1"
"GO:0030522","intracellular receptor signaling pathway",451,4,0.00156316049330474,0.0136117294791051,"Nfkbia,Nr4a2,Errfi1,Klf9"
"GO:0016202","regulation of striated muscle tissue development",52,2,0.00157058417066597,0.0136117294791051,"Tsc22d3,Hmgcr"
"GO:0009267","cellular response to starvation",206,3,0.00158504248696464,0.013664734703411,"Slc7a5,Mat2a,Mfsd2a"
"GO:0006357","regulation of transcription by RNA polymerase II",2597,9,0.00164359125247185,0.0140953008981617,"Dusp15,Arid5b,Tsc22d3,Nfkbia,Nr4a2,Zfp386,Egr2,Klf9,Hoxc6"
"GO:0120039","plasma membrane bounded cell projection morphogenesis",782,5,0.00165826818927165,0.0141000962357905,"Nr4a2,Pmp22,Mfsd2a,Sgk1,Egr2"
"GO:0071705","nitrogen compound transport",2082,8,0.00166136665049302,0.0141000962357905,"Nfkbia,Slc7a5,Insig1,Slc12a2,Hmgcr,Slc6a6,Egr2,Col1a1"
"GO:1901861","regulation of muscle tissue development",54,2,0.00169258791121715,0.0142910257658437,"Tsc22d3,Hmgcr"
"GO:0048858","cell projection morphogenesis",789,5,0.00172454543169526,0.0144476049283467,"Nr4a2,Pmp22,Mfsd2a,Sgk1,Egr2"
"GO:0014037","Schwann cell differentiation",55,2,0.00175523405417643,0.0144476049283467,"Pmp22,Egr2"
"GO:0031670","cellular response to nutrient",55,2,0.00175523405417643,0.0144476049283467,"Mat2a,Col1a1"
"GO:0070849","response to epidermal growth factor",55,2,0.00175523405417643,0.0144476049283467,"Errfi1,Col1a1"
"GO:0090207","regulation of triglyceride metabolic process",55,2,0.00175523405417643,0.0144476049283467,"Mfsd2a,Ldlr"
"GO:0048634","regulation of muscle organ development",56,2,0.00181897321181219,0.0148973906047418,"Tsc22d3,Hmgcr"
"GO:0006915","apoptotic process",2116,8,0.00184313536524812,0.015020177752619,"Cntf,Tsc22d3,Slc7a5,Nr4a2,Pmp22,Errfi1,Hmgcr,Sgk1"
"GO:0051954","positive regulation of amine transport",57,2,0.00188380301334434,0.0152003415559509,"Slc7a5,Slc12a2"
"GO:0089718","amino acid import across plasma membrane",57,2,0.00188380301334434,0.0152003415559509,"Slc7a5,Slc6a6"
"GO:2000026","regulation of multicellular organismal development",1641,7,0.0019060083956638,0.0152044141096124,"Nfkbia,Slc7a5,Slc12a2,Ldlr,Errfi1,Sgk1,Egr2"
"GO:0009966","regulation of signal transduction",3214,10,0.0019120781223608,0.0152044141096124,"Cntf,Dusp15,Nfkbia,Nr4a2,Pmp22,Insig1,Mat2a,Errfi1,Hmgcr,Col1a1"
"GO:0098739","import across plasma membrane",220,3,0.00191215464382183,0.0152044141096124,"Slc7a5,Slc12a2,Slc6a6"
"GO:0023057","negative regulation of signaling",1648,7,0.00195314383474097,0.0152934985473126,"Nfkbia,Nr4a2,Insig1,Mat2a,Ldlr,Errfi1,Hmgcr"
"GO:0045017","glycerolipid biosynthetic process",223,3,0.00198731388403243,0.0152934985473126,"Efr3b,Mfsd2a,Ldlr"
"GO:0050767","regulation of neurogenesis",483,4,0.00200758013534729,0.0152934985473126,"Slc7a5,Ldlr,Sgk1,Egr2"
"GO:0010171","body morphogenesis",59,2,0.00201672508316211,0.0152934985473126,"Arid5b,Col1a1"
"GO:0015804","neutral amino acid transport",59,2,0.00201672508316211,0.0152934985473126,"Slc7a5,Slc6a6"
"GO:0031098","stress-activated protein kinase signaling cascade",59,2,0.00201672508316211,0.0152934985473126,"Errfi1,Hmgcr"
"GO:0032892","positive regulation of organic acid transport",59,2,0.00201672508316211,0.0152934985473126,"Slc7a5,Slc12a2"
"GO:0046460","neutral lipid biosynthetic process",59,2,0.00201672508316211,0.0152934985473126,"Mfsd2a,Ldlr"
"GO:0046463","acylglycerol biosynthetic process",59,2,0.00201672508316211,0.0152934985473126,"Mfsd2a,Ldlr"
"GO:0051955","regulation of amino acid transport",59,2,0.00201672508316211,0.0152934985473126,"Slc7a5,Slc12a2"
"GO:0071383","cellular response to steroid hormone stimulus",225,3,0.0020384319316648,0.0153868732906311,"Errfi1,Sgk1,Klf9"
"GO:0090181","regulation of cholesterol metabolic process",60,2,0.00208481262805785,0.0156647847924713,"Insig1,Ldlr"
"GO:0014706","striated muscle tissue development",494,4,0.00217872037872519,0.0157706600065979,"Tsc22d3,Pmp22,Hmgcr,Egr2"
"GO:0015711","organic anion transport",494,4,0.00217872037872519,0.0157706600065979,"Slc7a5,Mfsd2a,Slc12a2,Slc6a6"
"GO:0031175","neuron projection development",1233,6,0.00219829466724759,0.0157706600065979,"Cntf,Nr4a2,Pmp22,Mfsd2a,Sgk1,Egr2"
"GO:0042981","regulation of apoptotic process",1683,7,0.00220272485679333,0.0157706600065979,"Cntf,Tsc22d3,Slc7a5,Nr4a2,Pmp22,Hmgcr,Sgk1"
"GO:0060251","regulation of glial cell proliferation",62,2,0.00222422895653263,0.0157706600065979,"Slc7a5,Pmp22"
"GO:0061900","glial cell activation",62,2,0.00222422895653263,0.0157706600065979,"Cntf,Ldlr"
"GO:0006366","transcription by RNA polymerase II",2712,9,0.00222756931729748,0.0157706600065979,"Dusp15,Arid5b,Tsc22d3,Nfkbia,Nr4a2,Zfp386,Egr2,Klf9,Hoxc6"
"GO:0060324","face development",63,2,0.00229555303844936,0.0160004930935321,"Arid5b,Col1a1"
"GO:0010604","positive regulation of macromolecule metabolic process",3294,10,0.00230537322861425,0.0160008531714837,"Cntf,Arid5b,Nfkbia,Slc7a5,Nr4a2,Pmp22,Ldlr,Egr2,Klf9,Col1a1"
"GO:0060322","head development",844,5,0.00231553637483651,0.0160035805146929,"Arid5b,Nr4a2,Mfsd2a,Egr2,Col1a1"
"GO:0009058","biosynthetic process",10605,20,0.00233510634708212,0.0160710260358005,"Cntf,Dusp15,Arid5b,Tsc22d3,Nfkbia,Slc7a5,Nr4a2,Pmp22,Insig1,Mat2a,Efr3b,Mfsd2a,Zfp386,Ldlr,Errfi1,Hmgcr,Egr2,Klf9,Col1a1,Hoxc6"
"GO:0008219","cell death",2202,8,0.00237476526906504,0.016143117453484,"Cntf,Tsc22d3,Slc7a5,Nr4a2,Pmp22,Errfi1,Hmgcr,Sgk1"
"GO:0012501","programmed cell death",2202,8,0.00237476526906504,0.016143117453484,"Cntf,Tsc22d3,Slc7a5,Nr4a2,Pmp22,Errfi1,Hmgcr,Sgk1"
"GO:0006355","regulation of DNA-templated transcription",3307,10,0.00237514731763714,0.016143117453484,"Dusp15,Arid5b,Tsc22d3,Nfkbia,Nr4a2,Zfp386,Egr2,Klf9,Col1a1,Hoxc6"
"GO:0046890","regulation of lipid biosynthetic process",238,3,0.00239077020642635,0.0161749849248577,"Insig1,Mfsd2a,Ldlr"
"GO:2001141","regulation of RNA biosynthetic process",3312,10,0.00240244080976818,0.0161749849248577,"Dusp15,Arid5b,Tsc22d3,Nfkbia,Nr4a2,Zfp386,Egr2,Klf9,Col1a1,Hoxc6"
"GO:0001944","vasculature development",852,5,0.00241248051708188,0.0161749849248577,"Slc12a2,Ldlr,Errfi1,Egr2,Col1a1"
"GO:0043200","response to amino acid",239,3,0.00241933535200862,0.0161749849248577,"Slc7a5,Mat2a,Col1a1"
"GO:0032387","negative regulation of intracellular transport",65,2,0.00244142131056362,0.0162562931166797,"Nfkbia,Insig1"
"GO:0034097","response to cytokine",1263,6,0.00248123115930133,0.0164544803195773,"Cntf,Arid5b,Nfkbia,Mat2a,Slc12a2,Col1a1"
"GO:0009987","cellular process",20947,29,0.0025598427929944,0.0169073487698581,"Cntf,Dusp15,Arid5b,Sptbn5,Cadm3,Tsc22d3,Nfkbia,Slc7a5,Nr4a2,Pmp22,Insig1,Gldn,Mat2a,Efr3b,Mfsd2a,Ptpdc1,Zfp386,Slc12a2,Ldlr,Errfi1,Hmgcr,Sgk1,Spsb1,Slc6a6,Egr2,Klf9,Col1a1,Hoxc6,Lctl"
"GO:0046470","phosphatidylcholine metabolic process",67,2,0.0025915674663151,0.0170481426097355,"Mfsd2a,Ldlr"
"GO:0060537","muscle tissue development",522,4,0.00265958383027526,0.017390071677935,"Tsc22d3,Pmp22,Hmgcr,Egr2"
"GO:0043067","regulation of programmed cell death",1741,7,0.00267060633011424,0.017390071677935,"Cntf,Tsc22d3,Slc7a5,Nr4a2,Pmp22,Hmgcr,Sgk1"
"GO:1901652","response to peptide",1283,6,0.00268469334902306,0.017390071677935,"Cntf,Arid5b,Nfkbia,Mat2a,Slc12a2,Col1a1"
"GO:0042594","response to starvation",248,3,0.00268601229213526,0.017390071677935,"Slc7a5,Mat2a,Mfsd2a"
"GO:0032869","cellular response to insulin stimulus",251,3,0.0027787827717809,0.0178495928634396,"Insig1,Errfi1,Sgk1"
"GO:0048469","cell maturation",251,3,0.0027787827717809,0.0178495928634396,"Nr4a2,Pmp22,Gldn"
"GO:1903828","negative regulation of protein localization",252,3,0.00281014175766491,0.0178647421622924,"Nfkbia,Insig1,Hmgcr"
"GO:0006695","cholesterol biosynthetic process",70,2,0.00282476692309751,0.0178647421622924,"Insig1,Hmgcr"
"GO:0072348","sulfur compound transport",70,2,0.00282476692309751,0.0178647421622924,"Slc7a5,Slc6a6"
"GO:1902653","secondary alcohol biosynthetic process",70,2,0.00282476692309751,0.0178647421622924,"Insig1,Hmgcr"
"GO:0042180","ketone metabolic process",253,3,0.0028417193579471,0.0179028319550667,"Insig1,Mfsd2a,Hmgcr"
"GO:0001101","response to acid chemical",254,3,0.00287351608995924,0.0180337906335373,"Slc7a5,Mat2a,Col1a1"
"GO:0032964","collagen biosynthetic process",72,2,0.00298552626469451,0.0186652367235481,"Errfi1,Col1a1"
"GO:0050994","regulation of lipid catabolic process",73,2,0.00306748689648518,0.0190323618804649,"Mfsd2a,Ldlr"
"GO:0071385","cellular response to glucocorticoid stimulus",73,2,0.00306748689648518,0.0190323618804649,"Errfi1,Klf9"
"GO:0010656","negative regulation of muscle cell apoptotic process",74,2,0.0031504984216451,0.0191435642953617,"Slc7a5,Hmgcr"
"GO:0016126","sterol biosynthetic process",74,2,0.0031504984216451,0.0191435642953617,"Insig1,Hmgcr"
"GO:0010761","fibroblast migration",75,2,0.00323455853415367,0.0191435642953617,"Arid5b,Pmp22"
"GO:0006814","sodium ion transport",266,3,0.00327235429182477,0.0191435642953617,"Slc12a2,Sgk1,Slc6a6"
"GO:0006351","DNA-templated transcription",3455,10,0.00329902794745407,0.0191435642953617,"Dusp15,Arid5b,Tsc22d3,Nfkbia,Nr4a2,Zfp386,Egr2,Klf9,Col1a1,Hoxc6"
"GO:0009612","response to mechanical stimulus",268,3,0.00334196336019363,0.0191435642953617,"Nfkbia,Slc12a2,Col1a1"
"GO:0044703","multi-organism reproductive process",268,3,0.00334196336019363,0.0191435642953617,"Pmp22,Errfi1,Klf9"
"GO:0048705","skeletal system morphogenesis",268,3,0.00334196336019363,0.0191435642953617,"Arid5b,Insig1,Col1a1"
"GO:0042127","regulation of cell population proliferation",1814,7,0.00336570334425483,0.0191435642953617,"Cntf,Nfkbia,Slc7a5,Pmp22,Errfi1,Hmgcr,Klf9"
"GO:0051223","regulation of protein transport",560,4,0.00342299386273251,0.0193340136108823,"Nfkbia,Insig1,Slc12a2,Hmgcr"
"GO:0048732","gland development",561,4,0.00344489911675823,0.0193908754407216,"Arid5b,Slc7a5,Slc12a2,Errfi1"
"GO:0008542","visual learning",79,2,0.00358123886152831,0.0200892782711759,"Hmgcr,Sgk1"
"GO:0045892","negative regulation of DNA-templated transcription",1371,6,0.00373401731879663,0.0208748135433068,"Dusp15,Arid5b,Tsc22d3,Nfkbia,Nr4a2,Zfp386"
"GO:1902679","negative regulation of RNA biosynthetic process",1375,6,0.00378809893900742,0.0211051226601842,"Dusp15,Arid5b,Tsc22d3,Nfkbia,Nr4a2,Zfp386"
"GO:0006650","glycerophospholipid metabolic process",282,3,0.00385481996148184,0.0212652776659177,"Efr3b,Mfsd2a,Ldlr"
"GO:1901654","response to ketone",282,3,0.00385481996148184,0.0212652776659177,"Errfi1,Sgk1,Klf9"
"GO:0010975","regulation of neuron projection development",579,4,0.00385579210425981,0.0212652776659177,"Cntf,Pmp22,Mfsd2a,Sgk1"
"GO:0071495","cellular response to endogenous stimulus",1383,6,0.00389802671741989,0.0214260663192408,"Nr4a2,Insig1,Errfi1,Sgk1,Klf9,Col1a1"
"GO:0060612","adipose tissue development",84,2,0.00403790723920032,0.0220469735260337,"Arid5b,Errfi1"
"GO:0097006","regulation of plasma lipoprotein particle levels",84,2,0.00403790723920032,0.0220469735260337,"Mfsd2a,Ldlr"
"GO:0051049","regulation of transport",1882,7,0.0041321536008841,0.0224130857952306,"Cntf,Nfkbia,Slc7a5,Insig1,Slc12a2,Hmgcr,Sgk1"
"GO:0007632","visual behavior",85,2,0.00413232717347963,0.0224130857952306,"Hmgcr,Sgk1"
"GO:0061564","axon development",591,4,0.00414757473663386,0.0224215426356642,"Cntf,Nr4a2,Pmp22,Egr2"
"GO:0051960","regulation of nervous system development",593,4,0.00419762423547717,0.0225572904924127,"Slc7a5,Ldlr,Sgk1,Egr2"
"GO:0007422","peripheral nervous system development",86,2,0.00422777056237528,0.0225572904924127,"Pmp22,Egr2"
"GO:0014009","glial cell proliferation",86,2,0.00422777056237528,0.0225572904924127,"Slc7a5,Pmp22"
"GO:0015800","acidic amino acid transport",86,2,0.00422777056237528,0.0225572904924127,"Slc12a2,Slc6a6"
"GO:0060284","regulation of cell development",977,5,0.00434355399416663,0.0228255133426826,"Nfkbia,Slc7a5,Ldlr,Sgk1,Egr2"
"GO:0051252","regulation of RNA metabolic process",3594,10,0.00441497352426365,0.0228255133426826,"Dusp15,Arid5b,Tsc22d3,Nfkbia,Nr4a2,Zfp386,Egr2,Klf9,Col1a1,Hoxc6"
"GO:0007566","embryo implantation",89,2,0.00452021883737258,0.0228522174556058,"Errfi1,Klf9"
"GO:0001894","tissue homeostasis",307,3,0.00488505572438406,0.0245451572900033,"Mfsd2a,Slc12a2,Errfi1"
"GO:0060249","anatomical structure homeostasis",307,3,0.00488505572438406,0.0245451572900033,"Mfsd2a,Slc12a2,Errfi1"
"GO:0001523","retinoid metabolic process",93,2,0.00492434130432498,0.0245916800502571,"Ldlr,Klf9"
"GO:0060042","retina morphogenesis in camera-type eye",93,2,0.00492434130432498,0.0245916800502571,"Cntf,Mfsd2a"
"GO:0046530","photoreceptor cell differentiation",94,2,0.00502789113065218,0.0250324792462257,"Cntf,Mfsd2a"
"GO:0071222","cellular response to lipopolysaccharide",312,3,0.00510917755905487,0.0253600995203996,"Nfkbia,Slc7a5,Slc12a2"
"GO:0048644","muscle organ morphogenesis",95,2,0.00513244416394828,0.0253986209684208,"Cntf,Arid5b"
"GO:0045927","positive regulation of growth",313,3,0.00515473746354194,0.0254321083291617,"Cntf,Mfsd2a,Sgk1"
"GO:0014015","positive regulation of gliogenesis",96,2,0.00523799817184202,0.0257652883047364,"Slc7a5,Egr2"
"GO:0016101","diterpenoid metabolic process",97,2,0.00534455092541886,0.0260963278681909,"Ldlr,Klf9"
"GO:0070201","regulation of establishment of protein localization",639,4,0.00546507032225706,0.0260963278681909,"Nfkbia,Insig1,Slc12a2,Hmgcr"
"GO:0045597","positive regulation of cell differentiation",1033,5,0.00549598097741258,0.0260963278681909,"Slc7a5,Sgk1,Slc6a6,Egr2,Col1a1"
"GO:0032890","regulation of organic acid transport",99,2,0.00556064377122054,0.0260963278681909,"Slc7a5,Slc12a2"
"GO:0070372","regulation of ERK1 and ERK2 cascade",322,3,0.00557589610629199,0.0260963278681909,"Dusp15,Errfi1,Hmgcr"
"GO:0071219","cellular response to molecule of bacterial origin",323,3,0.00562393390566019,0.0260963278681909,"Nfkbia,Slc7a5,Slc12a2"
"GO:0071695","anatomical structure maturation",323,3,0.00562393390566019,0.0260963278681909,"Nr4a2,Pmp22,Gldn"
"GO:0150076","neuroinflammatory response",100,2,0.00567017942285947,0.0261507047186586,"Cntf,Ldlr"
"GO:0050769","positive regulation of neurogenesis",324,3,0.00567222154066963,0.0261507047186586,"Slc7a5,Sgk1,Egr2"
"GO:0007165","signal transduction",7185,15,0.00568354754569137,0.0261507047186586,"Cntf,Dusp15,Arid5b,Nfkbia,Nr4a2,Pmp22,Insig1,Gldn,Mat2a,Ptpdc1,Errfi1,Hmgcr,Sgk1,Klf9,Col1a1"
"GO:0051253","negative regulation of RNA metabolic process",1496,6,0.00572001490702287,0.0262447742792814,"Dusp15,Arid5b,Tsc22d3,Nfkbia,Nr4a2,Zfp386"
"GO:0048708","astrocyte differentiation",101,2,0.00578070493900064,0.0264491471790029,"Cntf,Ldlr"
"GO:0060021","roof of mouth development",102,2,0.00589221810794555,0.0268842709214897,"Arid5b,Insig1"
"GO:0032880","regulation of protein localization",1052,5,0.00593235257670079,0.0269922042239886,"Nfkbia,Insig1,Slc12a2,Hmgcr,Sgk1"
"GO:0061448","connective tissue development",345,3,0.00674460109253508,0.0293820653977991,"Arid5b,Errfi1,Col1a1"
"GO:0006721","terpenoid metabolic process",110,2,0.0068196146863226,0.0295516636407313,"Ldlr,Klf9"
"GO:0015914","phospholipid transport",110,2,0.0068196146863226,0.0295516636407313,"Mfsd2a,Ldlr"
"GO:0015031","protein transport",1556,6,0.00691179245126818,0.029872073971444,"Nfkbia,Insig1,Slc12a2,Hmgcr,Egr2,Col1a1"
"GO:1902531","regulation of intracellular signal transduction",2070,7,0.00695759953502092,0.0299909158904323,"Cntf,Dusp15,Nfkbia,Insig1,Mat2a,Errfi1,Hmgcr"
"GO:0071216","cellular response to biotic stimulus",352,3,0.00712713255380333,0.0306410580659576,"Nfkbia,Slc7a5,Slc12a2"
"GO:0010817","regulation of hormone levels",691,4,0.00718264968999281,0.0307217759969455,"Cntf,Slc7a5,Hmgcr,Klf9"
"GO:0030301","cholesterol transport",113,2,0.00718341892968871,0.0307217759969455,"Nfkbia,Ldlr"
"GO:0070371","ERK1 and ERK2 cascade",354,3,0.00723875896891042,0.0308778312267585,"Dusp15,Errfi1,Hmgcr"
"GO:0008344","adult locomotory behavior",114,2,0.00730661266368961,0.0310863156964249,"Nr4a2,Pmp22"
"GO:0003333","amino acid transmembrane transport",115,2,0.00743076560887797,0.0315326271174666,"Slc7a5,Slc6a6"
"GO:0051952","regulation of amine transport",117,2,0.00768194047981927,0.0318644245846185,"Slc7a5,Slc12a2"
"GO:0060349","bone morphogenesis",117,2,0.00768194047981927,0.0318644245846185,"Insig1,Col1a1"
"GO:0016042","lipid catabolic process",366,3,0.00793045935990433,0.0318644245846185,"Mfsd2a,Ldlr,Klf9"
"GO:0010660","regulation of muscle cell apoptotic process",119,2,0.00793692627016139,0.0318644245846185,"Slc7a5,Hmgcr"
"GO:0015918","sterol transport",119,2,0.00793692627016139,0.0318644245846185,"Nfkbia,Ldlr"
"GO:0019226","transmission of nerve impulse",119,2,0.00793692627016139,0.0318644245846185,"Pmp22,Efr3b"
"GO:0045833","negative regulation of lipid metabolic process",120,2,0.00806584287719419,0.0322415142655783,"Insig1,Mfsd2a"
"GO:0019219","regulation of nucleobase-containing compound metabolic process",3908,10,0.00807022029846588,0.0322415142655783,"Dusp15,Arid5b,Tsc22d3,Nfkbia,Nr4a2,Zfp386,Egr2,Klf9,Col1a1,Hoxc6"
"GO:0034504","protein localization to nucleus",369,3,0.00810929921048942,0.0323082843056532,"Nfkbia,Insig1,Col1a1"
"GO:0051641","cellular localization",2691,8,0.00812638164464537,0.0323082843056532,"Sptbn5,Nfkbia,Insig1,Efr3b,Ldlr,Errfi1,Hmgcr,Egr2"
"GO:0019217","regulation of fatty acid metabolic process",121,2,0.00819570576128503,0.0325050025108593,"Insig1,Mfsd2a"
"GO:0043408","regulation of MAPK cascade",722,4,0.00836059782506695,0.033078887047004,"Cntf,Dusp15,Errfi1,Hmgcr"
"GO:0032355","response to estradiol",123,2,0.00845826178816152,0.033384657371105,"Errfi1,Col1a1"
"GO:0045934","negative regulation of nucleobase-containing compound metabolic process",1626,6,0.00852254444038497,0.0335575187340158,"Dusp15,Arid5b,Tsc22d3,Nfkbia,Nr4a2,Zfp386"
"GO:0007423","sensory organ development",728,4,0.00860245232412642,0.0337909278343383,"Cntf,Insig1,Mfsd2a,Lctl"
"GO:0000902","cell morphogenesis",1156,5,0.00876753213207758,0.0341837870580041,"Nr4a2,Pmp22,Mfsd2a,Sgk1,Egr2"
"GO:0006913","nucleocytoplasmic transport",381,3,0.00884854493943803,0.0341837870580041,"Nfkbia,Insig1,Egr2"
"GO:0051169","nuclear transport",381,3,0.00884854493943803,0.0341837870580041,"Nfkbia,Insig1,Egr2"
"GO:0060840","artery development",127,2,0.00899463505616591,0.0341837870580041,"Ldlr,Egr2"
"GO:0032787","monocarboxylic acid metabolic process",740,4,0.00909994711678625,0.0345039661511479,"Insig1,Mfsd2a,Errfi1,Klf9"
"GO:0010657","muscle cell apoptotic process",128,2,0.00913106203568964,0.0345419852527936,"Slc7a5,Hmgcr"
"GO:0010648","negative regulation of cell communication",1653,6,0.00921165342023197,0.0347665629086174,"Nfkbia,Nr4a2,Insig1,Mat2a,Errfi1,Hmgcr"
"GO:0019218","regulation of steroid metabolic process",130,2,0.00940670153351131,0.035421096808946,"Insig1,Ldlr"
"GO:0008152","metabolic process",13593,22,0.00945614240913599,0.0355255992343228,"Cntf,Dusp15,Arid5b,Tsc22d3,Nfkbia,Slc7a5,Nr4a2,Pmp22,Insig1,Mat2a,Efr3b,Mfsd2a,Zfp386,Ldlr,Errfi1,Hmgcr,Spsb1,Egr2,Klf9,Col1a1,Hoxc6,Lctl"
"GO:0015837","amine transport",131,2,0.00954590982040876,0.0357519660909273,"Slc7a5,Slc12a2"
"GO:0051962","positive regulation of nervous system development",392,3,0.0095600495407974,0.0357519660909273,"Slc7a5,Sgk1,Egr2"
"GO:0008283","cell population proliferation",2207,7,0.00979655978284649,0.0365529952717598,"Cntf,Nfkbia,Slc7a5,Pmp22,Errfi1,Hmgcr,Klf9"
"GO:0019216","regulation of lipid metabolic process",399,3,0.0100298466962187,0.0366004299812276,"Insig1,Mfsd2a,Ldlr"
"GO:0016477","cell migration",1685,6,0.0100798590143127,0.0366004299812276,"Arid5b,Nr4a2,Pmp22,Slc12a2,Errfi1,Col1a1"
"GO:0009791","post-embryonic development",136,2,0.0102557523037049,0.0370837136279662,"Arid5b,Nr4a2"
"GO:0062014","negative regulation of small molecule metabolic process",137,2,0.0104004663040206,0.0375241493523916,"Insig1,Mfsd2a"
"GO:0032963","collagen metabolic process",138,2,0.0105460905855032,0.0379659261078115,"Errfi1,Col1a1"
"GO:0009895","negative regulation of catabolic process",407,3,0.0105830898886213,0.0380155728893897,"Slc7a5,Mfsd2a,Hmgcr"
"GO:0008306","associative learning",140,2,0.0108400616441981,0.0382740827598019,"Hmgcr,Sgk1"
"GO:0030518","nuclear receptor-mediated steroid hormone signaling pathway",140,2,0.0108400616441981,0.0382740827598019,"Errfi1,Klf9"
"GO:0043401","steroid hormone receptor signaling pathway",140,2,0.0108400616441981,0.0382740827598019,"Errfi1,Klf9"
"GO:0072329","monocarboxylic acid catabolic process",140,2,0.0108400616441981,0.0382740827598019,"Mfsd2a,Klf9"
"GO:0015695","organic cation transport",141,2,0.0109884042556871,0.0382740827598019,"Slc7a5,Slc6a6"
"GO:0120035","regulation of plasma membrane bounded cell projection organization",782,4,0.0109895777184531,0.0382740827598019,"Cntf,Pmp22,Mfsd2a,Sgk1"
"GO:0032101","regulation of response to external stimulus",1222,5,0.0109939622132976,0.0382740827598019,"Cntf,Nfkbia,Pmp22,Slc12a2,Ldlr"
"GO:0021700","developmental maturation",413,3,0.0110095193813269,0.0382740827598019,"Nr4a2,Pmp22,Gldn"
"GO:0019220","regulation of phosphate metabolic process",415,3,0.0111538614380696,0.0382740827598019,"Mfsd2a,Ldlr,Errfi1"
"GO:0051174","regulation of phosphorus metabolic process",418,3,0.0113724415530955,0.0386474258588599,"Mfsd2a,Ldlr,Errfi1"
"GO:0062012","regulation of small molecule metabolic process",418,3,0.0113724415530955,0.0386474258588599,"Insig1,Mfsd2a,Ldlr"
"GO:0046683","response to organophosphorus",144,2,0.0114388354927962,0.038792572540787,"Errfi1,Col1a1"
"GO:0043010","camera-type eye development",422,3,0.0116677484128903,0.0394871320254428,"Cntf,Mfsd2a,Lctl"
"GO:0031344","regulation of cell projection organization",798,4,0.0117718343967029,0.039757246890308,"Cntf,Pmp22,Mfsd2a,Sgk1"
"GO:0097306","cellular response to alcohol",147,2,0.011897328367033,0.040098403014815,"Sgk1,Klf9"
"GO:0045596","negative regulation of cell differentiation",801,4,0.0119224265014592,0.0401004817441276,"Cntf,Nfkbia,Insig1,Ldlr"
"GO:1902532","negative regulation of intracellular signal transduction",804,4,0.0120742656733787,0.0405279655184309,"Nfkbia,Insig1,Mat2a,Errfi1"
"GO:0050727","regulation of inflammatory response",430,3,0.0122716649339334,0.0407212396596875,"Nfkbia,Pmp22,Ldlr"
"GO:0050773","regulation of dendrite development",150,2,0.012363827211102,0.0407483882732096,"Mfsd2a,Sgk1"
"GO:0032879","regulation of localization",2311,7,0.0124705864688039,0.0410177121202827,"Cntf,Nfkbia,Slc7a5,Insig1,Slc12a2,Hmgcr,Sgk1"
"GO:0055082","intracellular chemical homeostasis",813,4,0.0125373037489491,0.0411545161137847,"Slc12a2,Hmgcr,Sgk1,Col1a1"
"GO:0045893","positive regulation of DNA-templated transcription",1767,6,0.0125734185558446,0.0411607226694383,"Arid5b,Nfkbia,Nr4a2,Egr2,Klf9,Col1a1"
"GO:0001568","blood vessel development",814,4,0.0125894518054875,0.0411607226694383,"Slc12a2,Ldlr,Egr2,Col1a1"
"GO:1902680","positive regulation of RNA biosynthetic process",1769,6,0.0126392703759324,0.0412207856481051,"Arid5b,Nfkbia,Nr4a2,Egr2,Klf9,Col1a1"
"GO:0009914","hormone transport",435,3,0.0126581533461519,0.0412207856481051,"Cntf,Slc7a5,Hmgcr"
"GO:0070482","response to oxygen levels",439,3,0.0129723688797335,0.0421601988591338,"Slc7a5,Nr4a2,Col1a1"
"GO:0001558","regulation of cell growth",442,3,0.0132109686344982,0.0423498497699437,"Cntf,Mfsd2a,Sgk1"
"GO:0046165","alcohol biosynthetic process",156,2,0.0133206214458341,0.0423498497699437,"Insig1,Hmgcr"
"GO:0032496","response to lipopolysaccharide",446,3,0.0135330273189693,0.0425260415660238,"Nfkbia,Slc7a5,Slc12a2"
"GO:0000165","MAPK cascade",832,4,0.013552255004557,0.0425260415660238,"Cntf,Dusp15,Errfi1,Hmgcr"
"GO:0048706","embryonic skeletal system development",160,2,0.0139759348161724,0.0437716658296182,"Col1a1,Hoxc6"
"GO:0051384","response to glucocorticoid",162,2,0.0143087780692828,0.044485303804934,"Errfi1,Klf9"
"GO:0010565","regulation of ketone metabolic process",163,2,0.0144764892870532,0.044485303804934,"Insig1,Mfsd2a"
"GO:0016043","cellular component organization",7913,15,0.0147517714922869,0.044997023658037,"Cntf,Sptbn5,Cadm3,Nr4a2,Pmp22,Insig1,Gldn,Mat2a,Mfsd2a,Ptpdc1,Slc12a2,Ldlr,Sgk1,Egr2,Col1a1"
"GO:0072359","circulatory system development",1316,5,0.0148008904584964,0.0450629341468721,"Slc12a2,Ldlr,Errfi1,Egr2,Col1a1"
"GO:0007601","visual perception",166,2,0.0149847572261672,0.0455380933886119,"Col1a1,Lctl"
"GO:0045184","establishment of protein localization",1839,6,0.0151030081604476,0.0457924128692147,"Nfkbia,Insig1,Slc12a2,Hmgcr,Egr2,Col1a1"
"GO:0002237","response to molecule of bacterial origin",465,3,0.0151243561430068,0.0457924128692147,"Nfkbia,Slc7a5,Slc12a2"
"GO:0006869","lipid transport",468,3,0.0153849539379146,0.0464954881001921,"Nfkbia,Mfsd2a,Ldlr"
"GO:1903825","organic acid transmembrane transport",169,2,0.0155006846047593,0.0466810736933125,"Slc7a5,Slc6a6"
"GO:0050953","sensory perception of light stimulus",170,2,0.0156743531937252,0.0466810736933125,"Col1a1,Lctl"
"GO:0001654","eye development",476,3,0.0160923838228485,0.0477811673998395,"Cntf,Mfsd2a,Lctl"
"GO:0048589","developmental growth",876,4,0.0161020783911547,0.0477811673998395,"Arid5b,Pmp22,Mfsd2a,Slc12a2"
"GO:0061024","membrane organization",880,4,0.0163479622074049,0.0483848150453166,"Pmp22,Insig1,Gldn,Mfsd2a"
"GO:0150063","visual system development",480,3,0.0164529319093308,0.0483848150453166,"Cntf,Mfsd2a,Lctl"
"GO:0007584","response to nutrient",176,2,0.0167340002766564,0.0483848150453166,"Mat2a,Col1a1"
"GO:0050729","positive regulation of inflammatory response",176,2,0.0167340002766564,0.0483848150453166,"Nfkbia,Ldlr"
"GO:0015748","organophosphate ester transport",178,2,0.017093886908325,0.049039248389855,"Mfsd2a,Ldlr"
"GO:1902904","negative regulation of supramolecular fiber organization",178,2,0.017093886908325,0.049039248389855,"Ldlr,Sgk1"
"GO:0048880","sensory system development",487,3,0.0170948784069641,0.049039248389855,"Cntf,Mfsd2a,Lctl"
"GO:0033157","regulation of intracellular protein transport",181,2,0.0176399168415061,0.0500834705246226,"Nfkbia,Insig1"
"GO:0035725","sodium ion transmembrane transport",181,2,0.0176399168415061,0.0500834705246226,"Slc12a2,Slc6a6"
"GO:0010876","lipid localization",493,3,0.0176562698338239,0.0500834705246226,"Nfkbia,Mfsd2a,Ldlr"
"GO:0051254","positive regulation of RNA metabolic process",1914,6,0.018101486184277,0.0505976695731157,"Arid5b,Nfkbia,Nr4a2,Egr2,Klf9,Col1a1"
"GO:0007613","memory",184,2,0.0181933398747423,0.0507677865669982,"Ldlr,Sgk1"
"GO:1903034","regulation of response to wounding",186,2,0.0185663698982556,0.0517148818507049,"Cntf,Slc12a2"
"GO:0071840","cellular component organization or biogenesis",8121,15,0.0188532340302415,0.0517148818507049,"Cntf,Sptbn5,Cadm3,Nr4a2,Pmp22,Insig1,Gldn,Mat2a,Mfsd2a,Ptpdc1,Slc12a2,Ldlr,Sgk1,Egr2,Col1a1"
"GO:0051051","negative regulation of transport",507,3,0.019006324098977,0.0517148818507049,"Nfkbia,Insig1,Hmgcr"
"GO:0019725","cellular homeostasis",925,4,0.0192798477097297,0.0523721236294149,"Slc12a2,Hmgcr,Sgk1,Col1a1"
"GO:0001889","liver development",190,2,0.0193221554341368,0.0524001500018479,"Slc7a5,Errfi1"
"GO:0043410","positive regulation of MAPK cascade",512,3,0.0195021358550623,0.0527433748695564,"Cntf,Dusp15,Hmgcr"
"GO:0006694","steroid biosynthetic process",191,2,0.0195131167099824,0.0527433748695564,"Insig1,Hmgcr"
"GO:0061008","hepaticobiliary system development",193,2,0.0198974436780596,0.0536935959549614,"Slc7a5,Errfi1"
"GO:0006954","inflammatory response",938,4,0.0201843300843054,0.0538467958926584,"Cntf,Nfkbia,Pmp22,Ldlr"
"GO:0071333","cellular response to glucose stimulus",196,2,0.0204799164555883,0.0545465091939083,"Hmgcr,Col1a1"
"GO:0007409","axonogenesis",523,3,0.0206182663321332,0.0548258445649907,"Nr4a2,Pmp22,Egr2"
"GO:0006606","protein import into nucleus",197,2,0.0206756616986411,0.0548893579617084,"Nfkbia,Insig1"
"GO:0048870","cell motility",1980,6,0.021065936614171,0.0554719491706573,"Arid5b,Nr4a2,Pmp22,Slc12a2,Errfi1,Col1a1"
"GO:0071331","cellular response to hexose stimulus",199,2,0.0210695222425473,0.0554719491706573,"Hmgcr,Col1a1"
"GO:0042552","myelination",200,2,0.0212676337479687,0.0554719491706573,"Pmp22,Egr2"
"GO:0141193","nuclear receptor-mediated signaling pathway",200,2,0.0212676337479687,0.0554719491706573,"Errfi1,Klf9"
"GO:0071326","cellular response to monosaccharide stimulus",201,2,0.021466530217105,0.0559017114397742,"Hmgcr,Col1a1"
"GO:0048584","positive regulation of response to stimulus",2578,7,0.0217592679017822,0.0565698065575194,"Cntf,Dusp15,Nfkbia,Mat2a,Ldlr,Hmgcr,Col1a1"
"GO:0030534","adult behavior",203,2,0.021866670488782,0.0565698065575194,"Nr4a2,Pmp22"
"GO:0046907","intracellular transport",1455,5,0.0219402414568548,0.0565698065575194,"Sptbn5,Nfkbia,Insig1,Ldlr,Egr2"
"GO:0007272","ensheathment of neurons",204,2,0.0220679105199606,0.0565698065575194,"Pmp22,Egr2"
"GO:0008366","axon ensheathment",204,2,0.0220679105199606,0.0565698065575194,"Pmp22,Egr2"
"GO:0051170","import into nucleus",204,2,0.0220679105199606,0.0565698065575194,"Nfkbia,Insig1"
"GO:0033365","protein localization to organelle",971,4,0.0225983497116392,0.0572118961787711,"Nfkbia,Insig1,Mat2a,Col1a1"
"GO:0016049","cell growth",544,3,0.0228460338554515,0.0577496966901691,"Cntf,Mfsd2a,Sgk1"
"GO:0071322","cellular response to carbohydrate stimulus",211,2,0.0234982535560038,0.058693218090957,"Hmgcr,Col1a1"
"GO:0080135","regulation of cellular response to stress",550,3,0.0235059530327642,0.058693218090957,"Cntf,Insig1,Hmgcr"
"GO:0007612","learning",212,2,0.0237056605327803,0.0591017837940549,"Hmgcr,Sgk1"
"GO:0019752","carboxylic acid metabolic process",995,4,0.0244617828535138,0.0600915717764263,"Insig1,Mfsd2a,Errfi1,Klf9"
"GO:0001678","intracellular glucose homeostasis",216,2,0.0245428946998957,0.0600915717764263,"Hmgcr,Col1a1"
"GO:0060041","retina development in camera-type eye",216,2,0.0245428946998957,0.0600915717764263,"Cntf,Mfsd2a"
"GO:0010467","gene expression",9171,16,0.0245923964207528,0.0601229034883479,"Cntf,Dusp15,Arid5b,Tsc22d3,Nfkbia,Slc7a5,Nr4a2,Pmp22,Insig1,Zfp386,Ldlr,Errfi1,Egr2,Klf9,Col1a1,Hoxc6"
"GO:0051248","negative regulation of protein metabolic process",561,3,0.0247428576053141,0.0604005972541051,"Ldlr,Errfi1,Hmgcr"
"GO:0009968","negative regulation of signal transduction",1505,5,0.024983659257034,0.0608976694390204,"Nfkbia,Nr4a2,Insig1,Mat2a,Errfi1"
"GO:0070374","positive regulation of ERK1 and ERK2 cascade",219,2,0.0251787551406397,0.0611552106259336,"Dusp15,Hmgcr"
"GO:0098657","import into cell",1004,4,0.0251842385744912,0.0611552106259336,"Slc7a5,Slc12a2,Ldlr,Slc6a6"
"GO:0010720","positive regulation of cell development",565,3,0.0252013230601375,0.0611552106259336,"Slc7a5,Sgk1,Egr2"
"GO:0071356","cellular response to tumor necrosis factor",220,2,0.0253922101910692,0.0615210518509947,"Nfkbia,Col1a1"
"GO:0009617","response to bacterium",1013,4,0.0259196899901714,0.0621617162575413,"Nfkbia,Slc7a5,Pmp22,Slc12a2"
"GO:0043436","oxoacid metabolic process",1016,4,0.0261677374290947,0.06266484489599,"Insig1,Mfsd2a,Errfi1,Klf9"
"GO:0043524","negative regulation of neuron apoptotic process",225,2,0.0264706647654421,0.0632977355996996,"Cntf,Nr4a2"
"GO:0009755","hormone-mediated signaling pathway",227,2,0.0269072295591347,0.0636305014694236,"Errfi1,Klf9"
"GO:0006082","organic acid metabolic process",1025,4,0.0269205967755254,0.0636305014694236,"Insig1,Mfsd2a,Errfi1,Klf9"
"GO:0008654","phospholipid biosynthetic process",231,2,0.0277891643439881,0.0648951272410919,"Efr3b,Hmgcr"
"GO:0044238","primary metabolic process",11881,19,0.0283309966919405,0.0660116252935967,"Dusp15,Arid5b,Tsc22d3,Nfkbia,Nr4a2,Pmp22,Insig1,Efr3b,Mfsd2a,Zfp386,Ldlr,Errfi1,Hmgcr,Spsb1,Egr2,Klf9,Col1a1,Hoxc6,Lctl"
"GO:0048871","multicellular organismal-level homeostasis",1042,4,0.0283784803813971,0.0660283392964892,"Tsc22d3,Mfsd2a,Slc12a2,Errfi1"
"GO:0045935","positive regulation of nucleobase-containing compound metabolic process",2124,6,0.0286691073877586,0.0664136754738629,"Arid5b,Nfkbia,Nr4a2,Egr2,Klf9,Col1a1"
"GO:0031099","regeneration",235,2,0.0286827431435421,0.0664136754738629,"Cntf,Slc7a5"
"GO:0009894","regulation of catabolic process",1049,4,0.0289924567055876,0.066419082634619,"Slc7a5,Mfsd2a,Ldlr,Hmgcr"
"GO:0051050","positive regulation of transport",1049,4,0.0289924567055876,0.066419082634619,"Cntf,Slc7a5,Slc12a2,Sgk1"
"GO:0006796","phosphate-containing compound metabolic process",1573,5,0.0295494787540888,0.0674998608792056,"Efr3b,Mfsd2a,Ldlr,Errfi1,Hmgcr"
"GO:0007565","female pregnancy",239,2,0.0295878511057812,0.0674998608792056,"Errfi1,Klf9"
"GO:0051216","cartilage development",239,2,0.0295878511057812,0.0674998608792056,"Errfi1,Col1a1"
"GO:0006793","phosphorus metabolic process",1576,5,0.0297624946801438,0.0676032528929117,"Efr3b,Mfsd2a,Ldlr,Errfi1,Hmgcr"
"GO:0034612","response to tumor necrosis factor",243,2,0.0305043741137619,0.0686348417559643,"Nfkbia,Col1a1"
"GO:0072330","monocarboxylic acid biosynthetic process",245,2,0.03096688079839,0.069024693902301,"Insig1,Errfi1"
"GO:0016054","organic acid catabolic process",246,2,0.0311991892574921,0.0690598270321243,"Mfsd2a,Klf9"
"GO:0046395","carboxylic acid catabolic process",246,2,0.0311991892574921,0.0690598270321243,"Mfsd2a,Klf9"
"GO:0051649","establishment of localization in cell",2180,6,0.0320705708603388,0.0701209180942062,"Sptbn5,Nfkbia,Insig1,Ldlr,Hmgcr,Egr2"
"GO:0010629","negative regulation of gene expression",1609,5,0.0321713823843809,0.0701209180942062,"Nfkbia,Slc7a5,Pmp22,Ldlr,Errfi1"
"GO:0060348","bone development",253,2,0.0328448801532614,0.0714474285405605,"Insig1,Col1a1"
"GO:0009749","response to glucose",257,2,0.033800467671108,0.0728331841128549,"Hmgcr,Col1a1"
"GO:0060341","regulation of cellular localization",634,3,0.0338376392612226,0.0728331841128549,"Nfkbia,Insig1,Hmgcr"
"GO:0009746","response to hexose",262,2,0.0350102820516536,0.0743798210124625,"Hmgcr,Col1a1"
"GO:0019637","organophosphate metabolic process",1115,4,0.0351773788767249,0.0746380137306675,"Efr3b,Mfsd2a,Ldlr,Hmgcr"
"GO:0009056","catabolic process",2857,7,0.0358822246439417,0.07564360870885,"Slc7a5,Pmp22,Mfsd2a,Ldlr,Hmgcr,Spsb1,Klf9"
"GO:0009605","response to external stimulus",2865,7,0.0363617873644763,0.075886270264097,"Cntf,Nfkbia,Slc7a5,Pmp22,Slc12a2,Ldlr,Col1a1"
"GO:0009059","macromolecule biosynthetic process",9556,16,0.0363960868440833,0.075886270264097,"Cntf,Dusp15,Arid5b,Tsc22d3,Nfkbia,Slc7a5,Nr4a2,Pmp22,Insig1,Zfp386,Ldlr,Errfi1,Egr2,Klf9,Col1a1,Hoxc6"
"GO:0003018","vascular process in circulatory system",268,2,0.0364842597771673,0.075886270264097,"Mfsd2a,Hmgcr"
"GO:0034284","response to monosaccharide",269,2,0.03673225342662,0.0761613052060805,"Hmgcr,Col1a1"
"GO:0044706","multi-multicellular organism process",277,2,0.038739870678652,0.0783406273723852,"Errfi1,Klf9"
"GO:0044057","regulation of system process",672,3,0.0391779068840213,0.0791287441134733,"Errfi1,Hmgcr,Egr2"
"GO:0040008","regulation of growth",674,3,0.039470359289498,0.0793946921775378,"Cntf,Mfsd2a,Sgk1"
"GO:0044283","small molecule biosynthetic process",674,3,0.039470359289498,0.0793946921775378,"Insig1,Errfi1,Hmgcr"
"GO:0007605","sensory perception of sound",280,2,0.0395034640565893,0.0793946921775378,"Slc12a2,Col1a1"
"GO:0018193","peptidyl-amino acid modification",280,2,0.0395034640565893,0.0793946921775378,"Errfi1,Egr2"
"GO:0007169","cell surface receptor protein tyrosine kinase signaling pathway",680,3,0.0403545119173694,0.0805124123272243,"Arid5b,Errfi1,Col1a1"
"GO:0006886","intracellular protein transport",681,3,0.0405028605576682,0.0807100797973973,"Nfkbia,Insig1,Egr2"
"GO:0001667","ameboidal-type cell migration",287,2,0.0413076068836563,0.0815203133438904,"Arid5b,Pmp22"
"GO:0022604","regulation of cell morphogenesis",287,2,0.0413076068836563,0.0815203133438904,"Mfsd2a,Sgk1"
"GO:0009967","positive regulation of signal transduction",1733,5,0.0423236833105267,0.0826295509685848,"Cntf,Dusp15,Mat2a,Hmgcr,Col1a1"
"GO:0007626","locomotory behavior",294,2,0.0431426861216241,0.0834329632434715,"Nr4a2,Pmp22"
"GO:0009743","response to carbohydrate",295,2,0.0434073329347861,0.0838457680980892,"Hmgcr,Col1a1"
"GO:1990830","cellular response to leukemia inhibitory factor",297,2,0.0439384797590944,0.0847717666023517,"Arid5b,Mat2a"
"GO:1990823","response to leukemia inhibitory factor",299,2,0.0444720867142362,0.0853989191534805,"Arid5b,Mat2a"
"GO:0043170","macromolecule metabolic process",11482,18,0.0445279182802493,0.0854060071932651,"Cntf,Dusp15,Arid5b,Tsc22d3,Nfkbia,Slc7a5,Nr4a2,Pmp22,Insig1,Zfp386,Ldlr,Errfi1,Hmgcr,Spsb1,Egr2,Klf9,Col1a1,Hoxc6"
"GO:0006790","sulfur compound metabolic process",302,2,0.0452770816351643,0.0859372650271137,"Mat2a,Hmgcr"
"GO:0032386","regulation of intracellular transport",304,2,0.0458167824723146,0.0868609834370964,"Nfkbia,Insig1"
"GO:1902533","positive regulation of intracellular signal transduction",1225,4,0.0470990864567872,0.0885809419838105,"Cntf,Dusp15,Mat2a,Hmgcr"
"GO:1903530","regulation of secretion by cell",727,3,0.0476303697179769,0.0889607133387072,"Cntf,Slc12a2,Hmgcr"
"GO:0030163","protein catabolic process",1232,4,0.0479265535010777,0.0894119528869764,"Pmp22,Ldlr,Hmgcr,Spsb1"
"GO:0072659","protein localization to plasma membrane",312,2,0.0479996091239607,0.0894463705859472,"Efr3b,Errfi1"
"GO:0015850","organic hydroxy compound transport",315,2,0.0488279651527719,0.0900678005858562,"Nfkbia,Ldlr"
"GO:0032103","positive regulation of response to external stimulus",735,3,0.048930061747047,0.090154601959126,"Cntf,Nfkbia,Ldlr"
"GO:0050954","sensory perception of mechanical stimulus",319,2,0.0499406412211423,0.0910943990203018,"Slc12a2,Col1a1"
