"","p_val","avg_log2FC","pct.1","pct.2","p_val_adj"
"Fth1",3.09830999324623e-08,-0.606296630535321,1,1,0.000465366160985583
"Drp2",0.000274974357442611,0.2378513174116,1,1,1
"Map4",0.000421244233950843,0.283246384154511,1,0.991,1
"Ncl",0.000608726201884868,-0.677074809218697,0.539,0.685,1
"Zdhhc2",0.000785459482431485,0.462241969519608,0.316,0.108,1
"Pafah1b1",0.0011028893913573,0.55910185196155,0.145,0.018,1
"Secisbp2l",0.00114310051207374,0.308177497563411,1,0.982,1
"Ehmt2",0.001320455922239,0.900074760858452,0.224,0.063,1
"Ppp1r7",0.00220986372806935,-1.05357778569401,0.289,0.459,1
"Sf3a1",0.00244765866690706,0.716639929770346,0.105,0.009,1
"Fbxw2",0.00255149270310431,0.75794428646254,0.145,0.027,1
"Ube3a",0.00269386605054681,0.961410602256667,0.263,0.099,1
"Fnbp1l",0.00270794411136211,1.06285963607202,0.145,0.027,1
"Cds2",0.00276562708495663,0.788310684710851,0.105,0.009,1
"Fubp1",0.00276562708495663,0.845426194155892,0.105,0.009,1
"Prex2",0.00281810687895788,0.636295092458503,0.276,0.099,1
"Rfesd",0.00290305522528526,0.502019386003864,0.105,0.009,1
"Usp48",0.00359641233347067,0.847623314032832,0.158,0.036,1
"Exoc6b",0.00364647850988846,0.777664244309307,0.118,0.018,1
"Cnot6",0.00373854284556314,0.703735688977962,0.25,0.09,1
"mt-Co3",0.00448239555260035,0.501355405499277,0.724,0.477,1
"Plekhb1",0.00454897780078786,0.239712969119833,1,1,1
"Ndufa2",0.00461091803757494,0.730290268433948,0.118,0.018,1
"Me1",0.00470808965825643,0.491795983941335,0.763,0.55,1
"Ybx1",0.00520051492189145,-0.509457113576636,0.842,0.874,1
"App",0.00591490476541708,0.605805848366624,0.684,0.45,1
"Camk2n1",0.00702211807250955,-0.428692566548854,0.961,0.955,1
"Ccdc117",0.00707463933825596,0.444942496103048,0.237,0.081,1
"Sept8",0.00867889553777181,0.380283875937907,0.645,0.414,1
"Pea15a",0.00968035775898812,0.262935055085229,1,0.991,1
"Dok6",0.00971630073296555,0.715761143529181,0.105,0.018,1
"Hexim1",0.010121372052874,0.567766603744661,0.105,0.018,1
"Selenow",0.010468741509413,-0.929744743494894,0.158,0.315,1
"Kiz",0.011259343972963,0.583999049808041,0.158,0.045,1
"Dhdh",0.0114304340990883,0.643796085063211,0.342,0.189,1
"Snrpn",0.0115844376609623,0.737559902078724,0.224,0.09,1
"Trak1",0.012335377172192,0.770329143290962,0.197,0.072,1
"Eapp",0.0126648937593243,0.814349096829072,0.224,0.09,1
"Nub1",0.0137036036699437,0.685864458391273,0.237,0.099,1
"Zfp651",0.0137064915320564,-0.767024987993573,0.289,0.45,1
"Mtmr6",0.0139185422811143,0.481928771950377,0.303,0.135,1
"Ubxn2b",0.0139884171442803,0.779206791783631,0.118,0.027,1
"Pex19",0.0140709979759304,0.244145649224798,0.303,0.135,1
"Ywhag",0.0143462802372068,-0.826579973410993,0.039,0.153,1
"Myh10",0.014420736510878,0.984404243372809,0.145,0.045,1
"Paip2b",0.0147975970333976,0.40407522696339,0.75,0.559,1
"Slc44a1",0.0152975675227252,0.51161098804047,0.197,0.072,1
"Itprid2",0.0154162786605143,-0.565552257984443,0.711,0.712,1
"Usp7",0.0155049492063892,0.710102810528443,0.132,0.036,1
"Pfdn5",0.0170076445025282,0.565587118404622,0.421,0.252,1
"Snrnp70",0.0170873534023782,-0.751519661870798,0.066,0.189,1
"Ptms",0.0173428420023627,-0.221418771461578,1,1,1
"Usp34",0.0183313440238047,0.540036974811476,0.368,0.198,1
"Spidr",0.0184059081956261,0.659123274248805,0.184,0.072,1
"Dnajb2",0.0192358347288619,0.603046436387608,0.158,0.054,1
"Cenpb",0.0193077790763627,-0.303372600916518,0.961,0.964,1
"Arhgef9",0.0202807276802895,0.507734034064685,0.263,0.126,1
"Ccnd1",0.0203256488462951,0.777432197275866,0.171,0.063,1
"Tatdn2",0.021872908964486,0.696879824857236,0.237,0.108,1
"Cltb",0.0221832552201952,-0.29841140152627,1,0.973,1
"Ankrd40",0.0223310094559237,-0.294112568506636,0.947,0.937,1
"Cd82",0.0226600976145428,0.506096328645513,0.158,0.054,1
"Cetn3",0.0238341181621583,0.81292148192019,0.276,0.153,1
"Ctnna3",0.0239519866792466,0.464435208363065,0.724,0.622,1
"Rassf2",0.0242864014223001,0.479306502629124,0.276,0.135,1
"mt-Nd4",0.0243635078071566,0.595452178040058,0.487,0.315,1
"BC005624",0.0248929760009934,0.486389510644654,0.211,0.09,1
"Col1a2",0.0249087630820333,0.778923527900616,0.105,0.027,1
"Gpm6b",0.0261662100064696,0.278776833401935,0.934,0.874,1
"Pkd2",0.0266027573743233,-0.78052287893386,0.039,0.135,1
"Rc3h2",0.0269344161706587,0.515852459782893,0.105,0.027,1
"Slmap",0.0271685060328392,0.680988466241369,0.105,0.027,1
"Dip2c",0.0280887562697126,0.57520000959567,0.118,0.036,1
"Vamp4",0.0286075779123809,0.50535403690043,0.105,0.027,1
"Bicd1",0.0286075779123809,0.583702671667798,0.105,0.027,1
"Tnfsf13",0.0286075779123809,0.554314348403077,0.105,0.027,1
"Upf2",0.0288555802100331,0.39671611510653,0.474,0.279,1
"Huwe1",0.0293085960897525,0.355835612930987,0.474,0.27,1
"Ivns1abp",0.0296361772217437,0.388753805040156,0.197,0.081,1
"Rala",0.0300543146513352,0.843393703089239,0.158,0.063,1
"Vps13a",0.0308802846612651,0.568149257285797,0.118,0.036,1
"Cyp51",0.0313679735265721,0.532928156779801,0.118,0.036,1
"Riok3",0.0317784194418739,0.570998290789847,0.276,0.144,1
"S100b",0.0322397972635253,0.242581462257404,1,0.982,1
"Hsp90ab1",0.0325372039814675,-0.713619356367336,0.474,0.577,1
"Dync1i2",0.032790095681943,0.72551640470914,0.145,0.054,1
"Sc5d",0.0333674944031835,0.731533762282319,0.171,0.072,1
"Clvs1",0.0335612697179971,1.05502634653623,0.197,0.09,1
"Sh3bgrl",0.0348575759455233,0.348784123433677,0.579,0.387,1
"Bptf",0.0349703250684251,0.482326242762329,0.118,0.036,1
"Camk2b",0.0350689503327794,0.623735380049425,0.171,0.072,1
"Cep83",0.0353172949169604,-1.06150389796446,0.092,0.198,1
"Polr3gl",0.036571378446615,-1.05628025542599,0.039,0.126,1
"Eif4a2",0.0366190967471977,0.0755054748925522,0.118,0.036,1
"Tuba1b",0.0369944126547768,-0.596754145884351,0.526,0.604,1
"Itpkb",0.0373496388120582,0.511166020583506,0.132,0.045,1
"Rell1",0.0376696517237944,-0.940052121614833,0.079,0.18,1
"Zfp114",0.0378864020984739,0.496077638002929,0.132,0.045,1
"Kif13b",0.0388762824630132,0.40013354312064,0.961,0.802,1
"Ak5",0.0390044751803981,0.598014203303755,0.276,0.153,1
"Slain2",0.0392870161841255,0.39365933131005,0.487,0.324,1
"Psmc1",0.0393798029071895,0.530550641922702,0.197,0.09,1
"Fads1",0.0394696683991196,0.41240029945816,0.789,0.685,1
"Mbp",0.0400339517805912,0.0981183880873591,1,1,1
"Chn1",0.0405983274216897,0.351290144301319,0.263,0.135,1
"Yap1",0.0415416534422643,0.283233648996074,0.908,0.748,1
"Mag",0.0442365090760267,-0.0746894839600587,0.132,0.045,1
"Cep120",0.0453396107336652,0.259352348356692,0.158,0.063,1
"Ctnnd1",0.0456470339279653,0.372628336272176,0.908,0.82,1
"Wwtr1",0.0474396959151491,0.183587201299536,0.671,0.459,1
"Zfr",0.0494884614079972,0.443320974938733,0.395,0.234,1
"Arih1",0.0494900978521177,0.273430889726709,0.237,0.117,1
"Eps15",0.0495057654712823,0.279184868054269,0.487,0.324,1
"Pdrg1",0.0503761573825958,0.482874737488004,0.263,0.144,1
"Cd9",0.0504096587028048,0.982824540712039,0.211,0.108,1
"Cdc73",0.0504809378556311,0.468456449857003,0.303,0.171,1
"Tfdp2",0.0511299941996616,0.696758336276036,0.197,0.099,1
"mt-Nd1",0.0515665665620288,0.41225841624832,0.513,0.369,1
"Ndel1",0.0525143190827185,0.497931641666829,0.382,0.243,1
"Pcsk1n",0.0540362011976345,0.806688425203729,0.105,0.036,1
"Akap7",0.0544864429547565,0.577373676237127,0.197,0.099,1
"Cwc15",0.0547739511104361,-0.754222875225613,0.079,0.18,1
"Etnk1",0.0558625246830562,0.486679845202167,0.25,0.135,1
"Ipo9",0.0567109291640506,0.705199886687495,0.145,0.063,1
"Ate1",0.0571335448164249,0.660493204743087,0.132,0.054,1
"Creb1",0.0571802546824339,0.505229680332737,0.118,0.045,1
"Ufl1",0.0579729923739224,0.48599923666815,0.118,0.045,1
"Sbno1",0.0586313200994731,-0.67974478951143,0.039,0.117,1
"Nudt3",0.0586900138666272,-0.418547783590205,0.842,0.847,1
"Adap1",0.058774842270851,0.447779361854087,0.118,0.045,1
"Sspn",0.058774842270851,0.55130694067041,0.118,0.045,1
"Cep112",0.0593923503215787,0.568598167659763,0.132,0.054,1
"Cfl2",0.0599425744889237,0.490329660298513,0.105,0.036,1
"Tagln",0.060139689546042,-0.480376345584883,0.474,0.595,1
"Ubxn7",0.0601615592202562,0.72805592115095,0.132,0.054,1
"Zdhhc21",0.0604061799409237,0.550373883156607,0.118,0.045,1
"P4hb",0.0609390096959195,0.571021944153853,0.132,0.054,1
"Rab21",0.0617252554102385,0.399019349169647,0.105,0.036,1
"Rap1gds1",0.0624060086499139,0.399941129927302,0.632,0.495,1
"Smarcc1",0.0625259650706989,-0.725151057732244,0.079,0.171,1
"Tpt1",0.0630696711355834,0.500007104874272,0.513,0.387,1
"Col4a3bp",0.0633214416791583,0.476814342635241,0.132,0.054,1
"Lox",0.0650363371859331,0.686993174800914,0.263,0.162,1
"Ccdc15",0.0660213996248238,0.461371244088305,0.158,0.072,1
"Hdac1",0.0663247234375452,0.488553300717769,0.171,0.081,1
"Calr",0.0672509030279437,-0.62527930060127,0.079,0.171,1
"Sept7",0.0707512839415432,0.332093083663264,0.25,0.144,1
"Mlec",0.0709293623067395,0.331547937225811,0.329,0.207,1
"Lurap1",0.0723526636169776,0.489752071557532,0.171,0.081,1
"Tm9sf3",0.072543068488846,0.392032350015994,0.513,0.369,1
"Atp8a1",0.0730286554767423,0.321576505140985,0.145,0.063,1
"Map4k4",0.073211944080818,-0.357722666513111,0.75,0.874,1
"Slc25a4",0.0738740581739518,0.376557759500183,0.118,0.045,1
"Fam20b",0.0740774137199796,-0.505677611358303,0.342,0.468,1
"Gdi2",0.0762959090312837,0.388668386016731,0.184,0.09,1
"Gsk3b",0.0779884287875757,0.206310991339364,0.171,0.081,1
"Atp5j",0.0783167056839499,0.295500029474928,0.132,0.054,1
"Las1l",0.0791285889593156,0.416196354124161,0.329,0.207,1
"Psmd1",0.079185061684021,0.395417535564811,0.303,0.189,1
"Atxn2l",0.0796627352066392,0.404034835676949,0.171,0.081,1
"Ubqln1",0.0807001032716401,0.613427419114927,0.211,0.117,1
"Wsb2",0.0807648950764953,-0.735384928650689,0.066,0.144,1
"Fnbp1",0.0808041600651846,0.621154148021786,0.197,0.108,1
"Ptpn14",0.0810541975531712,-1.03989056732388,0.092,0.171,1
"Pitpna",0.0833975045324583,0.277554045812366,0.316,0.207,1
"Thrap3",0.0844429715647556,0.258873485376849,0.158,0.072,1
"Trim37",0.0847911740631631,-0.696597979210953,0.092,0.18,1
"Dnajc14",0.0849304592037172,-0.715180407900357,0.039,0.108,1
"Hint3",0.0855538422441131,0.577077566804821,0.276,0.18,1
"Vat1l",0.0857665638029076,-0.695331682721292,0.079,0.162,1
"Pde7b",0.0863492068934353,-0.455710406707754,0.382,0.495,1
"Prrg4",0.0880872012637295,0.398350137735862,0.5,0.396,1
"Fgf1",0.0898462126223964,0.19215198666638,0.592,0.405,1
"Mme",0.0911483956344852,0.3552045801327,0.368,0.243,1
"Luc7l3",0.0915373487023746,-0.550685109822229,0.118,0.207,1
"Zcchc17",0.0923126501388588,0.340403907629174,0.211,0.117,1
"Usp6nl",0.0924491055369103,0.464110667927327,0.263,0.162,1
"Tppp3",0.0947336553568983,-0.902127162672166,0.145,0.225,1
"Srsf6",0.0951133322178222,-0.491419428257782,0.053,0.126,1
"Sptbn5",0.0951294664774189,0.594512866312977,0.25,0.153,1
"Klc1",0.0951425791871174,0.299450397186885,0.368,0.243,1
"Zbtb41",0.0963538171165037,0.325370791816988,0.224,0.126,1
"Trim26",0.0977143114658013,-0.693467152789426,0.092,0.18,1
"Ddrgk1",0.0977340611896823,0.351913239287993,0.539,0.396,1
"Zfp219",0.09891169214496,0.742268050467668,0.105,0.045,1
"Ubxn1",0.10081131787997,-0.38868846155983,0.566,0.595,1
"Evi5",0.100956529084031,0.258041578350091,0.5,0.36,1
"Vash1",0.101277496244664,0.257740264484326,0.434,0.306,1
"Lamb1",0.101414044584311,0.470726837493522,0.197,0.108,1
"Trim33",0.101871099271624,0.368048180585795,0.289,0.18,1
"Eef2",0.102443844020296,0.315959074136619,0.605,0.432,1
"Kif1c",0.102701569202521,-0.135587198879056,0.895,0.91,1
"mt-Cytb",0.102806019878522,0.236174117411156,0.737,0.595,1
"Erc1",0.10290686230246,0.353949752769744,0.211,0.117,1
"Wdr33",0.103452380513555,0.634779615856784,0.158,0.081,1
"Frmd3",0.103791352946358,0.265305965225391,0.684,0.541,1
"Egln1",0.103830000691816,-0.512803186425698,0.447,0.532,1
"Plec",0.104093513867327,0.362556519525124,0.395,0.261,1
"Nefh",0.104484700889705,0.945085916569379,0.118,0.054,1
"Utp6",0.104484700889705,0.481592338001201,0.118,0.054,1
"Megf9",0.10469693991558,0.397810692655172,0.579,0.477,1
"Gatad2b",0.105348725030865,-0.368311360108181,0.263,0.369,1
"Alg14",0.106079611203849,0.429850017151883,0.184,0.099,1
"Gmfb",0.106975055507803,0.1638207402399,0.987,0.955,1
"Ndufb9",0.10816816994635,0.825248064943043,0.105,0.045,1
"Epb41l4b",0.109075579855975,-0.691801978393841,0.053,0.117,1
"Vps26a",0.109519747622899,0.270122821600626,0.211,0.117,1
"Oga",0.109990905491322,0.329443618921873,0.158,0.081,1
"Smarce1",0.110161452702284,0.443033428172651,0.184,0.099,1
"Satb1",0.110491276061681,-0.673718424005119,0.105,0.189,1
"Anapc13",0.111535270029115,-0.773551660681088,0.053,0.117,1
"Zfp654",0.111535270029115,0.516915777756219,0.132,0.063,1
"Dld",0.112184474114125,0.464815136440146,0.118,0.054,1
"Sft2d2",0.112339454630911,0.424568250498877,0.105,0.045,1
"Lrrc59",0.115306626576907,0.381740510079451,0.132,0.063,1
"Cdh1",0.115804290912439,0.483548821203662,0.237,0.144,1
"Prob1",0.116290661626201,0.177948040983358,0.197,0.108,1
"Slc39a7",0.116585794995795,0.315020278691712,0.132,0.063,1
"Eif1ax",0.116585794995795,0.534467852144283,0.132,0.063,1
"Cnih4",0.117150115154083,0.467484307500183,0.487,0.387,1
"Poglut1",0.117561556636399,0.261310620903919,0.118,0.054,1
"Ptpn11",0.117829759129665,-0.190809971183641,0.803,0.874,1
"Gid4",0.118544938351616,0.227593166928777,0.803,0.748,1
"Eif3a",0.118936941639721,0.405511269291572,0.118,0.054,1
"Lmbrd2",0.120490250531897,0.235480467394535,0.132,0.063,1
"Lnpep",0.121061713054105,0.318477976253018,0.105,0.045,1
"Scaf11",0.122268930981192,0.292606752809221,0.171,0.09,1
"Rtcb",0.123277649944837,0.256345176440817,0.342,0.234,1
"Pcnp",0.123953256295561,0.48550814860271,0.355,0.243,1
"Rbm8a",0.124084060606359,0.290745367677032,0.105,0.045,1
"Fyn",0.124084060606359,0.396481322308593,0.105,0.045,1
"Rbpj",0.124247697103721,0.463504426576271,0.145,0.072,1
"Cryab",0.126315569231451,-0.514539148217449,0.592,0.622,1
"Slc6a15",0.127323290628453,0.257158163839435,0.276,0.171,1
"Hnrnpa1",0.127386706547651,0.281576441238847,0.447,0.306,1
"Sumo3",0.127455804354065,0.285392549972552,0.118,0.054,1
"Prkci",0.128605534823674,0.301990217795545,0.132,0.063,1
"Lrp6",0.130241447110651,0.4551804999113,0.289,0.189,1
"Fsd1l",0.131357163889333,0.389607621609284,0.263,0.171,1
"Rcan2",0.133393778416139,0.187785871028498,0.118,0.054,1
"Cetn2",0.133505002583128,0.141995598566267,0.105,0.045,1
"Eef1g",0.13360528571535,-0.758219005785085,0.105,0.18,1
"Nap1l4",0.133665150262656,0.197659810298311,0.184,0.099,1
"Nfia",0.135013976383458,0.235748129380116,0.474,0.324,1
"Sh3d19",0.136076444679486,-0.260786819094623,0.382,0.459,1
"Taf15",0.136441956834917,0.160275523389857,0.118,0.054,1
"Ubn2",0.136765413556116,0.181160059310946,0.105,0.045,1
"Ppp1r9b",0.137113188382945,-0.555968163529491,0.487,0.577,1
"Fam129b",0.137806965763064,0.125886908719647,1,0.973,1
"Kif2a",0.137869042503233,0.22013343301566,0.132,0.063,1
"Ywhae",0.138590997201054,-0.566192183182693,0.145,0.225,1
"Hspa8",0.138886995022529,0.341323825376886,0.355,0.243,1
"Trim41",0.13894434706955,-0.315372874716234,0.434,0.514,1
"Ubap2",0.139340415390641,0.36345322327277,0.539,0.441,1
"Klhl5",0.139415926104386,0.494194854974863,0.289,0.198,1
"Nars",0.139440408214944,0.38646947943522,0.197,0.117,1
"Zmat2",0.139867377424113,-0.607903897197841,0.355,0.414,1
"Dstn",0.140086921511494,0.120211107038992,0.105,0.045,1
"Cops9",0.141501777493085,-0.419940193224503,0.092,0.171,1
"Zfand3",0.141735780243369,0.104859994324212,0.211,0.117,1
"Chpt1",0.1419326385424,0.334534041159716,0.592,0.441,1
"Sri",0.142226722123362,0.180490029998576,0.737,0.658,1
"Myo6",0.142661444433125,-0.794182048181441,0.118,0.189,1
"Utp14b",0.143536365176757,-0.0424658502144466,0.158,0.081,1
"Pink1",0.144118932516198,-0.167880668564901,1,0.991,1
"Dcun1d5",0.144234726031752,0.193860849356735,0.171,0.099,1
"Vti1b",0.144417951571715,0.0263129969229574,0.276,0.171,1
"Fmr1",0.144748805657284,-0.505420191263225,0.184,0.279,1
"Golga4",0.14525453003817,0.315024083610245,0.303,0.198,1
"Dctn1",0.145796366643439,0.329795489135238,0.263,0.171,1
"Ppp1cb",0.146676704546592,-0.713997630378737,0.184,0.252,1
"Srsf4",0.150265722929632,-0.51521476662349,0.132,0.207,1
"Gpbp1",0.151347649123378,0.267234961988626,0.289,0.189,1
"Actr3",0.153030603155776,0.42477164789497,0.434,0.324,1
"Ppp1r9a",0.156049328547943,-0.597829729719179,0.158,0.234,1
"Dlg1",0.157166138614386,-0.704068172970561,0.053,0.108,1
"Tsnax",0.158163298972454,-0.370862538999457,0.263,0.342,1
"Mboat2",0.159833328339856,0.493975030145041,0.132,0.072,1
"Mras",0.16044039850427,0.41532007639131,0.158,0.09,1
"Rfk",0.160595844988909,0.344251586469989,0.289,0.189,1
"Stag2",0.160788566837207,0.660471546989922,0.145,0.081,1
"AI597479",0.161541985452708,0.112298837420437,0.632,0.514,1
"Prss12",0.163390267397308,0.368077272382356,0.158,0.09,1
"Tns1",0.16343748646238,0.277479293072898,0.776,0.667,1
"Psmd4",0.164771039219057,0.319259005520116,0.171,0.099,1
"March2",0.164998094014531,-0.582481399604447,0.118,0.189,1
"Aplp2",0.165165252049116,0.346466508838047,0.184,0.108,1
"Dennd5a",0.165202580922655,0.2561780341472,0.789,0.721,1
"Osbpl5",0.165650124346554,-0.696725628244088,0.053,0.108,1
"Ctnnal1",0.168491363614758,0.283602403602612,0.263,0.171,1
"Tns3",0.168646731340922,0.162341754359683,0.855,0.766,1
"Dlst",0.168835418427222,0.264923657883503,0.197,0.117,1
"Marf1",0.169067886130698,0.0422085493174786,0.5,0.333,1
"Odr4",0.169130428083483,0.331881280756339,0.171,0.099,1
"Pten",0.169130428083483,0.333530541405979,0.171,0.099,1
"Ogn",0.169199419716813,-0.637726626694843,0.105,0.171,1
"Bmpr2",0.169309456352691,0.40256211530531,0.224,0.144,1
"Kat7",0.17090333468113,0.546227618452265,0.118,0.063,1
"Chp2",0.170943603392213,0.38481323379085,0.158,0.09,1
"Svil",0.171301488364449,-0.608321139749048,0.289,0.36,1
"Maf",0.171705915039092,0.59118775559796,0.197,0.126,1
"Igfbp5",0.171950400548347,0.207179147323012,0.842,0.766,1
"Pfn2",0.172681847531029,0.550466596707167,0.118,0.063,1
"Hk1",0.173259203346128,0.170539399478072,0.158,0.09,1
"Rab6b",0.173425071182369,-0.632948908523419,0.105,0.171,1
"Aagab",0.176413813037296,0.525904989445146,0.132,0.072,1
"Sgsm2",0.178846515739711,0.513150668496839,0.105,0.054,1
"Eif4e3",0.179637933160863,0.0729645552752494,0.171,0.099,1
"Akap11",0.179834099285191,0.238558345113206,0.355,0.261,1
"Prkag2",0.179888553581768,0.0881372613583824,0.211,0.126,1
"Hnrnpd",0.180172729195113,0.40787055896687,0.25,0.171,1
"Tbl1xr1",0.180349218017814,-0.499819646345124,0.079,0.144,1
"Ubqln4",0.181665576528075,0.265937448377104,0.421,0.315,1
"Shtn1",0.181695454961577,-0.314023944040994,0.211,0.297,1
"Ggct",0.181782451974705,0.472322309753924,0.118,0.063,1
"mt-Atp6",0.181842538420254,0.390560839259336,0.697,0.64,1
"Dynlt3",0.182177996874063,-0.464373530377121,0.145,0.216,1
"Fis1",0.182416335784475,0.10867297351114,0.368,0.261,1
"Serpine2",0.183393562168866,0.443643815033617,0.132,0.072,1
"Rab13",0.183644517142386,-0.502355036545011,0.053,0.108,1
"Dcun1d4",0.18376835013446,0.513804699738052,0.105,0.054,1
"Fkbp2",0.184749804477802,-0.497032391004601,0.474,0.514,1
"Acbd5",0.185135752993248,0.430765757432147,0.303,0.216,1
"Sh3glb1",0.185512260545109,0.378873813451598,0.237,0.153,1
"Rab35",0.185520673316791,0.467054686960715,0.118,0.063,1
"Eftud2",0.185764532312339,0.534916585633853,0.105,0.054,1
"Selenok",0.185764532312339,0.311639302931072,0.105,0.054,1
"Arhgap35",0.185824988355358,0.524800507747841,0.184,0.117,1
"Set",0.185959895864895,0.11044836173886,0.224,0.135,1
"Fkbp9",0.186021097450848,0.384262387095279,0.316,0.234,1
"Pgrmc2",0.186080740417719,0.182568042010847,0.671,0.505,1
"Snrnp200",0.187410966358484,-0.425170739370031,0.053,0.108,1
"Plpp3",0.187776701129159,0.507158424961187,0.105,0.054,1
"Fbxl5",0.187776701129159,0.437178027417962,0.105,0.054,1
"Ube2e3",0.187840440473534,0.199633586582947,0.355,0.252,1
"Eid1",0.187989301708372,0.120898277343459,0.934,0.91,1
"Tcp11l1",0.188176429533641,0.380605511843404,0.316,0.225,1
"Tbcb",0.188581739334414,0.339872992655679,0.368,0.261,1
"Ccdc6",0.188730539361914,-0.875962092566059,0.118,0.18,1
"Ndufa13",0.188874603275198,-0.444886935962486,0.105,0.18,1
"Prx",0.189027851827129,-0.0866815823373717,1,1,1
"Bag1",0.189142841003066,0.216087453076885,0.474,0.351,1
"Nedd4",0.189315441561208,0.294694920137621,0.118,0.063,1
"Ogdh",0.189315441561208,0.386249888982516,0.118,0.063,1
"Ubxn4",0.189571398212098,-0.607196919706456,0.224,0.297,1
"Snf8",0.190153263690392,0.239807357869376,0.145,0.081,1
"Capza1",0.191234143643242,0.44227711206941,0.118,0.063,1
"Zc3h14",0.191234143643242,0.322628731135061,0.118,0.063,1
"Mpp5",0.193909666949424,0.422738109996315,0.105,0.054,1
"Exoc3",0.193909666949424,0.273799239308287,0.105,0.054,1
"Tbca",0.193909666949424,0.472840109096383,0.105,0.054,1
"Svip",0.195462621264475,0.100746760882962,0.842,0.757,1
"Eloa",0.19609694021525,0.215941844477681,0.132,0.072,1
"Cnpy3",0.196485090085208,0.344305040812585,0.224,0.144,1
"Pitpnb",0.197023402881434,-0.59581897845563,0.211,0.27,1
"Rab11fip2",0.197231377810016,-0.557856851177126,0.184,0.252,1
"Tardbp",0.199052094505369,0.209434601514438,0.118,0.063,1
"Tmem30a",0.199052094505369,0.285957958372087,0.118,0.063,1
"Cops6",0.200188423287594,0.357095151084128,0.105,0.054,1
"Naa50",0.201787687326686,-0.364361853194974,0.487,0.532,1
"Nol7",0.204455931673616,0.300056720690491,0.105,0.054,1
"Ptpdc1",0.205632775269523,0.443705748224002,0.158,0.099,1
"Cdk11b",0.206216097601615,0.271981371931004,0.355,0.252,1
"Ak3",0.208544307845026,-0.667771295730482,0.105,0.162,1
"Clstn1",0.208789231309051,0.263123232739334,0.105,0.054,1
"Pdk3",0.210631585108202,0.149807084808468,0.276,0.189,1
"D10Wsu102e",0.212697607238893,0.131164020788053,0.355,0.243,1
"Kctd2",0.213080176897212,0.461158048570105,0.224,0.162,1
"Zbtb7b",0.213511111105767,-0.738210179455991,0.092,0.144,1
"Nfyb",0.214481369347247,-0.469886552758772,0.145,0.207,1
"Pa2g4",0.216073760692356,0.241658858902146,0.421,0.306,1
"Nfatc2",0.217685829554265,0.349051578543229,0.289,0.207,1
"Appl1",0.218127368449235,0.0376078986241912,0.158,0.09,1
"Ppp1r12c",0.219353687963464,-0.592621531509888,0.066,0.117,1
"Wnk1",0.219832042044854,0.136626067169617,0.961,0.919,1
"Srsf1",0.221293412207084,0.229483630721129,0.171,0.108,1
"Tnpo2",0.221377570596968,-0.566313531441551,0.066,0.117,1
"Ktn1",0.222187556410113,0.0800523210914442,0.105,0.054,1
"Nek1",0.223498746978391,0.304440509396426,0.184,0.117,1
"Trappc3",0.224479172130035,0.115057827729034,0.105,0.054,1
"Gtf2h5",0.22460943966843,-0.507805609562793,0.197,0.27,1
"Tsr2",0.225465406584154,-0.48951818170438,0.066,0.117,1
"Eef1a1",0.226133523614901,0.25424845640101,0.908,0.838,1
"mt-Nd6",0.227139295389047,-0.445304298542069,0.211,0.279,1
"Tpr",0.227529416900066,-0.546843099921421,0.066,0.117,1
"Cul3",0.22779338384441,-0.0507863234872781,0.25,0.162,1
"Rai14",0.22855218439858,-0.330768106400676,0.5,0.495,1
"Spp1",0.229606859088448,-0.325912000039351,0.066,0.117,1
"Fyco1",0.230143227228454,0.226651098585649,0.408,0.315,1
"Rap2c",0.23020020617697,0.328775015719625,0.171,0.108,1
"Eif3b",0.230420314660334,0.26881977457387,0.184,0.117,1
"Sap30l",0.231853772939484,0.141536211739133,0.211,0.135,1
"Csde1",0.232264450326139,-0.317164318359846,0.303,0.396,1
"mt-Atp8",0.232376726152616,0.417348319633887,0.658,0.568,1
"Pank3",0.23334492547764,0.13722981835438,0.329,0.225,1
"Vegfb",0.233802146460701,-0.646339304046537,0.066,0.117,1
"Rbm17",0.233963523324686,0.406224212569271,0.224,0.153,1
"Qser1",0.234985514873778,0.187880245112521,0.25,0.171,1
"Sdf4",0.235140751748314,0.00421777687380942,0.618,0.468,1
"Ppia",0.236009858351454,0.220781934191764,0.342,0.243,1
"Bag6",0.236388781805173,0.169129143182784,0.276,0.189,1
"Ik",0.237342689915611,-0.493406277131539,0.421,0.441,1
"Erbin",0.238119929015551,0.183957844826104,0.368,0.27,1
"Kdm7a",0.239273024812062,-0.574292019713382,0.079,0.126,1
"Cbfb",0.239401257495497,-0.652540999556724,0.132,0.189,1
"Stk3",0.239644898666267,-0.0493226978472614,0.25,0.171,1
"Pik3r1",0.239860769593541,0.167512504743423,0.882,0.775,1
"Ahnak",0.240169428366502,-0.119983176833315,0.961,0.982,1
"Fam126a",0.241086166553524,0.0673775492577342,0.184,0.117,1
"Spop",0.245340793475468,-0.205779283251831,0.855,0.901,1
"Mturn",0.247566132114988,0.152700996304532,0.75,0.622,1
"Nudc",0.247576787514069,-0.230781882845764,0.711,0.775,1
"Nsfl1c",0.24930989464701,0.104870795361144,0.184,0.117,1
"Hivep1",0.251541299116906,-0.37366735009388,0.079,0.135,1
"Zmynd11",0.252379120074174,-0.279682960808231,0.434,0.495,1
"Tab3",0.253573398040312,0.120691537288299,0.171,0.108,1
"Pnn",0.254115715711719,0.120417145726504,0.474,0.369,1
"Pip4k2b",0.25412722984647,-0.590061992751074,0.132,0.189,1
"Fermt2",0.25415943400246,0.252775755446911,0.158,0.099,1
"Filip1",0.254752578016871,-0.562407724050102,0.618,0.595,1
"Rasal2",0.255049195683257,-0.282977677296502,0.132,0.198,1
"Maz",0.256486150425442,0.170220215704423,0.171,0.108,1
"Metrn",0.256765722202117,0.281901629879241,0.145,0.09,1
"Scd1",0.257105219210819,0.129457228895328,0.776,0.667,1
"Clta",0.257210041206604,0.14865315861995,0.526,0.405,1
"Agtpbp1",0.259224690892642,-0.315423421110831,0.224,0.297,1
"Ccdc124",0.259919935817852,0.0955559341787293,0.197,0.126,1
"Zfp652",0.260219978215676,0.0924181202897603,0.605,0.45,1
"Morf4l1",0.260709427600567,-0.469464801349718,0.211,0.279,1
"Tdrkh",0.26083190899921,0.231831225101688,0.618,0.514,1
"Ddx23",0.261956998050536,0.0333437115091302,0.789,0.631,1
"Kif1a",0.262438454288664,0.102222720592935,0.632,0.523,1
"Psmd2",0.262548484603015,-0.348491209120071,0.105,0.162,1
"Socs4",0.263008587787962,0.248706271865541,0.211,0.144,1
"Ehbp1",0.266360614544196,-0.0756891104607567,0.171,0.108,1
"Metap2",0.267445593203004,-0.425092659911776,0.092,0.144,1
"Bcl7c",0.267597373530886,0.302840683242628,0.197,0.135,1
"Ube2m",0.268366489533358,0.124128492820435,0.171,0.108,1
"Nrbp2",0.269610184410586,0.0258363402727042,0.145,0.09,1
"Ppm1b",0.269683587854387,0.15479253789632,0.263,0.189,1
"Sbspon",0.270393505261378,-0.381032945275911,0.132,0.189,1
"Bcap31",0.271793059880216,0.32731219060409,0.145,0.09,1
"Mier1",0.276320748353012,0.224193650193627,0.132,0.081,1
"Pdap1",0.277218687099269,-0.271239430789047,0.724,0.712,1
"Tchh",0.279698933905398,0.3651905000248,0.395,0.315,1
"mt-Nd2",0.280013247768325,0.304520887678674,0.276,0.198,1
"Mlip",0.280645377627197,0.217635228579018,0.145,0.09,1
"Becn1",0.281012200062447,-0.599333882018046,0.171,0.225,1
"Reep5",0.281274773532376,0.500741698973595,0.105,0.063,1
"Eif4b",0.28225982821231,0.170144563154515,0.566,0.432,1
"Bola2",0.282709786523332,-0.550006113387347,0.079,0.126,1
"Ppp2r5c",0.283890659718135,0.358734033624627,0.105,0.063,1
"Nsa2",0.283890659718135,0.281894799562325,0.105,0.063,1
"Utrn",0.283987812409604,0.0573662858461894,1,0.964,1
"Bcl2l2",0.284971230813233,0.216657692278337,0.816,0.748,1
"Tle5",0.285223625507453,-0.424515250954349,0.303,0.36,1
"Nsrp1",0.285835275117655,-0.49658790434735,0.105,0.153,1
"Ube2k",0.286535459369355,0.301761837881285,0.329,0.243,1
"Sptbn1",0.287092143611861,0.128990192543206,1,1,1
"Ccdc174",0.288295472577854,0.55783295836026,0.211,0.153,1
"Far1",0.289171710497299,0.411068256181651,0.105,0.063,1
"Sbf2",0.292560751612592,0.0539559225468613,0.289,0.198,1
"Plekhm2",0.29321024357608,-0.367151359410389,0.092,0.144,1
"Dock7",0.294518545638884,0.376756816204437,0.105,0.063,1
"Mapkbp1",0.294631021976136,-0.523620520003465,0.066,0.108,1
"Ranbp9",0.296634767612126,0.360613912645339,0.158,0.108,1
"Sorcs1",0.296944982352047,0.120417352411156,0.224,0.162,1
"Pcyt1a",0.297411455329011,0.350838419597941,0.25,0.18,1
"Zfp532",0.297527083521668,0.171999977167388,0.211,0.144,1
"E2f6",0.297687918669873,0.306174465169692,0.132,0.081,1
"Fam3c",0.298726767380342,0.209680160071267,0.184,0.126,1
"Zcchc24",0.298909792873089,0.086072824128713,0.816,0.721,1
"Ak2",0.299931246169407,0.414735746671729,0.105,0.063,1
"Crem",0.301723644914711,0.0767943959062618,0.224,0.153,1
"Ndrg3",0.301760781393642,0.170322057317219,0.329,0.243,1
"Dcn",0.302662316612073,-0.273389980428125,0.105,0.063,1
"Pogk",0.303495751174008,-0.625336559731321,0.132,0.18,1
"Ddx50",0.304616349283008,-0.474964453028406,0.224,0.279,1
"Kctd10",0.304631882749326,0.181495569822735,0.829,0.766,1
"Ap1ar",0.304913758183829,0.254382570275285,0.118,0.072,1
"Tmem33",0.304913758183829,0.189471781713547,0.118,0.072,1
"Usp49",0.305049397714378,0.146823455889142,0.132,0.081,1
"Rom1",0.305049397714378,0.144121087286003,0.132,0.081,1
"Lpar1",0.3054098760339,0.326482662475067,0.105,0.063,1
"Ilk",0.30640485615902,-0.559848579724127,0.158,0.207,1
"Cd24a",0.307504730586657,-0.0835989202186824,0.224,0.153,1
"Polr2m",0.310006937840533,-0.592391451216776,0.092,0.135,1
"Aatk",0.310954481860359,0.435472608295349,0.105,0.063,1
"Mast2",0.311260070634255,0.170638247651154,0.184,0.126,1
"Pdxdc1",0.313751535538971,0.368306341323847,0.105,0.063,1
"Dnal1",0.314759380518792,0.143302405392064,0.197,0.135,1
"Timp3",0.315003960245703,0.156243992902165,0.303,0.234,1
"Kif5b",0.315524948809424,0.113720539654129,0.776,0.604,1
"Akt1",0.315571146193091,-0.047383830947068,0.145,0.09,1
"Serbp1",0.316834785041593,0.161285696841705,0.342,0.261,1
"Cavin1",0.318128438140752,-0.419624479420166,0.526,0.532,1
"Nudt4",0.318586912470865,-0.227296123322675,0.158,0.216,1
"Zbtb44",0.319395154293167,0.143875804399705,0.105,0.063,1
"Tmx1",0.320779305441433,-0.408568648225088,0.066,0.108,1
"Rlim",0.321216568911503,-0.0702668851223613,0.25,0.171,1
"Itgb1",0.323011942681474,0.188037671506195,0.263,0.198,1
"Tulp4",0.3234750928967,0.073737862312911,0.118,0.072,1
"Fam81a",0.323674500955626,0.204557411736196,0.671,0.559,1
"Ptprt",0.324518579098887,0.167179193879416,0.303,0.234,1
"Scrn1",0.325292011695387,0.120178243107491,0.711,0.577,1
"Ccdc137",0.326185601772376,-0.11829419289821,0.118,0.072,1
"Zeb1",0.327853005559786,-0.220882138534126,0.553,0.586,1
"Cep250",0.331804561995345,-0.544320566909297,0.145,0.189,1
"Stk11",0.332316245816307,-0.348553817820614,0.224,0.27,1
"Cdk19",0.333253985074511,-0.421528545826863,0.197,0.243,1
"Nop14",0.336329647436475,0.421989961631574,0.132,0.09,1
"Fnta",0.336487497446086,0.241066626456057,0.145,0.099,1
"Chmp5",0.337599772328811,0.119788629594013,0.237,0.171,1
"Luc7l2",0.338586066980802,-0.269971136041623,0.671,0.667,1
"Eif3e",0.339667541950712,0.0929881836353569,0.105,0.063,1
"Gfra1",0.340274998239008,-0.508663148972887,0.132,0.18,1
"Zeb2",0.341861883899655,-0.131174076705383,0.961,0.919,1
"Naa15",0.342245426775299,0.213167183704789,0.329,0.27,1
"Zfp462",0.342614208696182,0.218044889072776,0.158,0.108,1
"Os9",0.343983205412705,0.312213352247843,0.342,0.261,1
"Ppig",0.345571036231664,-0.0339744287612739,0.118,0.072,1
"Ncbp3",0.345607985024036,-0.0363088573944396,0.105,0.063,1
"Pmvk",0.346288375474661,0.202225188748113,0.211,0.153,1
"Arl3",0.346685664290922,-0.29090555861339,0.211,0.261,1
"Rab6a",0.347344390686602,0.0713224209873686,0.171,0.117,1
"Dst",0.351611530455771,-0.119544492159643,0.513,0.541,1
"Nbeal1",0.351734291635579,0.0249747727511086,0.132,0.081,1
"Itsn1",0.35374357899243,-0.260033280477969,0.474,0.495,1
"Ccser2",0.353909150561095,-0.289987017290461,0.776,0.739,1
"Rabl6",0.356633661147299,-0.412719600812168,0.092,0.135,1
"Cbx6",0.357916834673394,-0.365042076676923,0.092,0.135,1
"Net1",0.359541473647788,0.425386185892487,0.342,0.288,1
"Metrnl",0.360746741002688,-0.0747894544158542,0.105,0.063,1
"Anxa7",0.362693252212177,-0.464370224169343,0.079,0.117,1
"Synpo2",0.363107335682463,-0.351391162456081,0.329,0.36,1
"Calm3",0.364495365271321,-0.148285910348515,0.934,0.874,1
"Micu2",0.365404354276472,0.0416024987851165,0.434,0.315,1
"Hipk1",0.367152318370747,0.0804740835613336,0.605,0.495,1
"Cd63",0.367315130748808,0.1987819279106,0.224,0.162,1
"Gxylt1",0.36749665241968,-0.493106900326146,0.237,0.27,1
"Pcyox1",0.367848112710091,0.173851894262216,0.25,0.198,1
"Plaat3",0.371550969728495,0.037895617188444,0.066,0.108,1
"Hpf1",0.371712013914322,-0.474063086882128,0.118,0.162,1
"Gcsh",0.372231617567179,0.222198692655413,0.145,0.099,1
"Nek9",0.373337045348617,0.187185522795597,0.592,0.505,1
"Sema3b",0.376411664626646,0.394365795259542,0.132,0.09,1
"Copa",0.376689046744221,-0.112144435997782,0.079,0.117,1
"Myo10",0.378166153446251,-0.274092343741035,0.105,0.153,1
"Wipf1",0.378396649914468,-0.164931057380058,0.474,0.505,1
"Foxn2",0.378711331136967,0.406800108476986,0.355,0.315,1
"Kat6b",0.379936044105527,-0.386039491493603,0.105,0.144,1
"Ankrd50",0.380227938342995,0.0308841951828596,0.395,0.297,1
"Fam13b",0.382082954932513,0.259364323295055,0.197,0.153,1
"Gsn",0.382391398634105,-1.35055063787908,0.184,0.225,1
"Prpf38a",0.382401013421681,0.351255179451081,0.118,0.081,1
"Aip",0.382561324948566,-0.153514358043557,0.197,0.252,1
"Add1",0.38509458096214,-0.472260278824232,0.105,0.144,1
"Hsbp1",0.385547794889632,-0.365838167183067,0.092,0.135,1
"mt-Nd5",0.386355365335338,-0.124921546837265,0.434,0.324,1
"Ttc33",0.388122184125156,-0.45404131407226,0.079,0.117,1
"Galnt1",0.388122184125156,-0.346308586476245,0.079,0.117,1
"Thap12",0.388466531798703,0.250490814795647,0.184,0.135,1
"Odc1",0.388466531798703,-0.728231580496155,0.132,0.171,1
"Dnajc8",0.388583973889042,0.0636061301848707,0.197,0.144,1
"Crybg3",0.391202502374339,-0.635484705084345,0.118,0.153,1
"Mpp6",0.392166198429817,0.0552781060186955,0.355,0.261,1
"Golgb1",0.39305984164052,0.1081601433052,0.329,0.27,1
"Apod",0.393493675284842,-0.638147056720953,0.25,0.297,1
"Mink1",0.394304382305445,-0.493668580077935,0.237,0.279,1
"Ston1",0.395275316099916,0.216014145058228,0.566,0.505,1
"Ythdc1",0.395713334985619,-0.383366590191999,0.132,0.171,1
"Ap3b1",0.395889550639021,0.120605108984255,0.263,0.198,1
"Tbc1d9b",0.396949852764153,-0.294292962316292,0.408,0.45,1
"Fmnl2",0.396962407361721,-0.00496937859755819,0.645,0.55,1
"Mapre1",0.399640396117963,0.0513893779884591,0.724,0.613,1
"Cldnd1",0.399649314041156,-0.377287659197834,0.263,0.306,1
"Ankrd11",0.401387030192153,-0.17069301749327,0.171,0.117,1
"Haus1",0.402971409827411,0.385632360226514,0.105,0.072,1
"Tcf20",0.403686506738979,-0.276980697514604,0.579,0.55,1
"Nras",0.40566544288122,-0.466704454400712,0.224,0.261,1
"Rab8b",0.406836987413637,0.123726001989185,0.224,0.171,1
"Zc3h15",0.409327054138681,0.0238743052124826,0.25,0.18,1
"Vapb",0.409846226338681,0.169853265499845,0.526,0.432,1
"Szrd1",0.411789192769104,-0.0637298882824306,0.263,0.198,1
"Akap12",0.413252421819816,-0.0158681387054913,0.329,0.261,1
"Eea1",0.413433012158136,0.200181621705369,0.132,0.09,1
"Fxr1",0.415348130771453,-0.250305024702517,0.118,0.162,1
"Pabpn1",0.415433503464885,-0.49727884745207,0.132,0.171,1
"Nsd1",0.416367416732106,0.0736464218216629,0.132,0.09,1
"Bcl2l1",0.418527977191358,0.256807466963425,0.118,0.081,1
"Rsbn1l",0.419104298835831,0.422216912420477,0.105,0.072,1
"Wdr66",0.419411674463825,0.0441826531164173,0.25,0.189,1
"Specc1l",0.420200904518219,-0.378549302288471,0.487,0.486,1
"Peli2",0.420636352280822,-0.262173037178827,0.079,0.117,1
"Ugt8a",0.423142907843527,0.103739000750226,0.355,0.288,1
"Faim",0.42404708852743,0.0397469488777635,0.342,0.261,1
"Ccpg1",0.424738679307721,0.0215906968928996,0.118,0.081,1
"Kras",0.425219045001266,-0.155243689897008,0.882,0.847,1
"Smarcc2",0.425415231952583,0.0443215972288247,0.829,0.73,1
"Lrch1",0.426715310980592,-0.227531886268213,0.079,0.117,1
"Ttc1",0.426776153788467,0.160830994947079,0.184,0.135,1
"Krcc1",0.428415883449344,0.0036673876953488,0.526,0.405,1
"Fam204a",0.428533672247671,0.401950157283549,0.263,0.216,1
"Ptp4a2",0.428939194655158,0.397285366532064,0.171,0.135,1
"Vim",0.429357463428628,-0.0137104997123334,0.842,0.757,1
"Zdhhc3",0.429398321919187,0.234248197028556,0.197,0.153,1
"Rock2",0.429773896921203,-0.285306090976244,0.079,0.117,1
"Tnfsf12",0.430542768682192,-0.00519657656735473,0.25,0.189,1
"Qk",0.430652318963995,-0.0916232623039948,1,0.991,1
"Ubxn2a",0.431002906561967,-0.499299427902558,0.079,0.108,1
"Clock",0.43122271425641,-0.0687605598140746,0.132,0.09,1
"Lin7c",0.43184464184354,0.288133179321236,0.289,0.243,1
"Usp46",0.431887354522862,0.0710965513582011,0.5,0.405,1
"Amotl1",0.432249653756699,0.0671293028044291,0.829,0.748,1
"Vps50",0.432279958518947,0.181659321945531,0.105,0.072,1
"Zfp180",0.433481063176091,0.219921460476313,0.211,0.162,1
"Akt3",0.435516433654172,0.0902417492004068,0.711,0.667,1
"Psmd7",0.435979723788177,-0.172975471429808,0.645,0.595,1
"Zc3h7b",0.436686751474979,0.0395494435007842,0.382,0.306,1
"Rhoq",0.437320390073098,0.227905381916122,0.118,0.081,1
"Zfp106",0.439227153402494,-0.0940933829663937,0.684,0.766,1
"Scarb2",0.439355183184389,0.349072692587484,0.171,0.135,1
"Sptb",0.440126605133311,-0.00611115835443776,0.895,0.901,1
"Ppm1m",0.442193453383497,-0.677047754543152,0.145,0.171,1
"Mtr",0.442633057204043,-0.284043243102932,0.092,0.126,1
"Smc1a",0.442633057204043,-0.436560770462698,0.092,0.126,1
"Mapk3",0.444604951447492,-0.323741278680298,0.25,0.288,1
"Phf21a",0.445584113034733,0.194942592801365,0.211,0.162,1
"Smim10l1",0.44569237582993,0.0732833483733859,0.105,0.072,1
"Trip10",0.44569237582993,0.215860056335658,0.105,0.072,1
"Plekha4",0.446914616489069,-0.0523760543188665,1,1,1
"Armcx3",0.447102413366334,-0.027395375086567,0.197,0.144,1
"Gspt1",0.448027530373704,0.0819529195182009,0.211,0.162,1
"Ctnna1",0.449082155713698,0.248507959592635,0.105,0.072,1
"Fundc1",0.449082155713698,0.137360275608633,0.105,0.072,1
"Smc3",0.450113977079557,0.0294153827608189,0.118,0.081,1
"Aktip",0.450567472466414,0.319713585299011,0.645,0.586,1
"Coq2",0.451629921650931,-0.296309613822358,0.092,0.126,1
"Usp47",0.451629921650931,-0.239428762450203,0.092,0.126,1
"Tmsb10",0.452337983790869,0.101323704840067,0.224,0.171,1
"Ddn",0.455053466482919,-0.0627896397184113,0.171,0.126,1
"Limch1",0.455529575629977,0.088730744100606,0.908,0.847,1
"Gtf3c6",0.455953331961901,0.0631996298653537,0.224,0.171,1
"Pmp2",0.456178700693396,-0.0867017662281722,0.316,0.243,1
"Chmp4b",0.456311197382406,-0.409513599118773,0.105,0.135,1
"Ppm1a",0.456944704214773,-0.0499788097745597,0.487,0.351,1
"Eef1d",0.457171736939783,-0.330341649114174,0.237,0.27,1
"Asph",0.458230585964226,-0.0520731449025327,0.158,0.117,1
"Pex5l",0.460294971900974,0.132496959212739,0.355,0.279,1
"Hipk3",0.461613399209826,0.15154827277851,0.632,0.568,1
"Mt3",0.461720202526331,-0.154871735292512,0.105,0.144,1
"Thoc7",0.462786595401058,0.119107337299674,0.105,0.072,1
"Map1b",0.463516596749014,0.0629181460531463,0.974,0.973,1
"Arhgef10",0.463785063839376,-0.321422412302721,0.092,0.126,1
"Bcas1",0.465199392790003,0.0292649931291837,1,0.991,1
"Msh2",0.46640016551881,-0.361524220461076,0.079,0.108,1
"Nrd1",0.468143006044645,0.128398213885088,0.553,0.468,1
"Kpna6",0.469696214109682,-0.0484864159439211,0.118,0.081,1
"Efcc1",0.469725318567821,-0.0788599619950269,0.105,0.072,1
"Akap8l",0.469725318567821,0.0317567819494452,0.105,0.072,1
"Hnrnph3",0.471528971623662,-0.517452687435005,0.355,0.351,1
"Mbd2",0.473019711664291,-0.281171906822629,0.092,0.126,1
"Hipk2",0.473682127941387,0.170810275774165,0.829,0.739,1
"Flot2",0.474290246863278,0.21221099689503,0.171,0.126,1
"Tjp1",0.477074372434382,-0.0870429978477485,0.171,0.126,1
"Mib1",0.478771764360173,-0.231407014135692,0.671,0.622,1
"Pacs2",0.479484475547498,0.0644005057395569,0.263,0.207,1
"Fam32a",0.480467116879963,-0.120846963063198,0.224,0.171,1
"Ube2r2",0.480915201773759,-0.108779436970246,0.25,0.198,1
"Slc30a9",0.481084631528015,0.141544420814796,0.158,0.117,1
"Smtn",0.483824283734177,0.358272692558687,0.171,0.135,1
"Ddx42",0.484471008784366,0.145266921231328,0.145,0.108,1
"Evi5l",0.485562861159308,0.435428377753579,0.158,0.126,1
"Tpm1",0.486301544077085,-0.558611396231948,0.197,0.225,1
"Padi2",0.486368031903745,-0.270078718506691,0.079,0.108,1
"Phf10",0.486847478931852,-0.261009203524795,0.197,0.234,1
"Mrfap1",0.486994000815142,-0.158232693666603,0.118,0.153,1
"Ttc9",0.488299815589798,-0.174647336491788,0.171,0.126,1
"Sdha",0.489561349979205,0.1640014914342,0.329,0.279,1
"Mfsd6",0.490882423420634,-0.042648446425442,0.105,0.072,1
"Fam50a",0.492448694725889,-0.4166621484052,0.355,0.369,1
"Smad4",0.494955438083133,-0.211932364531931,0.092,0.126,1
"Plp1",0.496363426182181,-0.168957389926288,0.132,0.162,1
"Ywhah",0.496542811678239,0.274661022931471,0.132,0.099,1
"Nap1l1",0.497055353729071,-0.585426528874487,0.158,0.18,1
"Chst2",0.497060241907225,0.131799161891018,0.329,0.279,1
"Auts2",0.4971796492427,-0.39849875976808,0.158,0.189,1
"Arrdc4",0.498046920231726,-0.0681640001416778,0.105,0.072,1
"Ccdc82",0.498390657017473,0.204849447512252,0.237,0.198,1
"Mpz",0.500841390511038,0.775241075036352,0.671,0.604,1
"Hmgcs1",0.501108494019645,-0.0601588782203915,0.461,0.369,1
"mt-Co1",0.50294593058356,0.181832813434076,0.526,0.468,1
"Pja2",0.504281746927342,0.149349889954644,0.263,0.216,1
"Sh3bp5",0.506123779488962,0.0945279364205767,0.132,0.099,1
"Gtf2i",0.50980125091367,0.328788551772397,0.105,0.081,1
"Csnk1g2",0.510446505972227,-0.271562118990674,0.513,0.532,1
"Eef1b2",0.511955055182492,0.0717440840920514,0.395,0.333,1
"Rnf214",0.512564710118857,0.113514079830415,0.132,0.099,1
"Pkp4",0.513105925782746,-0.349971337692393,0.197,0.225,1
"Dync1h1",0.513348061267215,0.327663933525611,0.5,0.486,1
"Rexo2",0.513695068669345,-0.300322519371675,0.079,0.108,1
"Jam3",0.5166596565065,-0.25544546131207,0.105,0.135,1
"Gabarapl2",0.517166272206614,-0.156179768240831,0.079,0.108,1
"Deptor",0.518551372573375,0.184502122694215,0.184,0.153,1
"Nuak1",0.520483963425076,0.526142613213034,0.105,0.081,1
"Ddx24",0.520483963425076,0.352636566865401,0.105,0.081,1
"Sccpdh",0.521151251429999,0.371957831658764,0.132,0.108,1
"Msl1",0.521346856712396,0.0898267793848935,0.145,0.108,1
"Crebl2",0.521555847493477,0.0925978007507764,0.974,0.937,1
"Lonp1",0.522028492353682,0.335138887658534,0.158,0.126,1
"Kif5c",0.524221461795888,0.388834140713272,0.276,0.225,1
"Dars",0.525039417300269,-0.301060421378576,0.224,0.171,1
"Golga7",0.525355470790547,-0.627369891178634,0.158,0.18,1
"Ptpn12",0.527076189871605,-0.611247392532672,0.118,0.144,1
"Arpc2",0.530817701338898,0.0620992400378453,0.224,0.18,1
"Otud7b",0.533326755568365,-0.145170658436355,0.658,0.685,1
"Vps41",0.535194630740206,-0.344819008478291,0.145,0.18,1
"Brf1",0.535890183007988,0.120193155371184,0.355,0.297,1
"Cux1",0.536230068787619,-0.511340407339858,0.118,0.144,1
"Cbx5",0.536430267943566,0.19274488986709,0.513,0.477,1
"Itm2b",0.536999530681261,-0.0995495014670205,0.118,0.153,1
"Ahcyl2",0.537177575906186,-0.169903686607126,0.842,0.865,1
"Trim44",0.537362637335955,0.0590202481922475,0.895,0.757,1
"Cdc42bpa",0.538479678232087,-0.0298117763079828,0.421,0.333,1
"Grb14",0.538541388630023,0.314468091224825,0.105,0.081,1
"Nfe2l1",0.538682679634747,-0.00547967997288623,0.974,0.946,1
"Ipo8",0.540836296874451,-0.372619433497896,0.118,0.144,1
"Ptma",0.542907995848505,-0.380187415841502,0.171,0.198,1
"Fer",0.545003896587943,-0.494602086514102,0.132,0.153,1
"Pfdn2",0.545529125796461,-0.0958498237363967,0.461,0.351,1
"Ttc3",0.546878697108156,-0.0160561500978469,0.355,0.297,1
"Sh3pxd2a",0.546904439212354,0.0148588842116535,0.987,0.982,1
"Cldn19",0.547421006858235,-0.0430840901620178,0.382,0.315,1
"Srp68",0.548201563162027,-0.396091930394864,0.132,0.162,1
"Arhgef12",0.548610820231267,-0.206912371368716,0.276,0.216,1
"R3hdm2",0.55082118111289,0.0629533038226859,0.447,0.414,1
"Phf14",0.55091620566859,0.329574008333371,0.145,0.117,1
"Synj2bp",0.554705664623467,-0.508814682055234,0.316,0.315,1
"mt-Nd3",0.555995442255546,-0.376176906833148,0.197,0.225,1
"Gar1",0.556375759099202,-0.238020901803783,0.145,0.108,1
"Ppp1r12a",0.556805246489212,0.176957183872074,0.118,0.09,1
"Glod4",0.559645400210433,-0.333920114482139,0.145,0.171,1
"Fau",0.560653683569748,-0.0795195779648317,0.145,0.18,1
"Dhx15",0.562382353554836,0.0299075798720023,0.224,0.18,1
"Nsun2",0.562842071897654,-0.344236110960546,0.237,0.252,1
"Paf1",0.563871462351132,0.0820856817557942,0.118,0.09,1
"Nsd3",0.563871462351132,0.101159496587796,0.118,0.09,1
"Hnrnpul2",0.564136878655505,-0.0499216117370915,0.618,0.577,1
"Purb",0.564534554252094,0.149359149465314,0.697,0.622,1
"Diaph2",0.565587986828054,0.0580507454650181,0.132,0.099,1
"Sptan1",0.566570900240378,0.162201600502248,0.855,0.847,1
"Caprin1",0.567940901120299,-0.342130551620397,0.553,0.514,1
"Dynll2",0.572787356042322,0.0380860863439434,0.961,0.928,1
"Igip",0.573225140250976,0.0884215915905453,0.355,0.315,1
"Pmp22",0.574180006209132,0.345279801455256,0.395,0.342,1
"Hdlbp",0.575954455568079,-0.247082829379098,0.145,0.108,1
"Ilrun",0.577744215826766,0.168588251118699,0.632,0.622,1
"Golim4",0.578451989433601,0.0228862345873433,0.171,0.207,1
"Usp9x",0.578579476952974,-0.0446376801723172,0.197,0.153,1
"Tln1",0.579961530975591,-0.33830067170867,0.211,0.234,1
"Zc3h4",0.58010596888372,-0.0850567380705822,0.184,0.144,1
"St13",0.58172361236746,-0.0391834427718361,0.118,0.09,1
"Zrsr2",0.582654119335312,0.129369559157252,0.276,0.225,1
"Tlk1",0.585325498176514,-0.189005981614976,0.118,0.09,1
"Arfip2",0.585325498176514,0.148564835889253,0.118,0.09,1
"Serpinb6a",0.586015339601307,-0.223968131469045,0.145,0.171,1
"Lsm14a",0.586337482630579,0.0646015919443741,0.526,0.45,1
"Kcnmb4",0.586913765783072,0.298249222058499,0.105,0.081,1
"Mbd3",0.587282838813838,-0.301689414737584,0.566,0.55,1
"Cfap36",0.588937709264325,0.0343363218021342,0.118,0.09,1
"Tex2",0.589819459341985,-0.218132220930569,0.658,0.613,1
"Chchd2",0.591952487160891,-0.0665569904952106,0.184,0.144,1
"Clmn",0.592995207449068,-0.152012785580943,0.197,0.153,1
"Crebrf",0.595469154529404,-0.301248560940709,0.421,0.432,1
"Snx13",0.596345086557043,-0.291930026280713,0.171,0.189,1
"Nes",0.598359927941132,-0.0874155956602918,1,0.982,1
"Dnajb6",0.598905507772546,-0.308292490418831,0.276,0.297,1
"Fxyd6",0.603908860568483,0.069996540781895,0.184,0.144,1
"Dusp3",0.60463595710336,-0.0122342015662644,0.658,0.595,1
"Purg",0.605868490254394,-0.188548252107234,0.289,0.234,1
"Zranb2",0.606914820771283,-0.15677920633652,0.184,0.144,1
"Fbxo30",0.606928186420228,-0.140909454245344,0.158,0.126,1
"Canx",0.608074099402651,0.0423217809178338,0.355,0.297,1
"Dclk3",0.609898363933584,-0.00422633194753452,0.105,0.081,1
"Tgfb3",0.613053925860873,0.0485574548179573,0.434,0.387,1
"Ssr1",0.614991969498083,-0.234679416321703,0.289,0.315,1
"Cflar",0.617403650695707,-0.00809072882385209,0.447,0.378,1
"Syf2",0.618088884483776,-0.153120514776453,0.605,0.622,1
"Mphosph8",0.61901446285871,-0.130236133196326,0.171,0.198,1
"Fxyd7",0.619350792618712,0.676334426277809,0.184,0.162,1
"Baz1b",0.619669028665688,-0.0853991422377141,0.132,0.162,1
"Bmi1",0.620020149240636,-0.322306537995873,0.197,0.216,1
"Actr2",0.621610515261345,0.134029397396168,0.368,0.333,1
"Tuba1a",0.623578816727569,-0.1186502132956,0.803,0.712,1
"Flot1",0.623897514388822,-0.294594473706274,0.184,0.207,1
"Aamdc",0.624366191551103,-0.184298745356287,0.171,0.135,1
"Habp4",0.624726821086844,-0.210410248428802,0.171,0.198,1
"Sesn3",0.625365031423249,-0.31879953086509,0.132,0.153,1
"Prrg3",0.625611911246277,-0.466333019574041,0.092,0.108,1
"Tmod2",0.626035351853178,0.0226443659780049,0.276,0.243,1
"Dusp19",0.627602482754317,-0.509645955648368,0.224,0.234,1
"Prrc2c",0.627895153339557,0.175073019775706,0.171,0.144,1
"Samd4",0.629269345653226,0.00197585175086878,0.697,0.694,1
"Apbb1",0.634475590920258,-0.459560238417051,0.197,0.207,1
"Rhobtb3",0.635368534024616,0.0527765403098681,0.513,0.45,1
"Csrp1",0.638168895021877,-0.207394915027227,0.132,0.153,1
"Vamp8",0.639689721508494,-0.256578468292163,0.263,0.279,1
"Gria3",0.640048697700789,-0.17400740423543,0.276,0.225,1
"Pdlim2",0.641956331803503,-0.192533246492611,0.25,0.207,1
"Lrrc4c",0.644310440077291,-0.207329020219237,0.118,0.09,1
"Rcn1",0.645719981425107,0.208007175230353,0.342,0.306,1
"Ccng1",0.645752953203235,-0.162343827257907,0.105,0.126,1
"Nek7",0.647563206314133,0.179002960018716,0.75,0.712,1
"Chp1",0.647773981149126,-0.263683666967671,0.25,0.261,1
"Zfp644",0.648077810478727,-0.139321111282217,0.118,0.09,1
"Uhmk1",0.64833326572107,-0.367816798349684,0.289,0.297,1
"Rida",0.649286260253621,-0.24467010526964,0.105,0.126,1
"Ahcyl1",0.650351738226618,-0.117719251573481,0.289,0.234,1
"Impact",0.651031085943605,-0.0963459682747716,0.184,0.153,1
"Smox",0.651854213098539,-0.506765896656911,0.092,0.108,1
"Srsf11",0.651854213098539,-0.336409313517427,0.092,0.108,1
"Cd99l2",0.653039344240389,-0.189514347588286,0.105,0.081,1
"Ttl",0.655532692777088,0.0662701865082509,0.224,0.189,1
"Gnai1",0.656376530855646,0.00484566652915119,0.132,0.108,1
"Nf2",0.656841025634014,-0.0669286624492385,0.645,0.559,1
"Setd3",0.657161647371857,-0.221901028560116,0.421,0.405,1
"Cdc37",0.657205893590087,-0.292969472407458,0.171,0.189,1
"Supt5",0.65818432325442,0.00782157355537283,0.355,0.306,1
"Rassf8",0.658999375958083,-0.636494199616539,0.132,0.144,1
"Anxa2",0.659933357716916,-0.413645775689687,0.132,0.108,1
"Adam10",0.660515803240937,0.0241276272683759,0.908,0.847,1
"Ccdc9",0.66280233348218,0.114811974485256,0.487,0.441,1
"Cdh19",0.663497886945047,-0.0290102241345255,0.132,0.108,1
"Snrnp35",0.664948999625786,-0.177028505396102,0.145,0.117,1
"Abi1",0.667476875900539,0.00433958817407842,0.237,0.198,1
"Slc27a1",0.668959785900196,-0.453959171696393,0.132,0.144,1
"Mfap3l",0.669148994793558,-0.0538170358757044,0.25,0.207,1
"L3mbtl3",0.672269895331904,0.12221876868444,0.118,0.099,1
"Psmc5",0.67230774913332,-0.203212066634811,0.434,0.441,1
"Bccip",0.672945663330007,0.181088937463066,0.303,0.27,1
"Plekhb2",0.673097637683243,0.0534081961754782,0.579,0.523,1
"Arpc5",0.674236989652047,-0.0839597214364993,0.105,0.126,1
"Ddx1",0.675529510287883,-0.210997908764989,0.342,0.279,1
"Gna12",0.67601704323529,0.239529016161799,0.237,0.216,1
"Ciz1",0.676141291762226,-0.400892530385009,0.184,0.198,1
"March8",0.678534914394049,-0.250109557953342,0.092,0.108,1
"Dek",0.678534914394049,-0.385483614663275,0.092,0.108,1
"Stau1",0.6789787936293,-0.465240882880018,0.132,0.144,1
"Pcdh9",0.6789787936293,-0.324890607060135,0.132,0.144,1
"Trak2",0.680951114077399,-0.0465887897776618,0.803,0.739,1
"Mfap5",0.682228247896366,-0.222248948612632,0.118,0.135,1
"Luc7l",0.682380546271379,-0.363486053937283,0.092,0.108,1
"Bod1l",0.687371234796954,-0.0899102082765058,0.158,0.126,1
"Jcad",0.690418273545502,-0.125912338977104,0.671,0.658,1
"Dedd",0.691075246430804,0.0914973612358407,0.118,0.099,1
"Helz",0.691075246430804,0.243954784197073,0.118,0.099,1
"Snca",0.69136121268605,-0.00760279006681452,0.237,0.198,1
"Pkn1",0.691929418713713,-0.120614853771749,0.342,0.36,1
"Scp2",0.693463153251551,-0.131165943272995,0.211,0.171,1
"Hnrnpu",0.693966677393388,-0.293554188520863,0.092,0.108,1
"Use1",0.694620155300817,-0.169084770026189,0.474,0.45,1
"Sept11",0.69681061277771,0.0191775293218694,0.474,0.414,1
"Ccdc91",0.696811002912932,0.194498561472335,0.171,0.153,1
"Aldh7a1",0.697017572594818,-0.424802608971703,0.197,0.207,1
"Dcaf8",0.697353637700234,-0.450718627450547,0.105,0.117,1
"Pole3",0.699675341166162,-0.130948891004236,0.118,0.135,1
"Ufm1",0.701030127451555,-0.167822490639669,0.237,0.252,1
"Top1",0.701069432781181,-0.501671135934824,0.105,0.117,1
"Cyb5b",0.70281487632337,-0.279644598796348,0.197,0.207,1
"Nacc2",0.702862961255897,0.141494366820346,0.684,0.649,1
"Sema5a",0.704237826888768,-0.0825142059820647,0.289,0.252,1
"Camsap2",0.705184534215469,0.0614242450713649,0.197,0.171,1
"Fcho2",0.708761982212883,-0.0476540015499674,0.408,0.342,1
"Sae1",0.710115597896937,0.0655312038035134,0.289,0.261,1
"Cd2bp2",0.710633114496302,0.111171211658518,0.184,0.162,1
"Cfdp1",0.71155764674631,-0.0124835203788056,0.211,0.18,1
"Hdgf",0.713434490276028,-0.228189943063916,0.263,0.27,1
"Trir",0.713435626034855,-0.0620624417262694,0.092,0.108,1
"Stk39",0.713757350042285,-0.0742803168446686,0.158,0.18,1
"Keap1",0.713772971438831,-0.0642484649962416,0.171,0.144,1
"Kif21a",0.714323340219626,-0.197865945597563,0.237,0.189,1
"Rrbp1",0.714637630326974,-0.385210963944045,0.355,0.351,1
"Gnai2",0.716003455549904,-0.35285644422507,0.105,0.117,1
"Kmt5a",0.716890034582366,-0.0455797912130667,0.553,0.486,1
"Cttnbp2nl",0.717777427234528,-0.398301141985625,0.224,0.225,1
"Hspa12a",0.718164710452713,-0.0386899714020519,0.447,0.396,1
"Max",0.720511171342611,-0.378710329369947,0.184,0.189,1
"Gkap1",0.721276625836326,-0.196699202553701,0.092,0.108,1
"Aebp2",0.721519092231566,-0.0675533882660706,0.132,0.108,1
"Ube2h",0.72356833799385,-0.213911519184459,0.171,0.144,1
"Naca",0.726843641866051,-0.176617185919088,0.145,0.162,1
"Cox7a2l",0.726986140981128,0.147495563088671,0.474,0.45,1
"Car11",0.727276085842252,-0.33309940542281,0.105,0.117,1
"Npm1",0.728163122142063,-0.179617978841599,0.25,0.261,1
"Adcy1",0.729397128736358,-0.0428589579940919,0.855,0.829,1
"Desi1",0.731478722291508,-0.256099148097669,0.118,0.135,1
"Rbms2",0.731487730788343,-0.036049569413418,0.329,0.342,1
"Nexn",0.732147211777391,-0.430570917201532,0.158,0.162,1
"Sec63",0.733237631544528,0.00323780737986157,0.539,0.532,1
"Rprd1a",0.734824276973603,-0.265526439028167,0.105,0.117,1
"mt-Nd4l",0.736485248013087,0.0620096186615893,0.421,0.378,1
"Gnl1",0.736787026753487,-0.173156763661355,0.263,0.261,1
"Pdcd4",0.73840758769132,-0.0808538783898638,0.408,0.351,1
"Foxo4",0.739216641103065,-0.000395090967145073,0.961,0.91,1
"Tspyl2",0.743690619924982,-0.338265709099251,0.132,0.144,1
"Ccdc47",0.743771422388456,0.124080028097536,0.303,0.342,1
"Usp12",0.74472052125382,0.0281374395871049,0.118,0.099,1
"Scd2",0.746582908367816,0.000512159727111161,0.303,0.279,1
"Tnks1bp1",0.747152005608156,-0.268616029424193,0.132,0.144,1
"Lmna",0.748108189374324,-0.305746714399562,0.289,0.297,1
"Plekha7",0.748486765589396,0.00127379036289232,0.132,0.117,1
"Zfp91",0.748983984589766,-0.120410839667668,0.592,0.55,1
"Sncg",0.749051640687583,-0.460223747689324,0.474,0.414,1
"Rp2",0.749098424654666,-0.0654749668101428,0.105,0.09,1
"Arcn1",0.749997088472036,-0.236322571153832,0.105,0.117,1
"March6",0.750482150748637,0.0898734118945863,0.632,0.559,1
"Anp32a",0.7510270690335,-0.0322888511885449,0.855,0.793,1
"Zhx1",0.754268813254056,0.00485514694323408,0.658,0.586,1
"Fbxo32",0.75446528547102,0.0204600379642976,0.158,0.135,1
"Psmc3",0.755172986215385,-0.496398406398098,0.211,0.207,1
"Hnrnpm",0.755637715865347,-0.0531214124056416,0.25,0.27,1
"Arf3",0.756168620505519,-0.433796034747515,0.25,0.252,1
"Hira",0.756168993763083,-0.274519149794994,0.25,0.252,1
"Rap1a",0.756389483585672,-0.139192264845608,0.118,0.099,1
"Pnrc1",0.756389483585672,-0.122880740501747,0.118,0.099,1
"Ppfibp1",0.756541194792186,-0.212146450791007,0.395,0.396,1
"Ddx6",0.756812250552719,0.0268822003069211,0.211,0.225,1
"Sipa1l1",0.758974243004672,-0.0850878535660531,0.263,0.279,1
"Ank3",0.759344546948785,-0.205186111513121,0.237,0.243,1
"Hsp90b1",0.759936326915229,-0.115652440866971,0.368,0.315,1
"Ensa",0.760692580176184,-0.278084277519438,0.25,0.261,1
"Phactr2",0.760768257020115,-0.15635277051763,0.303,0.27,1
"Epb41l2",0.76129503654786,0.00329944762919965,0.75,0.739,1
"Phldb1",0.761310584275518,0.00425563280401287,0.132,0.117,1
"Yaf2",0.761354485203274,0.0210730114637591,0.105,0.09,1
"Zmym4",0.761945400287835,0.125053290953325,0.118,0.135,1
"Gatm",0.763325398210007,-0.108052454028604,0.408,0.45,1
"Armcx1",0.763749963066056,0.00536935984856513,0.118,0.135,1
"Myo18a",0.764673220202381,0.372189950125601,0.211,0.198,1
"Srsf5",0.765453353089456,0.0181733347293466,0.105,0.09,1
"Suds3",0.765715591357117,-0.129087935332072,0.355,0.351,1
"Ubtf",0.76652135377627,-0.0269624603469736,0.145,0.162,1
"Upf3a",0.766806551433567,-0.00904976546571534,0.461,0.414,1
"Ctnnb1",0.770436311032799,0.0371996336367597,0.421,0.387,1
"Kdm3b",0.770454207154813,-0.0709156111600622,0.25,0.207,1
"Atf5",0.771332604914252,-0.0701948170124422,0.276,0.288,1
"Naa35",0.771521035391068,-0.337039503461636,0.132,0.144,1
"Mfn2",0.772001899834554,0.237089787811396,0.539,0.514,1
"Atp1a1",0.772937102281569,-0.137276036593882,0.105,0.117,1
"Clic4",0.774072838054557,0.0776331572628512,0.303,0.279,1
"Zbtb4",0.774098218594215,-0.432466693372066,0.329,0.306,1
"Pabpc1",0.776158220975646,-0.139684517819478,0.263,0.225,1
"Ccni",0.776163660052682,-0.209865002749051,0.329,0.342,1
"Ghitm",0.776780413458599,-0.158311450941899,0.105,0.117,1
"Rabep1",0.780292273327622,-0.203394883145929,0.421,0.405,1
"Mprip",0.782011718285931,-0.0934321997137655,0.697,0.676,1
"Zcrb1",0.782023769361991,-0.369831532958679,0.171,0.171,1
"Drap1",0.782222261164993,-0.16361459597279,0.368,0.324,1
"Chmp3",0.783282108859533,-0.257325064235176,0.303,0.297,1
"Inpp1",0.784542930980068,-0.198660436133596,0.276,0.279,1
"Smc5",0.786044191711188,-0.162319715654052,0.105,0.09,1
"Rsf1",0.786412116610345,-0.208351510702644,0.105,0.117,1
"Srcap",0.789008846424008,-0.015553786304455,0.132,0.117,1
"Dync1li2",0.789363224087549,0.0514976347851457,0.895,0.847,1
"Snrpa1",0.790180893991919,-0.140141030670866,0.105,0.09,1
"Ndrg1",0.790350690007089,-0.301196911836981,0.539,0.55,1
"Hdgfl3",0.791202989150269,-0.0408656275424952,0.263,0.279,1
"Serf2",0.791678501754724,0.124499766218475,0.211,0.198,1
"Rnf141",0.794501155670873,-0.0941182109432663,0.171,0.153,1
"Cyhr1",0.795835976547064,0.146865692033675,0.184,0.171,1
"Art3",0.79611737259193,0.358495171879956,0.132,0.144,1
"Rab5b",0.797714954412627,-0.172138631916221,0.197,0.207,1
"Selenop",0.798964246049438,-0.0787794548749474,0.197,0.18,1
"Fads2",0.799485920340119,0.0529844675959423,0.171,0.153,1
"Ptar1",0.799784667775328,0.0942392028631267,0.184,0.162,1
"Usp32",0.799916422538817,-0.563866646614426,0.132,0.135,1
"Snx5",0.800165322811767,-0.0121209510216786,0.132,0.117,1
"Actr1b",0.802304388918713,-0.223719668960365,0.237,0.216,1
"Lgi4",0.802626078658962,-0.195951050143603,0.105,0.09,1
"Gabarapl1",0.803893350614968,0.0728473446676958,0.132,0.117,1
"Cpe",0.803893350614968,0.0479066152345557,0.132,0.117,1
"Dbn1",0.804090715765623,-0.157954872176966,0.395,0.378,1
"Fez2",0.805565011524674,-0.0389498805021695,0.408,0.387,1
"Cwc27",0.806258612954864,-0.280663207196463,0.158,0.135,1
"Rtl5",0.807625844482524,-0.125843051642565,0.132,0.117,1
"Mxi1",0.81026604915911,-0.0517820448783142,0.132,0.144,1
"Acin1",0.811149262421076,-0.240002354040418,0.158,0.162,1
"Cntln",0.811479841030375,-0.193921175762858,0.184,0.189,1
"Sod2",0.81426052110917,-0.16721465900039,0.316,0.306,1
"Asrgl1",0.815103904013559,-0.0264507752049332,0.132,0.117,1
"Pcm1",0.815787358548872,0.032423971602529,0.224,0.252,1
"Tmsb4x",0.817649728412484,-0.121028753348759,0.184,0.162,1
"Arpc1a",0.818480117067319,-0.0128455437123942,0.368,0.378,1
"Parva",0.818710732114195,-0.31412798830592,0.303,0.297,1
"Dpp8",0.819327142900138,-0.24823034623733,0.184,0.189,1
"Gab2",0.820374977176036,-0.424018596116611,0.171,0.144,1
"Stmn1",0.821490680315337,-0.115435342170657,0.895,0.928,1
"Larp7",0.8215499260794,-0.245307777131251,0.132,0.135,1
"Rcan1",0.823478237858925,-0.267070809142207,0.105,0.09,1
"Gprc5b",0.824921459552173,-0.251010218759402,0.487,0.387,1
"Tacc1",0.825176529066922,-0.0567683466351325,0.487,0.432,1
"Zzz3",0.82525428338922,-0.0482744469537228,0.118,0.108,1
"Clint1",0.82525428338922,0.00729094065262159,0.118,0.108,1
"Anp32e",0.827349151807802,-0.202033000794396,0.579,0.559,1
"Eif5b",0.829036998690017,-0.159153751548902,0.276,0.279,1
"Cep63",0.830738286165741,-0.299160129248273,0.158,0.135,1
"Tab2",0.830849368955131,-0.0264116703794919,0.553,0.514,1
"Cebpg",0.831239665947252,-0.163837336695031,0.158,0.162,1
"Cadm4",0.835286438370147,-0.205145932900591,0.908,0.838,1
"Uaca",0.837451127767757,-0.183114329652301,0.684,0.631,1
"Hsdl2",0.838474047026525,-0.102279111518164,0.145,0.153,1
"Spire1",0.839522314757438,-0.427335004593972,0.145,0.144,1
"Tceanc2",0.839643957546435,-0.119197345942485,0.171,0.153,1
"Sbds",0.840917420211448,-0.010000736140269,0.118,0.108,1
"Atp2c1",0.841501007343858,-0.153351009163753,0.145,0.126,1
"Dnajc7",0.843672495714407,-0.00846810078243188,0.145,0.153,1
"Ash1l",0.847945741154373,-0.0885786562623092,0.197,0.207,1
"Tsr1",0.848066928776699,-0.0113680283392055,0.171,0.153,1
"Prxl2a",0.848066928776699,-0.115767622384298,0.158,0.162,1
"Aida",0.848326377961966,-0.40551612299451,0.158,0.135,1
"Nop53",0.850033238671005,-0.218426571257939,0.289,0.288,1
"Aif1l",0.850528502730888,-0.329541990916781,0.237,0.225,1
"Sparc",0.850544911822796,0.0734202125087018,1,1,1
"Syne3",0.85398323578636,-0.128093238728144,0.434,0.387,1
"Shc4",0.855466535988214,0.0421392501114095,0.447,0.405,1
"Dtna",0.858058903110133,-0.09206234717804,0.816,0.703,1
"Rap1b",0.858592068816012,-0.376141866234858,0.171,0.171,1
"Chrdl1",0.858613511520109,0.114918827891176,0.105,0.117,1
"Rnf146",0.860340462515853,-0.164180325112343,0.303,0.288,1
"Prkar1a",0.861026286263153,-0.0572219603037354,0.237,0.216,1
"Tmf1",0.864528776147961,0.129007229438348,0.118,0.108,1
"Olfm1",0.866188299567654,-0.295274565962518,0.211,0.207,1
"Arl5a",0.866848077220321,0.0508004566965419,0.184,0.171,1
"Anp32b",0.86742606570577,-0.377635361629498,0.25,0.234,1
"Nomo1",0.867760550084001,-0.230226212463475,0.145,0.144,1
"Amot",0.867923932994368,-0.193986621889396,0.461,0.405,1
"Rnf149",0.868738836008973,0.180095498765599,0.105,0.099,1
"Srpk2",0.870761320060122,-0.0836956070469723,0.224,0.198,1
"Mettl9",0.87138690378277,-0.128866834484251,0.184,0.198,1
"Gpr27",0.87153596591575,-0.271350335619114,0.395,0.378,1
"Map2k7",0.871869982528138,-0.0987844362710204,0.842,0.829,1
"Htatsf1",0.874349393648429,-0.132685923301776,0.303,0.279,1
"Mafk",0.874721547864221,-0.0383061201463548,0.197,0.18,1
"Msn",0.875132043605178,-0.130351089475719,0.158,0.162,1
"Arhgap19",0.875626167043604,-0.118271004540737,0.697,0.676,1
"Recql",0.876195710694778,-0.115893446654454,0.132,0.135,1
"Gzf1",0.876381354829913,-0.0886936107274803,0.118,0.108,1
"Nbl1",0.877086327060536,-0.356502559718001,0.25,0.243,1
"Uchl5",0.877819122086177,-0.144603582246477,0.382,0.324,1
"Arglu1",0.878359557115499,0.217454796445902,0.105,0.117,1
"Aimp1",0.878526153958868,-0.128394403223154,0.158,0.162,1
"Npepps",0.879553752800367,-0.0453579934354793,0.434,0.414,1
"Katnal1",0.879850472373751,0.0113146148264471,0.632,0.559,1
"Ppp1r21",0.879862716681647,-0.215156204979289,0.132,0.135,1
"Cryzl1",0.880693188669272,-0.154260104840767,0.474,0.414,1
"AU022252",0.88169727200398,-0.196647910196718,0.132,0.135,1
"Pip4k2a",0.881922498407509,-0.114131028008413,0.171,0.153,1
"Rbm25",0.884298673931549,-0.161134398354656,0.118,0.108,1
"Chd4",0.887255735918678,0.00472497765746582,0.303,0.288,1
"Pum3",0.887638034733268,0.0237132015109043,0.434,0.405,1
"Nol3",0.888984190279853,-0.107325320456703,0.158,0.144,1
"Arpc1b",0.891064576700476,0.0437735251497484,0.211,0.198,1
"Dyrk1b",0.892227564316734,-0.231480070474847,0.118,0.108,1
"Stx4a",0.896136745129062,-0.172129850669896,0.447,0.396,1
"Eif1b",0.896436817192373,0.0608675313971709,0.132,0.126,1
"Wdr13",0.898314269919421,0.0398739240595605,0.329,0.315,1
"Tax1bp1",0.900018817105934,-0.12487228829457,0.316,0.288,1
"Spag9",0.900740163463934,-0.212429320977943,0.579,0.505,1
"Tpm4",0.901288114578034,0.00291395636970337,0.539,0.559,1
"Trp53inp2",0.901320531727284,-0.0539905831330607,0.763,0.667,1
"Arhgef37",0.902153607888608,-0.340742805843099,0.118,0.108,1
"Gas8",0.903930748655299,0.0375261913614233,0.132,0.126,1
"Bnip2",0.903962724713835,-0.321986882981747,0.184,0.18,1
"Tpd52",0.904086283994956,-0.131331220555372,0.105,0.108,1
"Arhgap10",0.905600851563699,-0.0159152232630426,0.132,0.135,1
"Strn3",0.90810010112635,-0.133807313701084,0.211,0.198,1
"Coa5",0.909897149906064,0.0432101702041403,0.632,0.613,1
"Gdi1",0.910029624213655,-0.188950841293187,0.158,0.144,1
"Nkd1",0.910191539572409,-0.0884539991870317,0.105,0.099,1
"R3hcc1",0.917059567625581,0.088761487502371,0.145,0.153,1
"Agpat3",0.920352236092893,-0.0716106814814232,0.105,0.108,1
"Dtnbp1",0.920678264843461,-0.0912150176284463,0.316,0.297,1
"Rassf3",0.921022898794847,0.0244111261832525,0.618,0.613,1
"Psme3",0.921238075872747,-0.230158279729172,0.289,0.252,1
"Itpripl2",0.921499177650375,0.00165487419556998,0.382,0.36,1
"Denr",0.922923117357899,-0.120754879755248,0.145,0.144,1
"Gnb1",0.923516622446911,-0.365887957935724,0.237,0.216,1
"Mllt6",0.923603153203235,-0.445732163338546,0.224,0.207,1
"Nrep",0.923626164496432,0.128810348386294,0.118,0.117,1
"Arrb1",0.926847832613326,-0.162042957768729,0.105,0.099,1
"Slu7",0.926847832613326,-0.0427989600132606,0.105,0.099,1
"Pdcl3",0.927090510259567,-0.172056170057782,0.355,0.324,1
"Kif3b",0.927742229933483,-0.0522019831314871,0.132,0.135,1
"Tsn",0.928029703118788,-0.271965949013436,0.118,0.108,1
"Cdk9",0.932247396436938,-0.146237251812888,0.211,0.189,1
"Rcn3",0.932756123598784,-0.304356329043766,0.132,0.117,1
"Setd7",0.933626862105285,-0.253779678273249,0.211,0.207,1
"Ppp4r2",0.933951251650726,-0.172302858686912,0.184,0.189,1
"Nsd2",0.935440510420807,-0.114957112753856,0.145,0.144,1
"Tns2",0.935810813920364,0.0756125810107382,0.355,0.351,1
"Paqr8",0.93649549144473,-0.053090540459122,0.355,0.333,1
"Ash2l",0.939258380482379,-0.306775051981716,0.118,0.117,1
"Gab1",0.939258380482379,-0.260856473276679,0.118,0.117,1
"Adam9",0.9393615307406,-0.105128295829608,0.105,0.099,1
"Prxl2b",0.939684627743131,0.0227565623585462,0.184,0.18,1
"Cadm3",0.941996269252963,0.29719431837608,0.105,0.117,1
"Zfp664",0.944504109421047,-0.010100721036868,0.303,0.297,1
"Rangap1",0.944811422429651,0.319918743500044,0.105,0.108,1
"Emp2",0.94582088427508,-0.264123232370381,0.171,0.162,1
"Sart1",0.946507488906463,-0.194954018817395,0.276,0.261,1
"Ptpn21",0.94687982622822,-0.283690364566862,0.303,0.252,1
"Nudt9",0.947511440401699,-0.17946288636261,0.171,0.162,1
"Sec62",0.949048072303,-0.0394447848459034,0.658,0.568,1
"Ston2",0.950089179585549,-0.00752158595091013,0.487,0.459,1
"Syncrip",0.951782393016865,-0.236023654498476,0.618,0.514,1
"Pum2",0.951785695566244,0.127599999676105,0.263,0.261,1
"Man1a2",0.953396817434992,-0.0823965488312131,0.289,0.288,1
"Ric8b",0.955825585570834,0.11808204578572,0.145,0.153,1
"Rubcn",0.956069248006435,-0.270682812558645,0.105,0.099,1
"Tead4",0.958830909893958,-0.21191226388523,0.118,0.117,1
"Nab1",0.959228474103113,-0.108294972608743,0.632,0.586,1
"Znhit6",0.960434274322336,-0.0425690098256113,0.566,0.486,1
"Oxsr1",0.960734854542084,-0.0996686443181782,0.684,0.622,1
"Myh14",0.963253423176803,0.0156279013302205,0.539,0.568,1
"Selenot",0.96413466161201,0.0662880728691463,0.132,0.126,1
"Fxr2",0.964822841081041,-0.118992674527609,0.855,0.829,1
"Supt16",0.965037703312635,-0.00231306702562817,0.447,0.441,1
"Atp1b3",0.96874571958817,-0.150748349454974,0.237,0.225,1
"Cfap100",0.96950821526533,-0.35257352995255,0.171,0.162,1
"Gnas",0.969551062890533,0.0374389700893931,0.329,0.315,1
"Elk4",0.970355985758229,-0.0961022718309978,0.487,0.468,1
"Snn",0.970902074262837,-0.0852957904464331,0.526,0.514,1
"Snx12",0.971205426034842,-0.0836241873072139,0.224,0.216,1
"Arpp19",0.971574725341437,-0.0467659459787086,0.171,0.171,1
"Epn1",0.972057505485889,-0.0983300168517354,0.684,0.658,1
"Sorbs1",0.972568991048612,0.017432384593703,0.947,0.946,1
"Cttn",0.972639881475976,-0.249735168600234,0.145,0.135,1
"Lrrc75b",0.97581186597058,0.0940211166503635,0.184,0.189,1
"St6galnac6",0.976980209367541,-0.407558443934474,0.105,0.099,1
"Pura",0.97910918803369,-0.0220924119650201,0.895,0.802,1
"Uri1",0.98309620554629,-0.234456544195959,0.276,0.261,1
"Kank2",0.984322832074166,-0.40506091281158,0.158,0.153,1
"Copb2",0.985349832758154,-0.270587440910715,0.105,0.099,1
"Taok2",0.98823258800951,-0.19834892768954,0.118,0.117,1
"Stard5",0.989228644487404,-0.00657046116499793,0.145,0.144,1
"Sfr1",0.990138981450571,0.0181384286765818,0.263,0.27,1
"Nid1",0.990193729083375,-0.0932178035765573,0.118,0.117,1
"Cap1",0.991631047656954,-0.0382714939933688,0.461,0.459,1
"Tlk2",0.991841637774443,0.100106083276007,0.184,0.18,1
"Chtop",0.992490220078865,-0.00301167961987225,0.224,0.225,1
"Zbtb18",0.993222479180688,-0.366710546361004,0.171,0.162,1
"mt-Co2",0.993375465821089,-0.0334549911613573,0.776,0.766,1
"Safb2",0.994982746557245,-0.0508003354499313,0.171,0.171,1
"Apc",0.997676450640325,-0.128515066628394,0.553,0.505,1
"Fbxl3",0.997907003754358,-0.242347464214717,0.105,0.099,1
"Dhx9",1,-0.0203218435150629,0.118,0.117,1
"Rwdd1",1,0.060028921877155,0.158,0.153,1
"Cyb5r3",1,0.0396036340153936,0.987,0.991,1
"Cntf",1,-0.0557259620001105,0.145,0.144,1
