"file","comp_group","cell_type","n_mouse_sig","n_schwann_sig","n_jci_sig","n_overlap_schwann","n_overlap_jci","n_overlap_all_three","jaccard_mouse_vs_union"
"EXvsDREX_majorSC.csv","EXvsDREX","majorSC",2206,194,1422,31,152,7,0.0488075429839157
"DREXvsHFD_majorSMC.csv","DREXvsHFD","majorSMC",493,194,1422,16,55,5,0.0329505741387918
"DRvsHFD_majorSMC.csv","DRvsHFD","majorSMC",451,194,1422,15,40,5,0.0252908447142135
"EXvsHFD_majorSC.csv","EXvsHFD","majorSC",537,194,1422,13,52,4,0.0297270955165692
"DREXvsDR_majorSC.csv","DREXvsDR","majorSC",854,194,1422,18,84,3,0.0424710424710425
"DRvsDREX_majorSC.csv","DRvsDREX","majorSC",854,194,1422,18,84,3,0.0424710424710425
"HFDvsSD_majorSMC.csv","HFDvsSD","majorSMC",296,194,1422,11,24,2,0.0179445350734095
"EXvsDREX_majorPerineurial.csv","EXvsDREX","majorPerineurial",204,194,1422,10,21,2,0.0165619645916619
"EXvsDREX_majorFib.csv","EXvsDREX","majorFib",119,194,1422,9,14,2,0.0125448028673835
"DRvsSD_majorPerineurial.csv","DRvsSD","majorPerineurial",77,194,1422,4,7,2,0.00547445255474453
"DREXvsDR_majorPerineurial.csv","DREXvsDR","majorPerineurial",63,194,1422,8,11,1,0.0111042566317088
"DRvsDREX_majorPerineurial.csv","DRvsDREX","majorPerineurial",63,194,1422,8,11,1,0.0111042566317088
"HFDvsSD_majorSC.csv","HFDvsSD","majorSC",69,194,1422,5,12,1,0.0098219766728054
"DRvsSD_majorSC.csv","DRvsSD","majorSC",106,194,1422,4,17,1,0.0120336943441637
"DREXvsHFD_majorPerineurial.csv","DREXvsHFD","majorPerineurial",51,194,1422,4,6,1,0.00556242274412855
"DREXvsHFD_majorFib.csv","DREXvsHFD","majorFib",26,194,1422,3,3,1,0.00313087038196619
"DRvsEX_majorSC.csv","DRvsEX","majorSC",150,194,1422,2,12,1,0.00758902510215995
"EXvsDREX_majorEndo.csv","EXvsDREX","majorEndo",27,194,1422,2,3,1,0.00250156347717323
"DRvsHFD_majorSC.csv","DRvsHFD","majorSC",55,194,1422,1,12,1,0.00741198270537369
"EXvsDREX_majorSMC.csv","EXvsDREX","majorSMC",134,194,1422,6,10,0,0.00944510035419126
"DRvsEX_majorSMC.csv","DRvsEX","majorSMC",154,194,1422,4,12,0,0.00933488914819136
"DRvsEX_majorFib.csv","DRvsEX","majorFib",41,194,1422,3,10,0,0.00810473815461347
"DREXvsHFD_majorSC.csv","DREXvsHFD","majorSC",164,194,1422,2,26,0,0.0163551401869159
"DRvsHFD_majorFib.csv","DRvsHFD","majorFib",21,194,1422,2,13,0,0.00948166877370417
"HFDvsSD_majorFib.csv","HFDvsSD","majorFib",48,194,1422,1,11,0,0.00744416873449132
"DREXvsHFD_majorEndo.csv","DREXvsHFD","majorEndo",11,194,1422,1,3,0,0.00252684775742262
"EXvsHFD_majorEndo.csv","EXvsHFD","majorEndo",13,194,1422,1,1,0,0.00126023944549464
"DREXvsDR_majorFib.csv","DREXvsDR","majorFib",48,194,1422,0,17,0,0.0105787181082763
"DRvsDREX_majorFib.csv","DRvsDREX","majorFib",48,194,1422,0,17,0,0.0105787181082763
"DRvsSD_majorFib.csv","DRvsSD","majorFib",44,194,1422,0,5,0,0.00309597523219814
"DREXvsDR_majorEndo.csv","DREXvsDR","majorEndo",9,194,1422,0,4,0,0.00253004427577483
"DREXvsDR_majorMac.csv","DREXvsDR","majorMac",10,194,1422,0,4,0,0.00252844500632111
"DRvsDREX_majorEndo.csv","DRvsDREX","majorEndo",9,194,1422,0,4,0,0.00253004427577483
"DRvsDREX_majorMac.csv","DRvsDREX","majorMac",10,194,1422,0,4,0,0.00252844500632111
"DRvsEX_majorPerineurial.csv","DRvsEX","majorPerineurial",34,194,1422,0,4,0,0.0024906600249066
"HFDvsSD_majorPerineurial.csv","HFDvsSD","majorPerineurial",40,194,1422,0,4,0,0.00248138957816377
"DREXvsDR_majorSMC.csv","DREXvsDR","majorSMC",24,194,1422,0,3,0,0.00187852222917971
"DRvsDREX_majorSMC.csv","DRvsDREX","majorSMC",24,194,1422,0,3,0,0.00187852222917971
"DRvsHFD_majorMac.csv","DRvsHFD","majorMac",5,194,1422,0,3,0,0.00190114068441065
"HFDvsSD_majorMac.csv","HFDvsSD","majorMac",7,194,1422,0,3,0,0.00189873417721519
"DREXvsHFD_majorMac.csv","DREXvsHFD","majorMac",3,194,1422,0,2,0,0.00126823081800888
"EXvsDREX_majorPericytes.csv","EXvsDREX","majorPericytes",7,194,1422,0,2,0,0.00126502213788741
"EXvsHFD_majorPerineurial.csv","EXvsHFD","majorPerineurial",12,194,1422,0,2,0,0.00126103404791929
"DRvsEX_majorMac.csv","DRvsEX","majorMac",1,194,1422,0,1,0,0.000634517766497462
"DRvsHFD_majorPerineurial.csv","DRvsHFD","majorPerineurial",5,194,1422,0,1,0,0.000632911392405063
"EXvsDREX_majorMac.csv","EXvsDREX","majorMac",4,194,1422,0,1,0,0.000633312222925902
"EXvsHFD_majorFib.csv","EXvsHFD","majorFib",14,194,1422,0,1,0,0.000629326620516048
"HFDvsSD_majorEndo.csv","HFDvsSD","majorEndo",2,194,1422,0,1,0,0.000634115409004439
"DRvsEX_majorEndo.csv","DRvsEX","majorEndo",2,194,1422,0,0,0,0
"DRvsHFD_majorEndo.csv","DRvsHFD","majorEndo",3,194,1422,0,0,0,0
"DRvsSD_majorMac.csv","DRvsSD","majorMac",6,194,1422,0,0,0,0
"DRvsSD_majorSMC.csv","DRvsSD","majorSMC",5,194,1422,0,0,0,0
"EXvsHFD_majorMac.csv","EXvsHFD","majorMac",2,194,1422,0,0,0,0
"DREXvsDR_majorPericytes.csv","DREXvsDR","majorPericytes",NA,194,1422,NA,NA,NA,NA
"DREXvsHFD_majorPericytes.csv","DREXvsHFD","majorPericytes",NA,194,1422,NA,NA,NA,NA
"DRvsDREX_majorPericytes.csv","DRvsDREX","majorPericytes",NA,194,1422,NA,NA,NA,NA
"DRvsEX_majorPericytes.csv","DRvsEX","majorPericytes",NA,194,1422,NA,NA,NA,NA
"DRvsHFD_majorPericytes.csv","DRvsHFD","majorPericytes",NA,194,1422,NA,NA,NA,NA
"DRvsSD_majorEndo.csv","DRvsSD","majorEndo",NA,194,1422,NA,NA,NA,NA
"DRvsSD_majorPericytes.csv","DRvsSD","majorPericytes",NA,194,1422,NA,NA,NA,NA
"EXvsHFD_majorPericytes.csv","EXvsHFD","majorPericytes",NA,194,1422,NA,NA,NA,NA
"EXvsHFD_majorSMC.csv","EXvsHFD","majorSMC",NA,194,1422,NA,NA,NA,NA
"HFDvsSD_majorPericytes.csv","HFDvsSD","majorPericytes",NA,194,1422,NA,NA,NA,NA
