"Annot","Term","Annotated","Significant","RichFactor","FoldEnrichment","zscore","Pvalue","Padj","GeneID","neg_log10_padj"
"GO:0000244","spliceosomal tri-snRNP complex assembly",11,3,0.272727272727273,60.2248438584316,13.2506557714348,1.45826242935385e-05,0.00200349054877337,"Prpf8,Tssc4,Usp4",2.69821270195864
"GO:0042883","cysteine transport",4,2,0.5,110.412213740458,14.7597957237837,0.000121383118666379,0.00968324040199852,"Nfe2l1,Slc1a1",2.01397928595471
"GO:0010948","negative regulation of cell cycle process",330,8,0.0242424242424242,5.35331945408281,5.36442773297352,0.000135175445814971,0.0104465274218882,"Zw10,Mad2l1,Ccl12,Nsun2,Spdl1,Trim37,Rbl1,Rfwd3",1.98102805138498
"GO:0016255","attachment of GPI anchor to protein",5,2,0.4,88.3297709923664,13.1716255875847,0.000201704140838573,0.013481468656589,"Pigk,Pigu",1.87026279365315
"GO:0022613","ribonucleoprotein complex biogenesis",452,9,0.0199115044247788,4.3969465648855,4.90944233203609,0.000225810381130366,0.0146160293872217,"Prpf8,Gcfc2,Tssc4,Usp4,Wdr46,Pop5,Sf3b1,Nop9,Tfb2m",1.83517059245523
"GO:1901991","negative regulation of mitotic cell cycle phase transition",191,6,0.031413612565445,6.93689300987171,5.55224874406526,0.000241628970408383,0.0146160293872217,"Zw10,Mad2l1,Ccl12,Spdl1,Rbl1,Rfwd3",1.83517059245523
"GO:0006399","tRNA metabolic process",192,6,0.03125,6.90076335877863,5.53298353117805,0.000248508584032764,0.0146324221026911,"Elp3,Farsa,Ftsj1,Nsun2,Pop5,Zbtb8os",1.83468377922208
"GO:0000966","RNA 5'-end processing",28,3,0.107142857142857,23.659760087241,8.09094267421372,0.00027367069825392,0.015039725261821,"Rngtt,Pop5,Nop9",1.8227600971463
"GO:0008033","tRNA processing",128,5,0.0390625,8.62595419847328,5.83198845981749,0.000298924015635081,0.0160704150144686,"Elp3,Ftsj1,Nsun2,Pop5,Zbtb8os",1.79397290754491
"GO:1901988","negative regulation of cell cycle phase transition",286,7,0.0244755244755245,5.40479367960284,5.04917751647019,0.000337199151845562,0.0173727813023766,"Zw10,Mad2l1,Ccl12,Nsun2,Spdl1,Rbl1,Rfwd3",1.76013064743779
"GO:0051156","glucose 6-phosphate metabolic process",31,3,0.0967741935483871,21.3701058852499,7.65352450167708,0.000371796188613703,0.018764326009014,"Nfe2l1,Hkdc1,Hsd11b1",1.72666703028223
"GO:1905037","autophagosome organization",136,5,0.0367647058823529,8.11854512797485,5.61226930346769,0.000395130501411768,0.0195431545998261,"Dnajc16,Mtm1,Pip4k2a,Atg13,Tmem39a",1.70900533239215
"GO:0031396","regulation of protein ubiquitination",219,6,0.0273972602739726,6.04998431454564,5.05960690250939,0.00050050239885238,0.0238027390838834,"Rchy1,Mad2l1,Usp4,Tspyl5,N4bp1,Bex4",1.62337306392798
"GO:0031397","negative regulation of protein ubiquitination",83,4,0.0481927710843374,10.6421410834176,5.93322719622163,0.0005596683840483,0.0261143379953103,"Mad2l1,Usp4,N4bp1,Bex4",1.58312097915603
"GO:0045786","negative regulation of cell cycle",413,8,0.0193704600484262,4.27747075023566,4.52471141070269,0.000606066369104894,0.0266067670394081,"Zw10,Mad2l1,Ccl12,Nsun2,Spdl1,Trim37,Rbl1,Rfwd3",1.57500789291365
"GO:0000132","establishment of mitotic spindle orientation",37,3,0.0810810810810811,17.9046833092635,6.93969424675586,0.000630065525835162,0.0266067670394081,"Zw10,Mad2l1,Spdl1",1.57500789291365
"GO:0000387","spliceosomal snRNP assembly",37,3,0.0810810810810811,17.9046833092635,6.93969424675586,0.000630065525835162,0.0266067670394081,"Prpf8,Tssc4,Usp4",1.57500789291365
"GO:0010506","regulation of autophagy",319,7,0.0219435736677116,4.84567709205772,4.6583331028293,0.000645534178068938,0.0266067670394081,"Mtm1,Pip4k2a,Rock1,Atg13,Eif2ak1,Tmem39a,Zmpste24",1.57500789291365
"GO:0007033","vacuole organization",239,6,0.0251046025104603,5.54370947650835,4.75735458736033,0.000790342339672406,0.0300694862463055,"Dnajc16,Mtm1,Pip4k2a,Atg13,Tfe3,Tmem39a",1.52187399199594
"GO:0040001","establishment of mitotic spindle localization",41,3,0.0731707317073171,16.157884937628,6.55078032724124,0.000853075261387968,0.0315787153703442,"Zw10,Mad2l1,Spdl1",1.50060554117125
"GO:1903321","negative regulation of protein modification by small protein conjugation or removal",94,4,0.0425531914893617,9.39678414812409,5.49968975836506,0.000893857693458993,0.0315787153703442,"Mad2l1,Usp4,N4bp1,Bex4",1.50060554117125
"GO:1902115","regulation of organelle assembly",247,6,0.0242914979757085,5.36415613313966,4.6458516073255,0.000937087104297568,0.0326396677313787,"Mtm1,Tapt1,Trim37,Pip4k2a,Fscn1,Tmem39a",1.48625427097097
"GO:0045930","negative regulation of mitotic cell cycle",249,6,0.0240963855421687,5.32107054170882,4.61873186194385,0.000976852270774788,0.033552162022584,"Zw10,Mad2l1,Ccl12,Spdl1,Rbl1,Rfwd3",1.47427948967605
"GO:1901874","negative regulation of post-translational protein modification",98,4,0.0408163265306122,9.01324193799657,5.35935708539978,0.00104418561937411,0.0348955545501645,"Mad2l1,Usp4,N4bp1,Bex4",1.45722989559963
"GO:0051098","regulation of binding",349,7,0.0200573065902579,4.4291432446029,4.34698907627435,0.00108963301050604,0.0359228035038147,"Nucks1,Krit1,Phlda2,Rock1,Habp4,Id2,Zmpste24",1.44462977727407
"GO:1903320","regulation of protein modification by small protein conjugation or removal",255,6,0.0235294117647059,5.19586888190391,4.53909375939961,0.00110397616914271,0.0359228035038147,"Rchy1,Mad2l1,Usp4,Tspyl5,N4bp1,Bex4",1.44462977727407
"GO:0090398","cellular senescence",100,4,0.04,8.83297709923664,5.29216434594949,0.00112563506175712,0.0361518897107189,"Ndufs6,Rbl1,Id2,Zmpste24",1.44186899658555
"GO:1901990","regulation of mitotic cell cycle phase transition",354,7,0.019774011299435,4.3665847241989,4.29852425585025,0.00118261528053389,0.0374056585650622,"Zw10,Mad2l1,Ccl12,Spdl1,Rbl1,Id2,Rfwd3",1.42706269465262
"GO:0051294","establishment of spindle orientation",46,3,0.0652173913043478,14.4015930965815,6.13529478170406,0.00119492398974522,0.0374056585650622,"Zw10,Mad2l1,Spdl1",1.42706269465262
"GO:1901873","regulation of post-translational protein modification",260,6,0.0230769230769231,5.09594832648268,4.47462008355669,0.00121930092513429,0.0376333510974192,"Rchy1,Mad2l1,Usp4,Tspyl5,N4bp1,Bex4",1.42442710779445
"GO:2000785","regulation of autophagosome assembly",47,3,0.0638297872340425,14.0951762221861,6.05993387498263,0.00127219596072901,0.0381491145263584,"Mtm1,Pip4k2a,Tmem39a",1.41851553793923
"GO:0008380","RNA splicing",464,8,0.0172413793103448,3.80731771518821,4.11165165563576,0.00128037869215032,0.0381491145263584,"Prpf8,Eftud2,Gcfc2,Tssc4,Usp4,Zbtb8os,Sf3b1,Habp4",1.41851553793923
"GO:0001937","negative regulation of endothelial cell proliferation",48,3,0.0625,13.8015267175573,5.98683809706124,0.00135254455295208,0.0388935195284942,"Ccl12,Krit1,Tnmd",1.41012275516462
"GO:1902116","negative regulation of organelle assembly",48,3,0.0625,13.8015267175573,5.98683809706124,0.00135254455295208,0.0388935195284942,"Mtm1,Trim37,Tmem39a",1.41012275516462
"GO:0030010","establishment of cell polarity",181,5,0.0276243093922652,6.10012230610265,4.6423441888579,0.00143003632361285,0.0406491934286732,"Zw10,Mad2l1,Spdl1,Krit1,Fscn1",1.3909480673627
"GO:1901987","regulation of cell cycle phase transition",475,8,0.0168421052631579,3.71914825231016,4.03022582862331,0.00148413965841238,0.0408802265036985,"Zw10,Mad2l1,Ccl12,Nsun2,Spdl1,Rbl1,Id2,Rfwd3",1.38848670658582
"GO:0000101","sulfur amino acid transport",13,2,0.153846153846154,33.9729888432179,8.02014307438513,0.00153634172234932,0.0408802265036985,"Nfe2l1,Slc1a1",1.38848670658582
"GO:1902902","negative regulation of autophagosome assembly",13,2,0.153846153846154,33.9729888432179,8.02014307438513,0.00153634172234932,0.0408802265036985,"Mtm1,Tmem39a",1.38848670658582
"GO:0022618","protein-RNA complex assembly",184,5,0.0271739130434783,6.00066379024228,4.58961956717342,0.001537347781983,0.0408802265036985,"Prpf8,Gcfc2,Tssc4,Usp4,Sf3b1",1.38848670658582
"GO:0031929","TOR signaling",184,5,0.0271739130434783,6.00066379024228,4.58961956717342,0.001537347781983,0.0408802265036985,"Mtm1,Usp4,Mapkap1,Disc1,Zmpste24",1.38848670658582
"GO:0031297","replication fork processing",51,3,0.0588235294117647,12.9896722047598,5.78002988344932,0.00161249808040947,0.0424224229026875,"Nucks1,Pcna,Rfwd3",1.37240453093455
"GO:0071478","cellular response to radiation",189,5,0.0264550264550265,5.8419160709237,4.50428700823148,0.00172921106500406,0.0436894535565171,"Nucks1,Pcna,Tspyl5,N4bp1,Zmpste24",1.35962338717126
"GO:0044793","host-mediated suppression of viral proces",14,2,0.142857142857143,31.546346782988,7.71050689352431,0.00178709009899633,0.0436894535565171,"Ccl12,Nucks1",1.35962338717126
"GO:0007094","mitotic spindle assembly checkpoint signaling",53,3,0.0566037735849057,12.4994958951462,5.65157458338858,0.0018019912101758,0.0436894535565171,"Zw10,Mad2l1,Spdl1",1.35962338717126
"GO:0071173","spindle assembly checkpoint signaling",53,3,0.0566037735849057,12.4994958951462,5.65157458338858,0.0018019912101758,0.0436894535565171,"Zw10,Mad2l1,Spdl1",1.35962338717126
"GO:0071826","protein-RNA complex organization",193,5,0.0259067357512953,5.72084009017917,4.43819179244044,0.00189491210359808,0.0454962876912433,"Prpf8,Gcfc2,Tssc4,Usp4,Sf3b1",1.34202403852931
"GO:0033046","negative regulation of sister chromatid segregation",55,3,0.0545454545454545,12.0449687716863,5.52985322187273,0.00200482795896078,0.0459068476158334,"Zw10,Mad2l1,Spdl1",1.33812252884264
"GO:0033048","negative regulation of mitotic sister chromatid segregation",55,3,0.0545454545454545,12.0449687716863,5.52985322187273,0.00200482795896078,0.0459068476158334,"Zw10,Mad2l1,Spdl1",1.33812252884264
"GO:0045841","negative regulation of mitotic metaphase/anaphase transition",55,3,0.0545454545454545,12.0449687716863,5.52985322187273,0.00200482795896078,0.0459068476158334,"Zw10,Mad2l1,Spdl1",1.33812252884264
"GO:0071174","mitotic spindle checkpoint signaling",55,3,0.0545454545454545,12.0449687716863,5.52985322187273,0.00200482795896078,0.0459068476158334,"Zw10,Mad2l1,Spdl1",1.33812252884264
"GO:2000816","negative regulation of mitotic sister chromatid separation",55,3,0.0545454545454545,12.0449687716863,5.52985322187273,0.00200482795896078,0.0459068476158334,"Zw10,Mad2l1,Spdl1",1.33812252884264
"GO:0016525","negative regulation of angiogenesis",118,4,0.0338983050847458,7.48557381291241,4.76136530900675,0.00206938124361693,0.046950273536373,"Stard13,Krit1,Tnmd,Rock1",1.32836187315311
"GO:0045005","DNA-templated DNA replication maintenance of fidelity",56,3,0.0535714285714286,11.8298800436205,5.47133047677098,0.00211135113919422,0.0474670124293392,"Nucks1,Pcna,Rfwd3",1.32360810188778
"GO:2000181","negative regulation of blood vessel morphogenesis",120,4,0.0333333333333333,7.36081424936387,4.70934496968629,0.00219988776999563,0.0481872700235001,"Stard13,Krit1,Tnmd,Rock1",1.31706767729525
"GO:0045815","transcription initiation-coupled chromatin remodeling",57,3,0.0526315789473684,11.6223382884693,5.4142756807003,0.00222132987572948,0.0481872700235001,"Atad2b,Lcor,Zmpste24",1.31706767729525
"GO:1902100","negative regulation of metaphase/anaphase transition of cell cycle",57,3,0.0526315789473684,11.6223382884693,5.4142756807003,0.00222132987572948,0.0481872700235001,"Zw10,Mad2l1,Spdl1",1.31706767729525
"GO:1905819","negative regulation of chromosome separation",57,3,0.0526315789473684,11.6223382884693,5.4142756807003,0.00222132987572948,0.0481872700235001,"Zw10,Mad2l1,Spdl1",1.31706767729525
"GO:1901343","negative regulation of vasculature development",121,4,0.0330578512396694,7.29998107374929,4.68378159863034,0.00226722259050683,0.0487551431854208,"Stard13,Krit1,Tnmd,Rock1",1.31197956377613
"GO:0034501","protein localization to kinetochore",16,2,0.125,27.6030534351145,7.17903602928694,0.00234267115510174,0.0490968285302255,"Zw10,Spdl1",1.30894656075498
"GO:0097709","connective tissue replacement",16,2,0.125,27.6030534351145,7.17903602928694,0.00234267115510174,0.0490968285302255,"BC004004,Rock1",1.30894656075498
"GO:1903083","protein localization to condensed chromosome",16,2,0.125,27.6030534351145,7.17903602928694,0.00234267115510174,0.0490968285302255,"Zw10,Spdl1",1.30894656075498
"GO:0031577","spindle checkpoint signaling",59,3,0.0508474576271186,11.2283607193686,5.3043221656439,0.00245180668284401,0.0492952676965304,"Zw10,Mad2l1,Spdl1",1.30719477061992
"GO:0044088","regulation of vacuole organization",59,3,0.0508474576271186,11.2283607193686,5.3043221656439,0.00245180668284401,0.0492952676965304,"Mtm1,Pip4k2a,Tmem39a",1.30719477061992
"GO:0051985","negative regulation of chromosome segregation",59,3,0.0508474576271186,11.2283607193686,5.3043221656439,0.00245180668284401,0.0492952676965304,"Zw10,Mad2l1,Spdl1",1.30719477061992
"GO:0007088","regulation of mitotic nuclear division",125,4,0.032,7.06638167938931,4.58436932727674,0.00255078451106469,0.0504880473107302,"Zw10,Mad2l1,Spdl1,Nfe2l1",1.29681142586966
"GO:0051293","establishment of spindle localization",60,3,0.05,11.0412213740458,5.25130860306673,0.00257237928069228,0.0504880473107302,"Zw10,Mad2l1,Spdl1",1.29681142586966
"GO:0141137","positive regulation of gene expression, epigenetic",60,3,0.05,11.0412213740458,5.25130860306673,0.00257237928069228,0.0504880473107302,"Atad2b,Lcor,Zmpste24",1.29681142586966
"GO:0043414","macromolecule methylation",126,4,0.0317460317460317,7.01029928510845,4.56019874109132,0.00262530422960059,0.0507216981234552,"Ftsj1,Nsun2,Slc25a26,Tfb2m",1.29480621503758
"GO:0000045","autophagosome assembly",128,4,0.03125,6.90076335877863,4.51263971915808,0.00277880105699732,0.0529142159682587,"Mtm1,Pip4k2a,Atg13,Tmem39a",1.27642763444589
"GO:0006334","nucleosome assembly",62,3,0.0483870967741935,10.685052942625,5.14894511650719,0.00282437384060257,0.0529142159682587,"Tspyl5,Atad2b,Tspyl4",1.27642763444589
"GO:0033047","regulation of mitotic sister chromatid segregation",62,3,0.0483870967741935,10.685052942625,5.14894511650719,0.00282437384060257,0.0529142159682587,"Zw10,Mad2l1,Spdl1",1.27642763444589
"GO:0010965","regulation of mitotic sister chromatid separation",64,3,0.046875,10.3511450381679,5.05114975492629,0.00309106733861933,0.0562522341764567,"Zw10,Mad2l1,Spdl1",1.24986022395015
"GO:0000375","RNA splicing, via transesterification reactions",315,6,0.019047619047619,4.20617957106507,3.85900325124508,0.00318665471772049,0.0562522341764567,"Prpf8,Eftud2,Gcfc2,Tssc4,Usp4,Sf3b1",1.24986022395015
"GO:0000377","RNA splicing, via transesterification reactions with bulged adenosine as nucleophile",315,6,0.019047619047619,4.20617957106507,3.85900325124508,0.00318665471772049,0.0562522341764567,"Prpf8,Eftud2,Gcfc2,Tssc4,Usp4,Sf3b1",1.24986022395015
"GO:0000398","mRNA splicing, via spliceosome",315,6,0.019047619047619,4.20617957106507,3.85900325124508,0.00318665471772049,0.0562522341764567,"Prpf8,Eftud2,Gcfc2,Tssc4,Usp4,Sf3b1",1.24986022395015
"GO:0000075","cell cycle checkpoint signaling",218,5,0.0229357798165138,5.06478044681,4.06314635326757,0.00320538738378777,0.0562522341764567,"Zw10,Mad2l1,Nsun2,Spdl1,Rfwd3",1.24986022395015
"GO:0045839","negative regulation of mitotic nuclear division",65,3,0.0461538461538462,10.1918966529654,5.00385595068265,0.00323001102024134,0.0562522341764567,"Zw10,Mad2l1,Spdl1",1.24986022395015
"GO:0051653","spindle localization",65,3,0.0461538461538462,10.1918966529654,5.00385595068265,0.00323001102024134,0.0562522341764567,"Zw10,Mad2l1,Spdl1",1.24986022395015
"GO:0019079","viral genome replication",134,4,0.0298507462686567,6.59177395465421,4.37587319423871,0.00327599025409314,0.056654013275331,"Ccl12,Nucks1,N4bp1,Tmem39a",1.24676932001779
"GO:0030575","nuclear body organization",19,2,0.105263157894737,23.2446765769385,6.54184250273329,0.00330877426652381,0.0568236025077319,"Vrk1,Habp4",1.24547123630064
"GO:0051306","mitotic sister chromatid separation",67,3,0.0447761194029851,9.88766093198131,4.9122777431487,0.00351925596406793,0.0596104109530137,"Zw10,Mad2l1,Spdl1",1.22467788414249
"GO:0072348","sulfur compound transport",67,3,0.0447761194029851,9.88766093198131,4.9122777431487,0.00351925596406793,0.0596104109530137,"Slc25a26,Nfe2l1,Slc1a1",1.22467788414249
"GO:0016236","macroautophagy",323,6,0.0185758513931889,4.1020017488715,3.78125569303714,0.00360200767501646,0.0605614385805567,"Dnajc16,Mtm1,Pip4k2a,Atg13,Eif2ak1,Tmem39a",1.21780381712461
"GO:2000134","negative regulation of G1/S transition of mitotic cell cycle",68,3,0.0441176470588235,9.74225415356982,4.86792012461425,0.00366962070567378,0.0609058523834313,"Ccl12,Rbl1,Rfwd3",1.21534097443258
"GO:0001510","RNA methylation",69,3,0.0434782608695652,9.60106206438765,4.82447111125697,0.00382385484719068,0.0626251194510102,"Ftsj1,Nsun2,Tfb2m",1.2032514327516
"GO:0016311","dephosphorylation",230,5,0.0217391304347826,4.80053103219383,3.90297804054222,0.0040242855432601,0.0654740667663305,"Ppm1a,Mtm1,Ptpn9,Rngtt,Rock1",1.18393068306877
"GO:1903050","regulation of proteolysis involved in protein catabolic process",233,5,0.0214592274678112,4.73872161976215,3.8646636095209,0.00425038682408325,0.0670399840162922,"Rchy1,Mtm1,Disc1,N4bp1,Nfe2l1",1.17366609792248
"GO:0006470","protein dephosphorylation",146,4,0.0273972602739726,6.04998431454564,4.12590947524036,0.00444568050637626,0.0670399840162922,"Ppm1a,Mtm1,Ptpn9,Rngtt",1.17366609792248
"GO:0006175","dATP biosynthetic process",1,1,1,220.824427480916,14.8264772444744,0.00452848451327437,0.0670399840162922,"Adk",1.17366609792248
"GO:0009202","deoxyribonucleoside triphosphate biosynthetic process",1,1,1,220.824427480916,14.8264772444744,0.00452848451327437,0.0670399840162922,"Adk",1.17366609792248
"GO:0009216","purine deoxyribonucleoside triphosphate biosynthetic process",1,1,1,220.824427480916,14.8264772444744,0.00452848451327437,0.0670399840162922,"Adk",1.17366609792248
"GO:0015805","S-adenosyl-L-methionine transport",1,1,1,220.824427480916,14.8264772444744,0.00452848451327437,0.0670399840162922,"Slc25a26",1.17366609792248
"GO:0038184","adenylate cyclase-activating G protein-coupled bile acid receptor signaling pathway",1,1,1,220.824427480916,14.8264772444744,0.00452848451327437,0.0670399840162922,"Gpbar1",1.17366609792248
"GO:0043921","host-mediated perturbation of viral transcription",1,1,1,220.824427480916,14.8264772444744,0.00452848451327437,0.0670399840162922,"Nucks1",1.17366609792248
"GO:0046986","negative regulation of hemoglobin biosynthetic process",1,1,1,220.824427480916,14.8264772444744,0.00452848451327437,0.0670399840162922,"Eif2ak1",1.17366609792248
"GO:1901962","S-adenosyl-L-methionine transmembrane transport",1,1,1,220.824427480916,14.8264772444744,0.00452848451327437,0.0670399840162922,"Slc25a26",1.17366609792248
"GO:1903353","regulation of nucleus organization",1,1,1,220.824427480916,14.8264772444744,0.00452848451327437,0.0670399840162922,"Nfe2l1",1.17366609792248
"GO:1990543","mitochondrial S-adenosyl-L-methionine transmembrane transport",1,1,1,220.824427480916,14.8264772444744,0.00452848451327437,0.0670399840162922,"Slc25a26",1.17366609792248
"GO:1990968","modulation by host of RNA binding by virus",1,1,1,220.824427480916,14.8264772444744,0.00452848451327437,0.0670399840162922,"Nucks1",1.17366609792248
"GO:2000730","regulation of termination of RNA polymerase I transcription",1,1,1,220.824427480916,14.8264772444744,0.00452848451327437,0.0670399840162922,"Zmpste24",1.17366609792248
"GO:0016241","regulation of macroautophagy",147,4,0.0272108843537415,6.00882795866438,4.10634623510382,0.00455427307510598,0.0670399840162922,"Mtm1,Pip4k2a,Eif2ak1,Tmem39a",1.17366609792248
"GO:0044772","mitotic cell cycle phase transition",455,7,0.0153846153846154,3.39729888432179,3.47636196756367,0.00477969109238867,0.0699418702454271,"Zw10,Mad2l1,Ccl12,Spdl1,Rbl1,Id2,Rfwd3",1.1552627588382
"GO:0003158","endothelium development",150,4,0.0266666666666667,5.88865139949109,4.04872349088912,0.0048907424005328,0.0709749700736254,"Stard13,Krit1,Tnmd,Rock1",1.14889478192098
"GO:0009451","RNA modification",151,4,0.0264900662251656,5.84965370810374,4.02986192679336,0.00500650628898011,0.0715669945239758,"Elp3,Ftsj1,Nsun2,Tfb2m",1.14528722072178
"GO:0007163","establishment or maintenance of cell polarity",243,5,0.0205761316872428,4.54371249960733,3.74151863466375,0.00506963631464253,0.0716412034634913,"Zw10,Mad2l1,Spdl1,Krit1,Fscn1",1.14483712727354
"GO:0051784","negative regulation of nuclear division",77,3,0.038961038961039,8.60354912263309,4.50603961657931,0.00520050474643905,0.0722951331506254,"Zw10,Mad2l1,Spdl1",1.14089093807159
"GO:1902807","negative regulation of cell cycle G1/S phase transition",77,3,0.038961038961039,8.60354912263309,4.50603961657931,0.00520050474643905,0.0722951331506254,"Ccl12,Rbl1,Rfwd3",1.14089093807159
"GO:0006706","steroid catabolic process",24,2,0.0833333333333333,18.4020356234097,5.75228535896785,0.00526208005140015,0.0722951331506254,"Hsd17b11,Hsd11b1",1.14089093807159
"GO:0044827","host-mediated perturbation of viral genome replication",24,2,0.0833333333333333,18.4020356234097,5.75228535896785,0.00526208005140015,0.0722951331506254,"Ccl12,Nucks1",1.14089093807159
"GO:1905818","regulation of chromosome separation",78,3,0.0384615384615385,8.49324721080446,4.46949211800842,0.0053908420375453,0.0736549854080084,"Zw10,Mad2l1,Spdl1",1.13279785218983
"GO:0006261","DNA-templated DNA replication",156,4,0.0256410256410256,5.66216480720298,3.93802634795937,0.00561296095896191,0.0754394154973521,"Nucks1,Pcna,Rfwd3,Zmpste24",1.12240168516015
"GO:0006997","nucleus organization",156,4,0.0256410256410256,5.66216480720298,3.93802634795937,0.00561296095896191,0.0754394154973521,"Vrk1,Habp4,Nfe2l1,Zmpste24",1.12240168516015
"GO:0071459","protein localization to chromosome, centromeric region",25,2,0.08,17.6659541984733,5.62266811220845,0.00570277791435372,0.0762322690929554,"Zw10,Spdl1",1.11786115303748
"GO:0010212","response to ionizing radiation",158,4,0.0253164556962025,5.5904918349599,3.90239794448563,0.00586867545720659,0.0780281419659779,"Nucks1,Tspyl5,Rfwd3,Zmpste24",1.10774873453686
"GO:0009314","response to radiation",474,7,0.0147679324894515,3.26112023705994,3.34776439880001,0.00594495738963823,0.0786196771367665,"Nucks1,Pcna,Tspyl5,Id2,N4bp1,Rfwd3,Zmpste24",1.10446874400625
"GO:0034728","nucleosome organization",81,3,0.037037037037037,8.17868249929319,4.36365744407452,0.00598680214792535,0.0787519239990393,"Tspyl5,Atad2b,Tspyl4",1.10373882710079
"GO:0007093","mitotic cell cycle checkpoint signaling",160,4,0.025,5.5206106870229,3.86737233427846,0.0061320436713709,0.0801745208400996,"Zw10,Mad2l1,Spdl1,Rfwd3",1.09596362693582
"GO:0060009","Sertoli cell development",26,2,0.0769230769230769,16.9864944216089,5.50034193227205,0.00615978930837805,0.0801745208400996,"Arid4b,Fndc3a",1.09596362693582
"GO:0051783","regulation of nuclear division",161,4,0.0248447204968944,5.48632117965009,3.85007983983857,0.00626662851093264,0.0811380749085677,"Zw10,Mad2l1,Spdl1,Nfe2l1",1.09077530063101
"GO:0071479","cellular response to ionizing radiation",84,3,0.0357142857142857,7.886586695747,4.26314045425912,0.00662066916756528,0.0840026672988781,"Nucks1,Tspyl5,Zmpste24",1.07570692376201
"GO:0097049","motor neuron apoptotic process",27,2,0.0740740740740741,16.3573649985864,5.3846301150439,0.0066329597600379,0.0840026672988781,"Rock1,Slc1a1",1.07570692376201
"GO:2000810","regulation of bicellular tight junction assembly",27,2,0.0740740740740741,16.3573649985864,5.3846301150439,0.0066329597600379,0.0840026672988781,"Gpbar1,Rock1",1.07570692376201
"GO:2000058","regulation of ubiquitin-dependent protein catabolic process",169,4,0.0236686390532544,5.22661366818736,3.71674475705266,0.00741450272080059,0.0907726001412864,"Rchy1,Mtm1,Disc1,N4bp1",1.04204522420162
"GO:0051304","chromosome separation",88,3,0.0340909090909091,7.52810548230396,4.13661015420274,0.00752579551826828,0.0915630070586099,"Zw10,Mad2l1,Spdl1",1.03827995291846
"GO:2000045","regulation of G1/S transition of mitotic cell cycle",170,4,0.0235294117647059,5.19586888190391,3.70067334272164,0.00756706176416693,0.0915630070586099,"Ccl12,Rbl1,Id2,Rfwd3",1.03827995291846
"GO:0071480","cellular response to gamma radiation",29,2,0.0689655172413793,15.2292708607528,5.17075499691329,0.00762716516541595,0.0915630070586099,"Tspyl5,Zmpste24",1.03827995291846
"GO:0071577","zinc ion transmembrane transport",29,2,0.0689655172413793,15.2292708607528,5.17075499691329,0.00762716516541595,0.0915630070586099,"Slc1a1,Slc30a9",1.03827995291846
"GO:0006400","tRNA modification",90,3,0.0333333333333333,7.36081424936387,4.07629045285363,0.00800441771824002,0.0956276570879592,"Elp3,Ftsj1,Nsun2",1.01941648446466
"GO:0010508","positive regulation of autophagy",176,4,0.0227272727272727,5.01873698820264,3.606829479146,0.00852595427498692,0.0980155945531096,"Pip4k2a,Rock1,Atg13,Eif2ak1",1.00870482135278
"GO:0006829","zinc ion transport",31,2,0.0645161290322581,14.2467372568333,4.97710854983159,0.00868417914822275,0.0980155945531096,"Slc1a1,Slc30a9",1.00870482135278
"GO:0006882","intracellular zinc ion homeostasis",31,2,0.0645161290322581,14.2467372568333,4.97710854983159,0.00868417914822275,0.0980155945531096,"Slc1a1,Slc30a9",1.00870482135278
"GO:0030071","regulation of mitotic metaphase/anaphase transition",93,3,0.032258064516129,7.12336862841665,3.98919828532073,0.00875533550315283,0.0980155945531096,"Zw10,Mad2l1,Spdl1",1.00870482135278
"GO:1902117","positive regulation of organelle assembly",94,3,0.0319148936170213,7.04758811109306,3.96102338831937,0.00901450510127459,0.0980155945531096,"Tapt1,Pip4k2a,Fscn1",1.00870482135278
"GO:0010639","negative regulation of organelle organization",393,6,0.0152671755725191,3.37136530505215,3.19241630802842,0.00913804788074585,0.0986829362842117,"Zw10,Mad2l1,Mtm1,Spdl1,Trim37,Tmem39a",1.00575793667462
"GO:0045454","cell redox homeostasis",32,2,0.0625,13.8015267175573,4.88687931807807,0.00923586417430858,0.0988757233898922,"Krit1,Nfe2l1",1.00491032611789
"GO:0090128","regulation of synapse maturation",32,2,0.0625,13.8015267175573,4.88687931807807,0.00923586417430858,0.0988757233898922,"Rock1,Disc1",1.00491032611789
"GO:1902099","regulation of metaphase/anaphase transition of cell cycle",96,3,0.03125,6.90076335877863,3.90589129773408,0.00954623542081842,0.101757931877948,"Zw10,Mad2l1,Spdl1",0.992431728180746
"GO:0071214","cellular response to abiotic stimulus",398,6,0.0150753768844221,3.32901146956155,3.15555678577972,0.00968588089686594,0.101858538761296,"Nucks1,Pcna,Tspyl5,Habp4,N4bp1,Zmpste24",0.992002558401915
"GO:0104004","cellular response to environmental stimulus",398,6,0.0150753768844221,3.32901146956155,3.15555678577972,0.00968588089686594,0.101858538761296,"Nucks1,Pcna,Tspyl5,Habp4,N4bp1,Zmpste24",0.992002558401915
"GO:0000462","maturation of SSU-rRNA from tricistronic rRNA transcript (SSU-rRNA, 5.8S rRNA, LSU-rRNA)",33,2,0.0606060606060606,13.383298635207,4.80060186424054,0.00980280316424931,0.101858538761296,"Wdr46,Nop9",0.992002558401915
"GO:0060964","regulation of miRNA-mediated gene silencing",33,2,0.0606060606060606,13.383298635207,4.80060186424054,0.00980280316424931,0.101858538761296,"Tial1,Zmpste24",0.992002558401915
"GO:0180046","GPI anchored protein biosynthesis",33,2,0.0606060606060606,13.383298635207,4.80060186424054,0.00980280316424931,0.101858538761296,"Pigk,Pigu",0.992002558401915
"GO:0007091","metaphase/anaphase transition of mitotic cell cycle",98,3,0.0306122448979592,6.75993145349743,3.8523146668446,0.0100959201871264,0.104465316413237,"Zw10,Mad2l1,Spdl1",0.981027875970023
"GO:0044784","metaphase/anaphase transition of cell cycle",101,3,0.0297029702970297,6.55914141032424,3.77469970152695,0.0109543564219746,0.111303800001277,"Zw10,Mad2l1,Spdl1",0.953490008249175
"GO:0016242","negative regulation of macroautophagy",35,2,0.0571428571428571,12.6185387131952,4.6387710189839,0.010981854913187,0.111303800001277,"Mtm1,Tmem39a",0.953490008249175
"GO:1900368","regulation of post-transcriptional gene silencing by regulatory ncRNA",35,2,0.0571428571428571,12.6185387131952,4.6387710189839,0.010981854913187,0.111303800001277,"Tial1,Zmpste24",0.953490008249175
"GO:0051310","metaphase chromosome alignment",102,3,0.0294117647058824,6.49483610237988,3.74952591993135,0.0112495963314614,0.113090454177659,"Zw10,Spdl1,Gem",0.946574051775955
"GO:2001251","negative regulation of chromosome organization",102,3,0.0294117647058824,6.49483610237988,3.74952591993135,0.0112495963314614,0.113090454177659,"Zw10,Mad2l1,Spdl1",0.946574051775955
"GO:0022616","DNA strand elongation",36,2,0.0555555555555556,12.2680237489398,4.56272110401849,0.0115936761130417,0.11514522501025,"Nucks1,Pcna",0.93875406720646
"GO:0060008","Sertoli cell differentiation",36,2,0.0555555555555556,12.2680237489398,4.56272110401849,0.0115936761130417,0.11514522501025,"Arid4b,Fndc3a",0.93875406720646
"GO:0060147","regulation of post-transcriptional gene silencing",36,2,0.0555555555555556,12.2680237489398,4.56272110401849,0.0115936761130417,0.11514522501025,"Tial1,Zmpste24",0.93875406720646
"GO:0036297","interstrand cross-link repair",37,2,0.0540540540540541,11.936455539509,4.48962315347501,0.0122201681465964,0.117767832815715,"Nucks1,Rfwd3",0.928973316835433
"GO:0060966","regulation of gene silencing by regulatory ncRNA",37,2,0.0540540540540541,11.936455539509,4.48962315347501,0.0122201681465964,0.117767832815715,"Tial1,Zmpste24",0.928973316835433
"GO:0061136","regulation of proteasomal protein catabolic process",196,4,0.0204081632653061,4.50662096899829,3.32236738474231,0.0122858925835416,0.117767832815715,"Rchy1,Mtm1,N4bp1,Nfe2l1",0.928973316835433
"GO:0006352","DNA-templated transcription initiation",198,4,0.0202020202020202,4.46109954506901,3.29604092036211,0.0127115916769989,0.117767832815715,"Atad2b,Lcor,Zmpste24,Tfb2m",0.928973316835433
"GO:1902806","regulation of cell cycle G1/S phase transition",198,4,0.0202020202020202,4.46109954506901,3.29604092036211,0.0127115916769989,0.117767832815715,"Ccl12,Rbl1,Id2,Rfwd3",0.928973316835433
"GO:0033260","nuclear DNA replication",38,2,0.0526315789473684,11.6223382884693,4.41928365576305,0.0128611877097405,0.117767832815715,"Pcna,Zmpste24",0.928973316835433
"GO:0033045","regulation of sister chromatid segregation",109,3,0.0275229357798165,6.077736536172,3.58226476330302,0.0134447813955886,0.117767832815715,"Zw10,Mad2l1,Spdl1",0.928973316835433
"GO:0030488","tRNA methylation",39,2,0.0512820512820513,11.324329614406,4.35152650226346,0.0135165924779782,0.117767832815715,"Ftsj1,Nsun2",0.928973316835433
"GO:0022411","cellular component disassembly",433,6,0.0138568129330254,3.05992278264549,2.91289131632425,0.0141943959709516,0.122736857469103,"Rchy1,Vrk1,Atad2b,Fscn1,Tmem39a,Zmpste24",0.911025000502141
"GO:0051101","regulation of DNA binding",112,3,0.0267857142857143,5.91494002181025,3.51499011829843,0.0144549651988971,0.124554456226037,"Habp4,Id2,Zmpste24",0.904640729951985
"GO:0032259","methylation",208,4,0.0192307692307692,4.24662360540223,3.16945882463578,0.0149813220974989,0.128641699816371,"Ftsj1,Nsun2,Slc25a26,Tfb2m",0.890618229976276
"GO:0040029","epigenetic regulation of gene expression",319,5,0.0156739811912226,3.46119792289837,2.981290285794,0.0152430408799706,0.129986345159198,"Arid4b,Trim37,Atad2b,Lcor,Zmpste24",0.886102267181474
"GO:0032435","negative regulation of proteasomal ubiquitin-dependent protein catabolic process",42,2,0.0476190476190476,10.5154489276627,4.16220960198189,0.0155677093404799,0.131845702736325,"Mtm1,N4bp1",0.879934020654885
"GO:2000677","regulation of transcription regulatory region DNA binding",42,2,0.0476190476190476,10.5154489276627,4.16220960198189,0.0155677093404799,0.131845702736325,"Id2,Zmpste24",0.879934020654885
"GO:0018105","peptidyl-serine phosphorylation",212,4,0.0188679245283019,4.1664986317154,3.12103748858708,0.0159563130892673,0.13345248679781,"Mapkap1,Rock1,Cab39,Slc1a1",0.87467332901395
"GO:0044786","cell cycle DNA replication",43,2,0.0465116279069767,10.2709036037635,4.10330528617,0.0162792510733338,0.13345248679781,"Pcna,Zmpste24",0.87467332901395
"GO:0090329","regulation of DNA-templated DNA replication",43,2,0.0465116279069767,10.2709036037635,4.10330528617,0.0162792510733338,0.13345248679781,"Pcna,Zmpste24",0.87467332901395
"GO:1902882","regulation of response to oxidative stress",43,2,0.0465116279069767,10.2709036037635,4.10330528617,0.0162792510733338,0.13345248679781,"Mapkap1,Mctp1",0.87467332901395
"GO:0030336","negative regulation of cell migration",326,5,0.0153374233128834,3.38687772209994,2.92317282271889,0.0165867154672702,0.13345248679781,"Arid4b,Ccl12,Stard13,Krit1,Mctp1",0.87467332901395
"GO:0006364","rRNA processing",217,4,0.0184331797235023,4.07049635909523,3.06216096852779,0.0172300294262451,0.13345248679781,"Wdr46,Pop5,Nop9,Tfb2m",0.87467332901395
"GO:0042177","negative regulation of protein catabolic process",121,3,0.0247933884297521,5.47498580531197,3.32697129145157,0.0177380039016561,0.13345248679781,"Mad2l1,Mtm1,N4bp1",0.87467332901395
"GO:0010613","positive regulation of cardiac muscle hypertrophy",45,2,0.0444444444444444,9.81441899915182,3.99109918055881,0.0177432621936502,0.13345248679781,"Adk,Rock1",0.87467332901395
"GO:0006109","regulation of carbohydrate metabolic process",220,4,0.0181818181818182,4.01498959056211,3.02767608957462,0.0180239104692553,0.13345248679781,"Phlda2,Nfe2l1,Zmpste24,Hsd11b1",0.87467332901395
"GO:0006356","regulation of transcription by RNA polymerase I",46,2,0.0434782608695652,9.60106206438765,3.93759539037274,0.0184954593847368,0.134305617624475,"Sf3b1,Zmpste24",0.871905821640389
"GO:0014742","positive regulation of muscle hypertrophy",46,2,0.0434782608695652,9.60106206438765,3.93759539037274,0.0184954593847368,0.134305617624475,"Adk,Rock1",0.871905821640389
"GO:0017145","stem cell division",46,2,0.0434782608695652,9.60106206438765,3.93759539037274,0.0184954593847368,0.134305617624475,"Ndufs6,Tial1",0.871905821640389
"GO:0044788","host-mediated perturbation of viral process",46,2,0.0434782608695652,9.60106206438765,3.93759539037274,0.0184954593847368,0.134305617624475,"Ccl12,Nucks1",0.871905821640389
"GO:0006275","regulation of DNA replication",123,3,0.024390243902439,5.385961645876,3.28773774736794,0.0185192946259385,0.134305617624475,"Nucks1,Pcna,Zmpste24",0.871905821640389
"GO:0034502","protein localization to chromosome",123,3,0.024390243902439,5.385961645876,3.28773774736794,0.0185192946259385,0.134305617624475,"Zw10,Spdl1,Vrk1",0.871905821640389
"GO:0050000","chromosome localization",124,3,0.0241935483870968,5.34252647131248,3.26844091462165,0.018917019340111,0.136788856222499,"Zw10,Spdl1,Gem",0.863949281842571
"GO:0018209","peptidyl-serine modification",224,4,0.0178571428571429,3.9432933478735,2.98263472513209,0.01911737370759,0.137834592358222,"Mapkap1,Rock1,Cab39,Slc1a1",0.860641773829421
"GO:2000146","negative regulation of cell motility",342,5,0.0146198830409357,3.22842730235257,2.79607329419378,0.0199486012194776,0.143409566324908,"Arid4b,Ccl12,Stard13,Krit1,Mctp1",0.843421877513775
"GO:0000245","spliceosomal complex assembly",50,2,0.04,8.83297709923664,3.73888429394159,0.021635726929386,0.150886611136271,"Gcfc2,Sf3b1",0.821349295463719
"GO:0030490","maturation of SSU-rRNA",50,2,0.04,8.83297709923664,3.73888429394159,0.021635726929386,0.150886611136271,"Wdr46,Nop9",0.821349295463719
"GO:0043392","negative regulation of DNA binding",50,2,0.04,8.83297709923664,3.73888429394159,0.021635726929386,0.150886611136271,"Habp4,Id2",0.821349295463719
"GO:0000082","G1/S transition of mitotic cell cycle",233,4,0.0171673819742489,3.79097729580972,2.88499371900309,0.0217255798461741,0.150886611136271,"Ccl12,Rbl1,Id2,Rfwd3",0.821349295463719
"GO:0032434","regulation of proteasomal ubiquitin-dependent protein catabolic process",131,3,0.0229007633587786,5.05704795757823,3.13896077346595,0.0218334787756595,0.150886611136271,"Rchy1,Mtm1,N4bp1",0.821349295463719
"GO:0060074","synapse maturation",51,2,0.0392156862745098,8.65978146983984,3.69265856816248,0.022453001576283,0.150886611136271,"Rock1,Disc1",0.821349295463719
"GO:2000772","regulation of cellular senescence",51,2,0.0392156862745098,8.65978146983984,3.69265856816248,0.022453001576283,0.150886611136271,"Rbl1,Zmpste24",0.821349295463719
"GO:0006413","translational initiation",133,3,0.0225563909774436,4.98100212362968,3.10365479501362,0.0227093510972317,0.152195732421284,"Eif1ad,Eif2ak1,Habp4",0.817597525041606
"GO:0051983","regulation of chromosome segregation",134,3,0.0223880597014925,4.94383046599066,3.08626603269368,0.0231543898951662,0.154004175343934,"Zw10,Mad2l1,Spdl1",0.812467504460621
"GO:0003382","epithelial cell morphogenesis",52,2,0.0384615384615385,8.49324721080446,3.64768173358263,0.0232828977490148,0.154366236282342,"Tnmd,Rock1",0.81144768456877
"GO:0016032","viral process",359,5,0.0139275766016713,3.07554912926067,2.66898691728708,0.0239804367691443,0.158142987013584,"Ccl12,Nucks1,Hexim1,N4bp1,Tmem39a",0.800950062482583
"GO:1901976","regulation of cell cycle checkpoint",53,2,0.0377358490566038,8.33299726343079,3.60389545176116,0.024125286240734,0.158675087429083,"Mad2l1,Rfwd3",0.799491253720118
"GO:0040013","negative regulation of locomotion",360,5,0.0138888888888889,3.06700593723494,2.66174703096089,0.0242327766238788,0.158959301301995,"Arid4b,Ccl12,Stard13,Krit1,Mctp1",0.798714054814666
"GO:0006383","transcription by RNA polymerase III",54,2,0.037037037037037,8.17868249929319,3.56124515937323,0.0249800387401658,0.162996400539393,"Sf3b1,Polr3g",0.787821986044752
"GO:0015695","organic cation transport",139,3,0.0215827338129496,4.76599483771761,3.00184008789291,0.025450585119134,0.163358054923494,"Slc25a26,Nfe2l1,Slc1a1",0.786859446296725
"GO:0019083","viral transcription",55,2,0.0363636363636364,8.02997918112422,3.51967975899515,0.025847027826249,0.163358054923494,"Nucks1,Hexim1",0.786859446296725
"GO:0007266","Rho protein signal transduction",140,3,0.0214285714285714,4.7319520174482,2.98543791841858,0.0259240150981852,0.163358054923494,"Arhgap5,Stard13,Rock1",0.786859446296725
"GO:0009895","negative regulation of catabolic process",367,5,0.0136239782016349,3.0085071863885,2.61176104448009,0.0260472286762459,0.163358054923494,"Mad2l1,Mtm1,Nsun2,N4bp1,Tmem39a",0.786859446296725
"GO:0006006","glucose metabolic process",248,4,0.0161290322580645,3.56168431420832,2.73259707004766,0.0265363658906016,0.163358054923494,"Mdh2,Nfe2l1,Zmpste24,Hkdc1",0.786859446296725
"GO:0051656","establishment of organelle localization",500,6,0.012,2.64989312977099,2.51004429351494,0.0265599082141769,0.163358054923494,"Zw10,Mad2l1,Spdl1,Gem,Nop9,Stard3nl",0.786859446296725
"GO:0015804","neutral amino acid transport",56,2,0.0357142857142857,7.886586695747,3.47915134032914,0.0267261269628065,0.163358054923494,"Nfe2l1,Slc1a1",0.786859446296725
"GO:0046488","phosphatidylinositol metabolic process",142,3,0.0211267605633803,4.66530480593485,2.95309440239949,0.0268850498802515,0.163358054923494,"Mtm1,Pigu,Pip4k2a",0.786859446296725
"GO:0042176","regulation of protein catabolic process",372,5,0.0134408602150538,2.96807026184027,2.57677859854817,0.027395218533662,0.16564394971576,"Rchy1,Mad2l1,Mtm1,N4bp1,Nfe2l1",0.780824422462651
"GO:0010332","response to gamma radiation",57,2,0.0350877192982456,7.74822552564618,3.43961492838619,0.0276172104932457,0.166173629074931,"Tspyl5,Zmpste24",0.779437895449254
"GO:0010596","negative regulation of endothelial cell migration",57,2,0.0350877192982456,7.74822552564618,3.43961492838619,0.0276172104932457,0.166173629074931,"Stard13,Krit1",0.779437895449254
"GO:1901799","negative regulation of proteasomal protein catabolic process",59,2,0.0338983050847458,7.48557381291241,3.36335155521133,0.0294348324757238,0.174197096234069,"Mtm1,N4bp1",0.758959088708558
"GO:2000351","regulation of endothelial cell apoptotic process",59,2,0.0338983050847458,7.48557381291241,3.36335155521133,0.0294348324757238,0.174197096234069,"Ccl12,Krit1",0.758959088708558
"GO:0051100","negative regulation of binding",148,3,0.0202702702702703,4.47617082731587,2.85956712718172,0.0298813340464556,0.174197096234069,"Rock1,Habp4,Id2",0.758959088708558
"GO:0016072","rRNA metabolic process",258,4,0.0155038759689922,3.42363453458785,2.63740521810444,0.0300715831842972,0.174197096234069,"Wdr46,Pop5,Nop9,Tfb2m",0.758959088708558
"GO:0006497","protein lipidation",60,2,0.0333333333333333,7.36081424936387,3.32654737366231,0.0303611239652077,0.174197096234069,"Ppm1a,Atg13",0.758959088708558
"GO:2000059","negative regulation of ubiquitin-dependent protein catabolic process",60,2,0.0333333333333333,7.36081424936387,3.32654737366231,0.0303611239652077,0.174197096234069,"Mtm1,N4bp1",0.758959088708558
"GO:0034599","cellular response to oxidative stress",261,4,0.0153256704980843,3.38428241350063,2.60975986739838,0.0311839213022836,0.174197096234069,"Pcna,Mapkap1,Nfe2l1,Slc1a1",0.758959088708558
"GO:0002064","epithelial cell development",262,4,0.0152671755725191,3.37136530505215,2.60063427080944,0.0315600350174405,0.175388688984562,"Arid4b,Fndc3a,Tnmd,Rock1",0.755998418210492
"GO:0044843","cell cycle G1/S phase transition",263,4,0.0152091254752852,3.35854642556526,2.59155274862575,0.0319388196512509,0.177095742146959,"Ccl12,Rbl1,Id2,Rfwd3",0.751791880279772
"GO:0043124","negative regulation of canonical NF-kappaB signal transduction",62,2,0.032258064516129,7.12336862841665,3.2554173098112,0.0322480569821486,0.178410391312872,"Ppm1a,Nfkbid",0.74857985422888
"GO:0032006","regulation of TOR signaling",153,3,0.0196078431372549,4.32989073491992,2.78536269530932,0.0325074441639827,0.179044341687147,"Mtm1,Usp4,Zmpste24",0.747039399381921
"GO:0043433","negative regulation of DNA-binding transcription factor activity",153,3,0.0196078431372549,4.32989073491992,2.78536269530932,0.0325074441639827,0.179044341687147,"Nfkbid,Trim37,Id2",0.747039399381921
"GO:0001936","regulation of endothelial cell proliferation",154,3,0.0194805194805195,4.30177456131655,2.77090336696666,0.033046701973084,0.181609986620971,"Ccl12,Krit1,Tnmd",0.740860273573028
"GO:0007080","mitotic metaphase chromosome alignment",63,2,0.0317460317460317,7.01029928510845,3.22102662441717,0.0332084566836962,0.181691401280488,"Zw10,Spdl1",0.740665625607763
"GO:0072577","endothelial cell apoptotic process",63,2,0.0317460317460317,7.01029928510845,3.22102662441717,0.0332084566836962,0.181691401280488,"Ccl12,Krit1",0.740665625607763
"GO:0006749","glutathione metabolic process",64,2,0.03125,6.90076335877863,3.18737858004737,0.0341799853722471,0.186183048073936,"Nfe2l1,Slc1a1",0.730059863972813
"GO:0042158","lipoprotein biosynthetic process",65,2,0.0307692307692308,6.79459776864357,3.15444500967986,0.0351625242405647,0.187250169515669,"Ppm1a,Atg13",0.727577780465952
"GO:0006367","transcription initiation at RNA polymerase II promoter",159,3,0.0188679245283019,4.1664986317154,2.70040688230167,0.0358128374374056,0.187561021395678,"Atad2b,Lcor,Zmpste24",0.726857410901737
"GO:0006260","DNA replication",273,4,0.0146520146520147,3.23552274697313,2.50307540456199,0.0358739842782676,0.187561021395678,"Nucks1,Pcna,Rfwd3,Zmpste24",0.726857410901737
"GO:0030225","macrophage differentiation",66,2,0.0303030303030303,6.69164931760352,3.12219923411549,0.0361559553145963,0.188239321037888,"Eif2ak1,Id2",0.725289652289911
"GO:0045620","negative regulation of lymphocyte differentiation",66,2,0.0303030303030303,6.69164931760352,3.12219923411549,0.0361559553145963,0.188239321037888,"Nfkbid,Id2",0.725289652289911
"GO:0006650","glycerophospholipid metabolic process",276,4,0.0144927536231884,3.20035402146255,2.47732710037726,0.0371069060701944,0.191977779731362,"Mtm1,Pigu,Pip4k2a,Gpcpd1",0.716749035351176
"GO:0019058","viral life cycle",279,4,0.014336917562724,3.16594161262962,2.45192869092071,0.038364055759723,0.19767424813248,"Ccl12,Nucks1,N4bp1,Tmem39a",0.704049904396079
"GO:1902850","microtubule cytoskeleton organization involved in mitosis",164,3,0.0182926829268293,4.039471234407,2.63274649937004,0.0386947407431223,0.198944062074307,"Zw10,Mad2l1,Spdl1",0.701269018803832
"GO:0001954","positive regulation of cell-matrix adhesion",69,2,0.0289855072463768,6.4007080429251,3.02934216011617,0.0392004344231018,0.20070947065907,"Rock1,Disc1",0.697432134448571
"GO:0140014","mitotic nuclear division",282,4,0.0141843971631206,3.13226138270803,2.42687117996434,0.0396454533648729,0.201040236344477,"Zw10,Mad2l1,Spdl1,Nfe2l1",0.696717013855184
"GO:0019318","hexose metabolic process",283,4,0.0141342756183746,3.12119332128503,2.41859292401389,0.0400779767560968,0.201040236344477,"Mdh2,Nfe2l1,Zmpste24,Hkdc1",0.696717013855184
"GO:0140053","mitochondrial gene expression",168,3,0.0178571428571429,3.9432933478735,2.5805214376675,0.0410829549062967,0.205664266160469,"Mrps18b,Mrpl1,Tfb2m",0.686841159727002
"GO:0003229","ventricular cardiac muscle tissue development",71,2,0.028169014084507,6.22040640791313,2.97044572254716,0.0412824223720339,0.205829497028306,"Id2,Zmpste24",0.686492387208836
"GO:0006360","transcription by RNA polymerase I",71,2,0.028169014084507,6.22040640791313,2.97044572254716,0.0412824223720339,0.205829497028306,"Sf3b1,Zmpste24",0.686492387208836
"GO:0007043","cell-cell junction assembly",169,3,0.0177514792899408,3.91996025114052,2.56771680740886,0.041691420909649,0.206384783053528,"Gpbar1,Rock1,Fscn1",0.685322326809887
"GO:0072331","signal transduction by p53 class mediator",169,3,0.0177514792899408,3.91996025114052,2.56771680740886,0.041691420909649,0.206384783053528,"Ndufs6,Hexim1,Zmpste24",0.685322326809887
"GO:0050680","negative regulation of epithelial cell proliferation",170,3,0.0176470588235294,3.89690166142793,2.55500995304407,0.0423044333493882,0.206384783053528,"Ccl12,Krit1,Tnmd",0.685322326809887
"GO:0030330","DNA damage response, signal transduction by p53 class mediator",72,2,0.0277777777777778,6.13401187446989,2.94183814438351,0.0423387752552467,0.206384783053528,"Ndufs6,Zmpste24",0.685322326809887
"GO:0045600","positive regulation of fat cell differentiation",72,2,0.0277777777777778,6.13401187446989,2.94183814438351,0.0423387752552467,0.206384783053528,"Id2,Tfe3",0.685322326809887
"GO:1903008","organelle disassembly",72,2,0.0277777777777778,6.13401187446989,2.94183814438351,0.0423387752552467,0.206384783053528,"Rchy1,Vrk1",0.685322326809887
"GO:0065004","protein-DNA complex assembly",172,3,0.0174418604651163,3.85158885141133,2.52988404736421,0.0435440588197714,0.206384783053528,"Tspyl5,Atad2b,Tspyl4",0.685322326809887
"GO:0007249","canonical NF-kappaB signal transduction",291,4,0.013745704467354,3.03538731932531,2.35365888900755,0.0436352273415293,0.206384783053528,"Ppm1a,Nfkbid,Faim,Rock1",0.685322326809887
"GO:0001514","selenocysteine incorporation",10,1,0.1,22.0824427480916,4.49728619078613,0.0443798424751587,0.206384783053528,"Pstk",0.685322326809887
"GO:0003149","membranous septum morphogenesis",10,1,0.1,22.0824427480916,4.49728619078613,0.0443798424751587,0.206384783053528,"Id2",0.685322326809887
"GO:0006388","tRNA splicing, via endonucleolytic cleavage and ligation",10,1,0.1,22.0824427480916,4.49728619078613,0.0443798424751587,0.206384783053528,"Zbtb8os",0.685322326809887
"GO:0006451","translational readthrough",10,1,0.1,22.0824427480916,4.49728619078613,0.0443798424751587,0.206384783053528,"Pstk",0.685322326809887
"GO:0007021","tubulin complex assembly",10,1,0.1,22.0824427480916,4.49728619078613,0.0443798424751587,0.206384783053528,"Tbca",0.685322326809887
"GO:0007207","phospholipase C-activating G protein-coupled acetylcholine receptor signaling pathway",10,1,0.1,22.0824427480916,4.49728619078613,0.0443798424751587,0.206384783053528,"Orai1",0.685322326809887
"GO:0032263","GMP salvage",10,1,0.1,22.0824427480916,4.49728619078613,0.0443798424751587,0.206384783053528,"Adk",0.685322326809887
"GO:0035878","nail development",10,1,0.1,22.0824427480916,4.49728619078613,0.0443798424751587,0.206384783053528,"Prkab1",0.685322326809887
"GO:0042451","purine nucleoside biosynthetic process",10,1,0.1,22.0824427480916,4.49728619078613,0.0443798424751587,0.206384783053528,"Adk",0.685322326809887
"GO:0042455","ribonucleoside biosynthetic process",10,1,0.1,22.0824427480916,4.49728619078613,0.0443798424751587,0.206384783053528,"Adk",0.685322326809887
"GO:0043490","malate-aspartate shuttle",10,1,0.1,22.0824427480916,4.49728619078613,0.0443798424751587,0.206384783053528,"Mdh2",0.685322326809887
"GO:0044828","host-mediated suppression of viral genome replication",10,1,0.1,22.0824427480916,4.49728619078613,0.0443798424751587,0.206384783053528,"Ccl12",0.685322326809887
"GO:0046053","dAMP metabolic process",10,1,0.1,22.0824427480916,4.49728619078613,0.0443798424751587,0.206384783053528,"Adk",0.685322326809887
"GO:0046129","purine ribonucleoside biosynthetic process",10,1,0.1,22.0824427480916,4.49728619078613,0.0443798424751587,0.206384783053528,"Adk",0.685322326809887
"GO:0051660","establishment of centrosome localization",10,1,0.1,22.0824427480916,4.49728619078613,0.0443798424751587,0.206384783053528,"Mad2l1",0.685322326809887
"GO:0071314","cellular response to cocaine",10,1,0.1,22.0824427480916,4.49728619078613,0.0443798424751587,0.206384783053528,"Slc1a1",0.685322326809887
"GO:0090091","positive regulation of extracellular matrix disassembly",10,1,0.1,22.0824427480916,4.49728619078613,0.0443798424751587,0.206384783053528,"Fscn1",0.685322326809887
"GO:0097168","mesenchymal stem cell proliferation",10,1,0.1,22.0824427480916,4.49728619078613,0.0443798424751587,0.206384783053528,"Ndufs6",0.685322326809887
"GO:1902031","regulation of NADP metabolic process",10,1,0.1,22.0824427480916,4.49728619078613,0.0443798424751587,0.206384783053528,"Hsd11b1",0.685322326809887
"GO:1903799","negative regulation of miRNA processing",10,1,0.1,22.0824427480916,4.49728619078613,0.0443798424751587,0.206384783053528,"Zmpste24",0.685322326809887
"GO:1904667","negative regulation of ubiquitin protein ligase activity",10,1,0.1,22.0824427480916,4.49728619078613,0.0443798424751587,0.206384783053528,"Mad2l1",0.685322326809887
"GO:1990705","cholangiocyte proliferation",10,1,0.1,22.0824427480916,4.49728619078613,0.0443798424751587,0.206384783053528,"Gpbar1",0.685322326809887
"GO:2000321","positive regulation of T-helper 17 cell differentiation",10,1,0.1,22.0824427480916,4.49728619078613,0.0443798424751587,0.206384783053528,"Nfkbid",0.685322326809887
"GO:0006446","regulation of translational initiation",74,2,0.027027027027027,5.96822776975449,2.8862109268091,0.04448163743127,0.206384783053528,"Eif2ak1,Habp4",0.685322326809887
"GO:0008347","glial cell migration",74,2,0.027027027027027,5.96822776975449,2.8862109268091,0.04448163743127,0.206384783053528,"Ccl12,Disc1",0.685322326809887
"GO:0034248","regulation of amide metabolic process",75,2,0.0266666666666667,5.88865139949109,2.85915655372168,0.0455679245395785,0.210634537170799,"Rock1,Hsd11b1",0.676470417229668
"GO:0001885","endothelial cell development",76,2,0.0263157894736842,5.81116914423463,2.83258650845652,0.0466639688487229,0.213198205554492,"Tnmd,Rock1",0.671216454997538
"GO:0032147","activation of protein kinase activity",76,2,0.0263157894736842,5.81116914423463,2.83258650845652,0.0466639688487229,0.213198205554492,"Cab39,Slc1a1",0.671216454997538
"GO:0001935","endothelial cell proliferation",177,3,0.0169491525423729,3.7427869064562,2.46868652116667,0.0467219870551629,0.213198205554492,"Ccl12,Krit1,Tnmd",0.671216454997538
"GO:0030879","mammary gland development",178,3,0.0168539325842697,3.7217600137233,2.45671415697673,0.047371007972386,0.213198205554492,"Arhgap5,Id2,Orai1",0.671216454997538
"GO:0051168","nuclear export",178,3,0.0168539325842697,3.7217600137233,2.45671415697673,0.047371007972386,0.213198205554492,"Ppm1a,Nsun2,Nop9",0.671216454997538
"GO:0007059","chromosome segregation",433,5,0.0115473441108545,2.54993565220457,2.19172977754528,0.0474587471372715,0.213198205554492,"Zw10,Mad2l1,Spdl1,Gem,Bex4",0.671216454997538
"GO:0032088","negative regulation of NF-kappaB transcription factor activity",77,2,0.025974025974026,5.73569941508873,2.80648534420352,0.0477696612247838,0.213198205554492,"Nfkbid,Trim37",0.671216454997538
"GO:1903051","negative regulation of proteolysis involved in protein catabolic process",77,2,0.025974025974026,5.73569941508873,2.80648534420352,0.0477696612247838,0.213198205554492,"Mtm1,N4bp1",0.671216454997538
"GO:0006979","response to oxidative stress",434,5,0.0115207373271889,2.54406022443452,2.18597964035064,0.0478447292108604,0.213198205554492,"Pcna,Mapkap1,Mctp1,Nfe2l1,Slc1a1",0.671216454997538
"GO:0000394","RNA splicing, via endonucleolytic cleavage and ligation",11,1,0.0909090909090909,20.0749479528106,4.26772875560302,0.0487088500357008,0.213198205554492,"Zbtb8os",0.671216454997538
"GO:0009157","deoxyribonucleoside monophosphate biosynthetic process",11,1,0.0909090909090909,20.0749479528106,4.26772875560302,0.0487088500357008,0.213198205554492,"Adk",0.671216454997538
"GO:0009215","purine deoxyribonucleoside triphosphate metabolic process",11,1,0.0909090909090909,20.0749479528106,4.26772875560302,0.0487088500357008,0.213198205554492,"Adk",0.671216454997538
"GO:0010922","positive regulation of phosphatase activity",11,1,0.0909090909090909,20.0749479528106,4.26772875560302,0.0487088500357008,0.213198205554492,"Rock1",0.671216454997538
"GO:0015858","nucleoside transport",11,1,0.0909090909090909,20.0749479528106,4.26772875560302,0.0487088500357008,0.213198205554492,"Slc25a26",0.671216454997538
"GO:0034351","negative regulation of glial cell apoptotic process",11,1,0.0909090909090909,20.0749479528106,4.26772875560302,0.0487088500357008,0.213198205554492,"Ccl12",0.671216454997538
"GO:0043615","astrocyte cell migration",11,1,0.0909090909090909,20.0749479528106,4.26772875560302,0.0487088500357008,0.213198205554492,"Ccl12",0.671216454997538
"GO:0044029","positive regulation of gene expression via chromosomal CpG island demethylation",11,1,0.0909090909090909,20.0749479528106,4.26772875560302,0.0487088500357008,0.213198205554492,"Zmpste24",0.671216454997538
"GO:0044829","host-mediated activation of viral genome replication",11,1,0.0909090909090909,20.0749479528106,4.26772875560302,0.0487088500357008,0.213198205554492,"Nucks1",0.671216454997538
"GO:0046501","protoporphyrinogen IX metabolic process",11,1,0.0909090909090909,20.0749479528106,4.26772875560302,0.0487088500357008,0.213198205554492,"Eif2ak1",0.671216454997538
"GO:0071481","cellular response to X-ray",11,1,0.0909090909090909,20.0749479528106,4.26772875560302,0.0487088500357008,0.213198205554492,"Nucks1",0.671216454997538
"GO:0080144","intracellular amino acid homeostasis",11,1,0.0909090909090909,20.0749479528106,4.26772875560302,0.0487088500357008,0.213198205554492,"Slc1a1",0.671216454997538
"GO:1901329","regulation of odontoblast differentiation",11,1,0.0909090909090909,20.0749479528106,4.26772875560302,0.0487088500357008,0.213198205554492,"Nfe2l1",0.671216454997538
"GO:1903025","regulation of RNA polymerase II regulatory region sequence-specific DNA binding",11,1,0.0909090909090909,20.0749479528106,4.26772875560302,0.0487088500357008,0.213198205554492,"Zmpste24",0.671216454997538
"GO:1903059","regulation of protein lipidation",11,1,0.0909090909090909,20.0749479528106,4.26772875560302,0.0487088500357008,0.213198205554492,"Atg13",0.671216454997538
"GO:1904338","regulation of dopaminergic neuron differentiation",11,1,0.0909090909090909,20.0749479528106,4.26772875560302,0.0487088500357008,0.213198205554492,"Id2",0.671216454997538
"GO:2000197","regulation of ribonucleoprotein complex localization",11,1,0.0909090909090909,20.0749479528106,4.26772875560302,0.0487088500357008,0.213198205554492,"Nsun2",0.671216454997538
"GO:0051865","protein autoubiquitination",78,2,0.0256410256410256,5.66216480720298,2.78083830313305,0.0488848933086585,0.213590708749669,"Rchy1,Trim37",0.670417643153371
