"Annot","Term","Annotated","Significant","Pvalue","Padj","GeneID"
"GO:0008203","cholesterol metabolic process",165,6,1.30491759148068e-11,5.2163213367458e-09,"Msmo1,Hmgcs1,Fdft1,Ldlr,Insig1,Pmp22"
"GO:0016125","sterol metabolic process",174,6,1.80110359920849e-11,5.2163213367458e-09,"Msmo1,Hmgcs1,Fdft1,Ldlr,Insig1,Pmp22"
"GO:1902652","secondary alcohol metabolic process",178,6,2.0672343474554e-11,5.2163213367458e-09,"Msmo1,Hmgcs1,Fdft1,Ldlr,Insig1,Pmp22"
"GO:0006066","alcohol metabolic process",380,6,1.99311211208233e-09,3.26326483609845e-07,"Msmo1,Hmgcs1,Fdft1,Ldlr,Insig1,Pmp22"
"GO:0008202","steroid metabolic process",385,6,2.1553928904217e-09,3.26326483609845e-07,"Msmo1,Hmgcs1,Fdft1,Ldlr,Insig1,Pmp22"
"GO:0006695","cholesterol biosynthetic process",70,4,1.04169222323525e-08,1.12651573284155e-06,"Msmo1,Hmgcs1,Fdft1,Insig1"
"GO:1902653","secondary alcohol biosynthetic process",70,4,1.04169222323525e-08,1.12651573284155e-06,"Msmo1,Hmgcs1,Fdft1,Insig1"
"GO:0016126","sterol biosynthetic process",74,4,1.30625903067627e-08,1.23604760777742e-06,"Msmo1,Hmgcs1,Fdft1,Insig1"
"GO:0036196","zymosterol metabolic process",16,3,2.3610187957371e-08,1.78729122837298e-06,"Msmo1,Hmgcs1,Fdft1"
"GO:0036197","zymosterol biosynthetic process",16,3,2.3610187957371e-08,1.78729122837298e-06,"Msmo1,Hmgcs1,Fdft1"
"GO:0033489","cholesterol biosynthetic process via desmosterol",21,3,5.60169906337468e-08,3.85498744634057e-06,"Msmo1,Hmgcs1,Fdft1"
"GO:0033490","cholesterol biosynthetic process via lathosterol",22,3,6.48485383949481e-08,4.09086196374798e-06,"Msmo1,Hmgcs1,Fdft1"
"GO:0046165","alcohol biosynthetic process",156,4,2.65392737749802e-07,1.54540232674308e-05,"Msmo1,Hmgcs1,Fdft1,Insig1"
"GO:0006694","steroid biosynthetic process",191,4,5.96731579588167e-07,3.22661289820173e-05,"Msmo1,Hmgcs1,Fdft1,Insig1"
"GO:0044281","small molecule metabolic process",1875,7,1.06451890994055e-06,5.37227209883333e-05,"Ddit4,Msmo1,Hmgcs1,Fdft1,Ldlr,Insig1,Pmp22"
"GO:0045338","farnesyl diphosphate metabolic process",6,2,2.03756243247343e-06,9.64021725863989e-05,"Hmgcs1,Fdft1"
"GO:0008610","lipid biosynthetic process",741,5,4.36777514062431e-06,0.000194494457732506,"Msmo1,Hmgcs1,Fdft1,Ldlr,Insig1"
"GO:0006629","lipid metabolic process",1493,6,6.48169663795751e-06,0.00027259135305188,"Msmo1,Hmgcs1,Fdft1,Ldlr,Insig1,Pmp22"
"GO:0006721","terpenoid metabolic process",110,3,8.92612331628176e-06,0.000355635544759226,"Hmgcs1,Fdft1,Ldlr"
"GO:0006720","isoprenoid metabolic process",127,3,1.37402434303989e-05,0.000520068213840599,"Hmgcs1,Fdft1,Ldlr"
"GO:0021782","glial cell development",150,3,2.26154907597163e-05,0.000815234595481202,"Ldlr,Mal,Pmp22"
"GO:0071404","cellular response to low-density lipoprotein particle stimulus",34,2,7.57637293083034e-05,0.00260696104938117,"Hmgcs1,Ldlr"
"GO:0055094","response to lipoprotein particle",35,2,8.0338811343928e-05,0.0026441947907545,"Hmgcs1,Ldlr"
"GO:0044283","small molecule biosynthetic process",674,4,8.64137377354054e-05,0.00272563331107091,"Msmo1,Hmgcs1,Fdft1,Insig1"
"GO:0008299","isoprenoid biosynthetic process",39,2,9.9969255010224e-05,0.00302706904170958,"Hmgcs1,Fdft1"
"GO:0071402","cellular response to lipoprotein particle stimulus",43,2,0.000121723885011593,0.00354403772899138,"Hmgcs1,Ldlr"
"GO:0010001","glial cell differentiation",305,3,0.000186076294194062,0.00521702795203352,"Ldlr,Mal,Pmp22"
"GO:0090181","regulation of cholesterol metabolic process",60,2,0.000237755433854737,0.0064278879795727,"Ldlr,Insig1"
"GO:0006644","phospholipid metabolic process",373,3,0.000336231561899424,0.00877680318475393,"Hmgcs1,Fdft1,Ldlr"
"GO:0098737","protein insertion into plasma membrane",1,1,0.000388651379712557,0.00980696981474685,"Mal"
"GO:0042063","gliogenesis",415,3,0.000459476667345843,0.0111006583655389,"Ldlr,Mal,Pmp22"
"GO:0062012","regulation of small molecule metabolic process",418,3,0.000469248438173374,0.0111006583655389,"Ddit4,Ldlr,Insig1"
"GO:0019637","organophosphate metabolic process",1115,4,0.000597100341655182,0.0136971199585749,"Ddit4,Hmgcs1,Fdft1,Ldlr"
"GO:0042632","cholesterol homeostasis",104,2,0.00071291070325848,0.0154819809102957,"Ldlr,Insig1"
"GO:0055092","sterol homeostasis",105,2,0.000726602928390832,0.0154819809102957,"Ldlr,Insig1"
"GO:0006641","triglyceride metabolic process",127,2,0.00105990578647528,0.0191808385314721,"Ldlr,Insig1"
"GO:0019218","regulation of steroid metabolic process",130,2,0.00111008400300675,0.0191808385314721,"Ldlr,Insig1"
"GO:0046889","positive regulation of lipid biosynthetic process",131,2,0.00112706083194284,0.0191808385314721,"Ldlr,Insig1"
"GO:0062014","negative regulation of small molecule metabolic process",137,2,0.00123154914048869,0.0198358021138284,"Ddit4,Insig1"
"GO:0023051","regulation of signaling",3853,6,0.00136714614520022,0.0215610339982618,"Ddit4,Eps8l1,Ldlr,Mal,Insig1,Pmp22"
"GO:0006639","acylglycerol metabolic process",157,2,0.00161218542259582,0.023026874809529,"Ldlr,Insig1"
"GO:0006638","neutral lipid metabolic process",159,2,0.00165296931589207,0.0231721809653758,"Ldlr,Insig1"
"GO:0097190","apoptotic signaling pathway",675,3,0.00187924485779698,0.0249155364278424,"Ddit4,Mal,Pmp22"
"GO:0006796","phosphate-containing compound metabolic process",1573,4,0.00216864136566918,0.0269268371941555,"Ddit4,Hmgcs1,Fdft1,Ldlr"
"GO:0006793","phosphorus metabolic process",1576,4,0.00218397768261273,0.0269268371941555,"Ddit4,Hmgcs1,Fdft1,Ldlr"
"GO:0045834","positive regulation of lipid metabolic process",185,2,0.00222770653933417,0.0269268371941555,"Ldlr,Insig1"
"GO:0055088","lipid homeostasis",190,2,0.00234765027056045,0.0269268371941555,"Ldlr,Insig1"
"GO:0048583","regulation of response to stimulus",4311,6,0.00250234523288925,0.0270697839560344,"Ddit4,Eps8l1,Ldlr,Mal,Insig1,Pmp22"
"GO:0042552","myelination",200,2,0.00259657088840143,0.0270697839560344,"Mal,Pmp22"
"GO:0007272","ensheathment of neurons",204,2,0.00269949766839329,0.0270697839560344,"Mal,Pmp22"
"GO:0008366","axon ensheathment",204,2,0.00269949766839329,0.0270697839560344,"Mal,Pmp22"
"GO:0009719","response to endogenous stimulus",1706,4,0.00292482035021965,0.0286682066677917,"Ddit4,Hmgcs1,Ldlr,Insig1"
"GO:0071396","cellular response to lipid",805,3,0.00310530169497023,0.0286682066677917,"Ddit4,Ldlr,Insig1"
"GO:0046890","regulation of lipid biosynthetic process",238,2,0.00365105891120492,0.0314074044975242,"Ldlr,Insig1"
"GO:0061024","membrane organization",880,3,0.00399539023018527,0.0321756425984069,"Mal,Insig1,Pmp22"
"GO:0051716","cellular response to stimulus",8819,8,0.00414750101005463,0.0330490343643301,"Ddit4,Mt2,Hmgcs1,Eps8l1,Ldlr,Mal,Insig1,Pmp22"
"GO:0009966","regulation of signal transduction",3214,5,0.00443194966223819,0.034210910930135,"Ddit4,Eps8l1,Mal,Insig1,Pmp22"
"GO:0046434","organophosphate catabolic process",282,2,0.00508258225216049,0.0352983005952797,"Ddit4,Ldlr"
"GO:0022008","neurogenesis",2099,4,0.00621090932303702,0.0380731297818074,"Ddit4,Ldlr,Mal,Pmp22"
"GO:0007417","central nervous system development",1110,3,0.0076499121747995,0.0413004550126391,"Ddit4,Ldlr,Mal"
"GO:0033993","response to lipid",1161,3,0.00866220428121234,0.0455367266727621,"Ddit4,Ldlr,Insig1"
"GO:0048878","chemical homeostasis",1182,3,0.00910135168031001,0.0465740304549535,"Mt2,Ldlr,Insig1"
"GO:0046486","glycerolipid metabolic process",394,2,0.00970340902254387,0.0467243704418658,"Ldlr,Insig1"
"GO:0010646","regulation of cell communication",3858,5,0.00984304334925138,0.0467243704418658,"Ddit4,Eps8l1,Mal,Insig1,Pmp22"
"GO:0019216","regulation of lipid metabolic process",399,2,0.0099412472990034,0.0467243704418658,"Ldlr,Insig1"
"GO:0019220","regulation of phosphate metabolic process",415,2,0.0107199118974625,0.0483023771114895,"Ddit4,Ldlr"
"GO:0051174","regulation of phosphorus metabolic process",418,2,0.0108688779056903,0.0483023771114895,"Ddit4,Ldlr"
"GO:1901698","response to nitrogen compound",1271,3,0.0111100312411932,0.0483023771114895,"Hmgcs1,Ldlr,Insig1"
"GO:0023052","signaling",7797,7,0.0112301431593423,0.0483023771114895,"Ddit4,Mt2,Eps8l1,Ldlr,Mal,Insig1,Pmp22"
"GO:0050727","regulation of inflammatory response",430,2,0.0114740433372285,0.048786860001618,"Ldlr,Pmp22"
"GO:2001233","regulation of apoptotic signaling pathway",446,2,0.0123039168648986,0.0500738178800155,"Mal,Pmp22"
"GO:0070887","cellular response to chemical stimulus",2640,4,0.0139741366152308,0.0518550069496556,"Ddit4,Mt2,Ldlr,Insig1"
"GO:0006950","response to stress",4288,5,0.0154379291831423,0.0554561268475241,"Ddit4,Mt2,Ldlr,Insig1,Pmp22"
"GO:0043603","amide metabolic process",506,2,0.0156452211878242,0.0554561268475241,"Hmgcs1,Ldlr"
"GO:1901701","cellular response to oxygen-containing compound",1469,3,0.0164637073954336,0.0563937850603765,"Ddit4,Ldlr,Insig1"
"GO:0007399","nervous system development",2794,4,0.0170034002766295,0.0569538672982677,"Ddit4,Ldlr,Mal,Pmp22"
"GO:0048731","system development",4438,5,0.0178352792636492,0.0581952862180279,"Ddit4,Ldlr,Mal,Insig1,Pmp22"
"GO:0009605","response to external stimulus",2865,4,0.0185348012308139,0.0583502292206429,"Ddit4,Mt2,Ldlr,Pmp22"
"GO:0050896","response to stimulus",10946,8,0.0187363590150817,0.0583502292206429,"Ddit4,Mt2,Hmgcs1,Eps8l1,Ldlr,Mal,Insig1,Pmp22"
"GO:0080134","regulation of response to stress",1544,3,0.0188205192913373,0.0583502292206429,"Ldlr,Insig1,Pmp22"
"GO:0023057","negative regulation of signaling",1648,3,0.0223949657212986,0.0648425908489101,"Ddit4,Ldlr,Insig1"
"GO:0120031","plasma membrane bounded cell projection assembly",629,2,0.0235754820273624,0.0663513174628345,"Eps8l1,Pmp22"
"GO:0072521","purine-containing compound metabolic process",630,2,0.0236456534350886,0.0663513174628345,"Ddit4,Hmgcs1"
"GO:0030031","cell projection assembly",643,2,0.0245659716541439,0.0678702209568867,"Eps8l1,Pmp22"
"GO:0035556","intracellular signal transduction",3119,4,0.0247450449789863,0.0681163601785187,"Ddit4,Mt2,Eps8l1,Insig1"
"GO:0006753","nucleoside phosphate metabolic process",704,2,0.0290814094555232,0.0738087757814817,"Ddit4,Hmgcs1"
"GO:0009892","negative regulation of metabolic process",3295,4,0.0297492173786304,0.0750671918520775,"Ddit4,Ldlr,Insig1,Pmp22"
"GO:0055086","nucleobase-containing small molecule metabolic process",727,2,0.0308662912274646,0.077627184249803,"Ddit4,Hmgcs1"
"GO:0030154","cell differentiation",5107,5,0.0317747696262754,0.0790997862947704,"Ddit4,Ldlr,Mal,Insig1,Pmp22"
"GO:0048869","cellular developmental process",5108,5,0.0317999075096935,0.0790997862947704,"Ddit4,Ldlr,Mal,Insig1,Pmp22"
"GO:0032787","monocarboxylic acid metabolic process",740,2,0.0318946077833423,0.0790997862947704,"Ddit4,Insig1"
"GO:0032870","cellular response to hormone stimulus",741,2,0.0319742861376483,0.0790997862947704,"Ddit4,Insig1"
"GO:0048585","negative regulation of response to stimulus",1918,3,0.0333652752515813,0.0799288397640728,"Ddit4,Ldlr,Insig1"
"GO:0007165","signal transduction",7185,6,0.0337341802465928,0.0805576480967532,"Ddit4,Mt2,Eps8l1,Mal,Insig1,Pmp22"
"GO:0007275","multicellular organism development",5197,5,0.0340920234324982,0.0806489429325035,"Ddit4,Ldlr,Mal,Insig1,Pmp22"
"GO:0120035","regulation of plasma membrane bounded cell projection organization",782,2,0.0353111070336182,0.0824601855033608,"Eps8l1,Pmp22"
"GO:0033554","cellular response to stress",1962,3,0.0353863683199332,0.0824601855033608,"Ddit4,Insig1,Pmp22"
"GO:0051707","response to other organism",1963,3,0.0354330641043434,0.0824601855033608,"Ddit4,Mt2,Pmp22"
"GO:0043207","response to external biotic stimulus",1967,3,0.0356201858118877,0.0824601855033608,"Ddit4,Mt2,Pmp22"
"GO:0051129","negative regulation of cellular component organization",797,2,0.0365655577019828,0.0839638217177706,"Ldlr,Pmp22"
"GO:0031344","regulation of cell projection organization",798,2,0.0366498197040548,0.0839638217177706,"Eps8l1,Pmp22"
"GO:0045596","negative regulation of cell differentiation",801,2,0.0369030773853148,0.0839638217177706,"Ldlr,Insig1"
"GO:1902532","negative regulation of intracellular signal transduction",804,2,0.0371570413149976,0.0839638217177706,"Ddit4,Insig1"
"GO:0009607","response to biotic stimulus",2007,3,0.0375211911767821,0.0845343503595955,"Ddit4,Mt2,Pmp22"
"GO:0042592","homeostatic process",2027,3,0.0384919960055815,0.0853821604886483,"Mt2,Ldlr,Insig1"
"GO:1901700","response to oxygen-containing compound",2039,3,0.0390809717058032,0.085503744454604,"Ddit4,Ldlr,Insig1"
"GO:0006952","defense response",2058,3,0.0400234700924022,0.0873134491641165,"Ddit4,Ldlr,Pmp22"
"GO:1902531","regulation of intracellular signal transduction",2070,3,0.0406250152895263,0.0883710821096879,"Ddit4,Eps8l1,Insig1"
"GO:0044419","biological process involved in interspecies interaction between organisms",2098,3,0.0420475214063363,0.090942782013133,"Ddit4,Mt2,Pmp22"
"GO:0006915","apoptotic process",2116,3,0.0429759492811664,0.0920955445351365,"Ddit4,Mal,Pmp22"
"GO:0007610","behavior",882,2,0.0440027220860813,0.0935675860088863,"Ldlr,Pmp22"
"GO:0042221","response to chemical",5610,5,0.0462002303839146,0.0960812483533608,"Ddit4,Mt2,Hmgcs1,Ldlr,Insig1"
"GO:0008219","cell death",2202,3,0.0475621610997406,0.0978384672622381,"Ddit4,Mal,Pmp22"
"GO:0012501","programmed cell death",2202,3,0.0475621610997406,0.0978384672622381,"Ddit4,Mal,Pmp22"
"GO:0006954","inflammatory response",938,2,0.0491956727030123,0.098888954465736,"Ldlr,Pmp22"
"GO:0031347","regulation of defense response",940,2,0.0493852822722469,0.098888954465736,"Ldlr,Pmp22"
