"gene","p_val","avg_log2fc","pct.1","pct.2","p_val_adj"
"Aacs",4.25805294352844e-06,0.356231823656544,0.114,0.079,0.0639559552117972
"Aagab",0.000684567152049807,-0.117067404857343,0.189,0.227,1
"Aatk",4.01696385579455e-05,0.182073057396992,0.92,0.89,0.603347971140341
"Abca2",0.000727216307504414,-0.121589961578655,0.347,0.394,1
"Abca3",0.00205853989775805,-0.117449554351407,0.117,0.145,1
"Abca7",4.65245330369219e-07,-0.195167234176098,0.065,0.101,0.00698798486214567
"Abcc5",1.45978884115132e-10,-0.247198295354299,0.491,0.571,2.19260283940929e-06
"Abcg1",0.000794117641502327,-0.12368846678693,0.36,0.447,1
"Abtb2",0.00181515028918562,-0.159519990593087,0.266,0.343,1
"Acap3",0.00249944299706964,-0.136237345984466,0.143,0.173,1
"Acbd4",0.006759768782126,-0.260619907176694,0.124,0.166,1
"Acly",0.00475569945373216,0.259440651176313,0.202,0.177,1
"Acrbp",6.11434839799166e-06,-0.352196285546105,0.112,0.195,0.0918375129378348
"Actg1",0.0046184834237643,-0.170868539839016,0.391,0.456,1
"Adam11",0.00226552390445524,-0.167264246798779,0.443,0.517,1
"Adamts20",1.86655306072288e-09,0.280069920455516,0.527,0.459,2.80356269720576e-05
"Adamts6",0.00825403711255629,0.0736243141592968,0.12,0.077,1
"Adamtsl5",2.12565484400291e-10,-0.237294699459379,0.558,0.628,3.19273357569237e-06
"Adcy1",0.000146123012797247,0.299009150751871,0.758,0.734,1
"Add3",0.00297850282819956,-0.235319668483632,0.331,0.399,1
"Adipor2",0.00161978667084325,-0.161568609900185,0.155,0.221,1
"Adnp",0.000601755263771352,-0.124182254390136,0.103,0.133,1
"Adprh",0.00927950718596052,-0.205607238167128,0.102,0.14,1
"Aebp2",0.00034201457576601,-0.159006121621224,0.118,0.15,1
"Afg3l2",0.0077841099223407,-0.151253879527921,0.205,0.268,1
"Agap1",1.52740654556182e-05,-0.372956888547761,0.29,0.379,0.229416463143385
"Agpat3",0.00855823632548532,-0.148479595875906,0.64,0.703,1
"Ahnak",0.00617493365788302,0.122586922589355,0.921,0.939,1
"Akap8l",8.30435667932362e-07,-0.334780566280532,0.373,0.501,0.0124731437323441
"Akt2",0.00387561068014103,-0.196585568407884,0.192,0.257,1
"Alad",0.00124928151857497,-0.127528304579586,0.217,0.256,1
"Aldh9a1",0.000159994758997837,-0.106995235567482,0.229,0.276,1
"Alyref",0.00394842479728294,-0.0941861441232224,0.064,0.106,1
"Amdhd2",0.00259085857976822,-0.118592869438943,0.103,0.128,1
"Amotl2",0.00161228293880905,-0.112918144266724,0.216,0.253,1
"Amy1",0.00019978366924365,-0.158459609148178,0.203,0.244,1
"Anapc5",0.00699084671646526,-0.123134855669247,0.162,0.216,1
"Angptl4",0.005007260643587,0.214742675046491,0.224,0.2,1
"Ank3",0.00767192998361645,0.109279786987983,0.609,0.599,1
"Ankib1",0.00830283193119952,-0.096811790974089,0.082,0.102,1
"Ankrd10",0.00921196509389276,-0.0766504195836148,0.252,0.317,1
"Ankrd28",0.00145118816742492,-0.101612718918217,0.218,0.257,1
"Ankrd39",0.00409279659089289,-0.0932265282643333,0.079,0.1,1
"Ankrd46",5.44248781112863e-05,-0.15827318383738,0.326,0.435,0.81746166923152
"Anks1",2.28823763714407e-06,-0.181674876756352,0.349,0.415,0.0343693293099039
"Ap2m1",0.00396696249126718,-0.176253470277686,0.099,0.122,1
"Apod",0.000866824731042599,-0.209074786700851,0.295,0.328,1
"Apoe",0.000455975528840579,-0.389493956796304,0.404,0.471,1
"Appbp2",3.69816330358301e-05,-0.186767635002682,0.216,0.262,0.555464128198168
"Arglu1",0.0023492366728489,0.17575685311175,0.625,0.594,1
"Arhgap39",0.000104185088235842,-0.125629630429042,0.521,0.571,1
"Arhgef1",0.00231919276646795,-0.102542921022494,0.314,0.351,1
"Arhgef10",1.26895468790716e-13,-0.260579401905805,0.526,0.616,1.90596994123655e-09
"Arhgef37",7.48449622317205e-08,-0.261971457019892,0.206,0.264,0.00112417133272044
"Arhgef40",0.000104962521922599,0.188304196912179,0.536,0.509,1
"Arid5b",0.000295535505160765,-0.192589383463946,0.084,0.112,1
"Arl13b",0.00589928697827232,-0.0791353663862373,0.105,0.129,1
"Arl8a",0.00775507826535577,-0.101812835350752,0.598,0.668,1
"Armc10",0.00415903107660269,-0.183321355295725,0.09,0.136,1
"Arpc1a",0.0021093693904192,-0.173363125476425,0.087,0.11,1
"Arrb2",8.54412286348573e-07,-0.269295899415535,0.083,0.121,0.0128332725409556
"Arrdc3",0.00113051883734727,-0.186968540332233,0.281,0.362,1
"Art3",5.03143972551939e-10,-0.214049091617625,0.678,0.748,7.55722246773013e-06
"Asah1",0.00719956812793442,-0.106485066631225,0.363,0.431,1
"Ash1l",0.00354247651071358,-0.0898996324599239,0.142,0.17,1
"Aspa",9.88873725074663e-07,-0.237982628890978,0.27,0.33,0.0148528833506214
"Asph",0.00068807107858049,-0.259155081859332,0.245,0.317,1
"Atat1",8.29920033376448e-06,-0.178418536191872,0.154,0.2,0.124653989013143
"Atf3",0.00532943478902654,-0.240701919121733,0.158,0.206,1
"Atg13",0.00222887212728459,-0.083715557544518,0.148,0.212,1
"Atg16l2",0.0016231300667746,-0.0620247775226981,0.093,0.118,1
"Atp11a",2.4624665248194e-06,-0.227060506539273,0.142,0.187,0.0369862472027874
"Atp11b",0.00211738926377028,-0.148701874527157,0.218,0.29,1
"Atp1a2",3.58633098010093e-05,-0.215242177942151,0.558,0.638,0.538666913211159
"Atp1b3",0.000218911029636411,-0.144746151734439,0.276,0.324,1
"Atp6v0e",0.00301762211513878,-0.291599670479731,0.072,0.109,1
"Atp6v1g2",0.0043799758594291,-0.23417796080456,0.092,0.137,1
"Atp8a1",4.13532092628576e-11,-0.222779213745621,0.658,0.717,6.21125203128122e-07
"Atpsckmt",0.00293406357661039,-0.0939103594945158,0.086,0.134,1
"Atrnl1",0.00647676810607894,-0.241979846912479,0.074,0.109,1
"Atxn2",0.00595961391343414,-0.0882639685049602,0.155,0.182,1
"Auts2",0.00120509666132252,-0.0871555440820266,0.378,0.429,1
"B3gnt2",0.00251505768473867,-0.0823015434891374,0.061,0.104,1
"B4galnt1",0.000115400763426116,-0.180974215833887,0.195,0.282,1
"Bace1",0.000295808306264111,-0.218837172069875,0.238,0.325,1
"Bahcc1",0.000204648350071688,-0.229656744805038,0.099,0.163,1
"Bax",0.00649194399381082,-0.185736312749271,0.318,0.386,1
"Baz1b",0.000452207615257327,-0.197398784044012,0.257,0.348,1
"Bbip1",0.00547154406949225,-0.123089938509854,0.11,0.134,1
"Bbs2",0.00801066925903184,-0.247591808621586,0.081,0.116,1
"Bbs9",0.000116110471451503,-0.281710776597742,0.061,0.106,1
"Bcas1",0.000105273505300285,-0.1467892607876,0.535,0.587,1
"Bcl2l1",1.82288515423046e-06,-0.195706856166978,0.305,0.368,0.0273797350165414
"Bcl2l12",0.00270599040761968,-0.167157267007669,0.144,0.205,1
"Bcl2l2",2.68434571650685e-07,-0.239026141625971,0.331,0.392,0.00403188726619328
"Bfar",0.0011500654946252,-0.101135915521597,0.123,0.184,1
"Bhlhe41",0.00109998127747337,-0.12077259789523,0.066,0.115,1
"Bicd2",1.67977379071887e-09,-0.255160052601052,0.288,0.362,2.52302023365975e-05
"Birc6",0.00104663624397207,-0.143783463870178,0.287,0.374,1
"Bok",0.000137916222009579,-0.234253112617534,0.323,0.421,1
"Borcs8",0.00737509945046396,-0.0897918942899181,0.174,0.202,1
"Brd8",0.00250368194165094,-0.0558426620118491,0.307,0.35,1
"Brsk2",3.31707903621923e-09,-0.279962543436617,0.183,0.247,4.98225271240128e-05
"Brwd1",2.79172707718143e-05,-0.243487664887264,0.288,0.395,0.41931740699265
"C1s1",5.79763710384278e-07,-0.443594157231653,0.082,0.151,0.00870805092997185
"C3",3.21675414424787e-05,-0.475383374099398,0.215,0.295,0.483156472466029
"C4b",4.7497807168126e-05,-0.178608489242818,0.879,0.909,0.713417063665253
"Cacfd1",0.00464877993735004,-0.107540528220584,0.161,0.221,1
"Cacnb1",0.0080833046413424,-0.176438830927341,0.117,0.139,1
"Cage1",0.00574225239276179,-0.0846933614249158,0.109,0.16,1
"Camk2g",0.00907952343144194,-0.0836993196747779,0.191,0.221,1
"Capzb",0.00134165966202021,-0.197848953173529,0.265,0.35,1
"Car11",0.000261137894094709,-0.164732139369882,0.174,0.213,1
"Card19",0.000506834020199169,-0.162937616660301,0.092,0.119,1
"Carm1",0.00428108492891362,-0.230479311343819,0.232,0.301,1
"Carmil3",0.000628869798466599,-0.141261643945284,0.088,0.115,1
"Carns1",4.62022218916259e-06,-0.134643193127964,0.713,0.752,0.0693957372812221
"Catsper2",0.00193344915465214,-0.131760949982665,0.086,0.11,1
"Ccdc84",0.00865072008597167,0.181499212920439,0.224,0.197,1
"Ccdc85b",0.00433408274901156,-0.215441902453135,0.371,0.435,1
"Ccnl2",0.000173256560477799,-0.108344750269416,0.252,0.3,1
"Ccser2",0.00210417860502332,0.174309846696702,0.471,0.45,1
"Cd200",0.000351724738344826,-0.297773897667314,0.202,0.27,1
"Cdc37l1",0.000101120192390183,-0.141328589650941,0.503,0.554,1
"Cdc42ep1",2.41795837972056e-05,-0.333496525776906,0.092,0.152,0.363177348634029
"Cdc42se1",0.00197775785120651,-0.242336412971407,0.111,0.157,1
"Cdh1",0.00186020828151898,-0.162736663845018,0.159,0.19,1
"Cdh19",1.01464051578458e-17,-0.355544982234409,0.898,0.955,1.52399005470844e-13
"Cdh2",0.000115413074304679,-0.339090603901395,0.219,0.292,1
"Cdk5",0.0091904607790199,-0.0779683322636568,0.203,0.232,1
"Cebpd",0.00127134006810479,-0.112487626335379,0.275,0.355,1
"Celf2",0.000699768045457834,-0.14858267812234,0.65,0.735,1
"Cemip2",0.00361566993066267,-0.160231133003045,0.374,0.456,1
"Cep250",0.00129773588926799,-0.0971497010574571,0.165,0.201,1
"Cerk",4.52920369016295e-08,-0.195807722896462,0.174,0.235,0.000680286394262476
"Cers4",0.0057414696486609,-0.111182394340498,0.1,0.123,1
"Cfap100",2.99283330502064e-05,-0.191592939629696,0.781,0.843,0.4495235624141
"Cfl2",0.00106572608633112,-0.110255560112236,0.134,0.165,1
"Cfp",0.00949026473121366,-0.12470890322413,0.106,0.153,1
"Chd2",0.00661955482195934,-0.128387008365402,0.314,0.384,1
"Chic1",0.00457700613287902,-0.0694412702774176,0.101,0.151,1
"Chka",0.00686882984193057,-0.249453741414417,0.115,0.163,1
"Chkb",0.00147040646327244,-0.0801776176564584,0.231,0.272,1
"Chl1",0.000276209777027219,-0.22841648290504,0.319,0.403,1
"Chordc1",0.00739328336237922,-0.128081878174099,0.105,0.127,1
"Chpf2",2.02939486452935e-06,-0.157235465904047,0.149,0.197,0.0304815108652309
"Chpt1",6.14873496492178e-06,-0.241773648714771,0.161,0.206,0.0923539991731251
"Chst3",0.00205658280523174,-0.0802615742847977,0.233,0.308,1
"Chtop",0.00802163954398391,-0.140733169979644,0.344,0.419,1
"Chuk",0.00505809831556282,-0.116542522207776,0.091,0.113,1
"Ciao1",0.00999361613488088,-0.00530106942823394,0.115,0.163,1
"Cirbp",0.000745215378547613,0.236192891549932,0.656,0.605,1
"Cisd2",0.00204017822509833,-0.208185231766135,0.197,0.264,1
"Clasp1",0.00482694692686096,-0.156007320438225,0.164,0.218,1
"Clcn2",7.8115849602326e-07,-0.203320997865295,0.413,0.48,0.0117330006102694
"Cldn19",4.38125923100491e-11,0.174365934945207,0.894,0.882,6.58065136496937e-07
"Clk1",2.49861473860595e-10,-0.219244111727711,0.488,0.567,3.75291933738613e-06
"Clk4",0.00181078159744512,-0.255124111045281,0.221,0.283,1
"Clmn",0.00581984921561766,0.191990914951211,0.242,0.215,1
"Cltc",0.000284339399125761,-0.160219466297132,0.093,0.122,1
"Cmtm5",0.00558094086296533,-0.119506711990178,0.377,0.41,1
"Cnn3",0.000120040064104715,-0.167432885654637,0.136,0.172,1
"Cnnm3",0.00572930544364066,0.361274389841915,0.182,0.14,1
"Col27a1",0.00269391128751519,-0.194785185682775,0.602,0.652,1
"Col6a3",0.00459868228397946,-0.211789803611226,0.086,0.126,1
"Commd7",0.00498015776832646,-0.135201751790555,0.153,0.21,1
"Coq2",0.00221783392891177,-0.245304408010318,0.073,0.112,1
"Cox19",0.00280207105016779,-0.130493807724924,0.083,0.13,1
"Cp",0.000558708555014596,-0.303686908842082,0.119,0.173,1
"Cpd",0.00166591149311349,-0.130895461150792,0.151,0.182,1
"Cpe",0.00765182174494439,-0.302037202434756,0.152,0.195,1
"Cpeb2",0.00896099080184796,0.149343779741912,0.512,0.494,1
"Cpne1",0.00538294197848599,-0.262815266505462,0.143,0.193,1
"Cpsf6",0.00462406746745713,-0.230574667309834,0.233,0.287,1
"Cpt1c",0.00137877743478962,-0.121832939115219,0.096,0.151,1
"Creb3l2",0.00289178888346361,-0.13761677795526,0.105,0.13,1
"Creld1",0.00437120263209144,-0.216238774690388,0.222,0.285,1
"Creld2",3.48809962493462e-06,-0.30582329910581,0.238,0.343,0.052391256366518
"Crip2",9.98946399931495e-05,-0.13968763698104,0.376,0.429,1
"Crppa",0.00160503504954691,-0.172998412548454,0.287,0.367,1
"Cry2",4.76834049542492e-05,-0.267765001539215,0.237,0.332,0.716204742412823
"Cryzl1",0.00248737024009602,-0.0715980445871729,0.233,0.272,1
"Csmd1",0.00135167727167441,0.360307556878427,0.427,0.382,1
"Cspp1",0.00467212061007282,-0.0851370573962218,0.114,0.169,1
"Cst3",2.36576471020845e-09,-0.565231360248029,0.148,0.251,3.5533785947331e-05
"Ctbs",0.000637540123815594,-0.0787201039757919,0.081,0.136,1
"Ctdspl",0.000229244169938782,-0.280848885422694,0.12,0.186,1
"Ctnnal1",7.52377719321006e-12,0.251161487528039,0.752,0.719,1.13007133442015e-07
"Ctsf",0.00993713754116755,-0.138036424548674,0.073,0.106,1
"Cux1",0.00593763492442579,0.410735478780097,0.24,0.195,1
"Cwf19l2",0.00997804565827132,-0.130470411109122,0.149,0.202,1
"Cxxc5",6.19823354075012e-05,0.297567489726039,0.169,0.134,0.930974677820668
"Cyb5r2",1.40064225431012e-06,-0.208944122757711,0.084,0.121,0.021037646659738
"Cyp2d22",0.000131227081490756,-0.254179774910042,0.437,0.525,1
"Cyp39a1",0.00283224236175081,0.205873755153342,0.186,0.158,1
"Cyp51",9.40889092181034e-06,0.339282522400919,0.159,0.121,0.141321541645591
"Cys1",0.000289848916196747,-0.220165615727473,0.098,0.153,1
"Cyth1",0.00926887010372945,-0.154104166494593,0.298,0.36,1
"Czib",3.43078253419037e-07,-0.210773427125023,0.121,0.169,0.00515303536635394
"Dalrd3",0.00757060857263717,-0.0768332135298577,0.104,0.127,1
"Dbi",0.00941682878889359,-0.188584948987338,0.212,0.265,1
"Dbp",2.63820073551353e-11,-0.604579925930603,0.102,0.206,3.96257750474132e-07
"Dcun1d3",0.00427914349433012,-0.102017969285677,0.116,0.141,1
"Dcun1d5",0.0028606096523868,-0.155346988396574,0.225,0.259,1
"Ddhd1",0.000410979434186851,-0.19935958156392,0.487,0.575,1
"Ddn",1.23018078234599e-09,0.237662250812883,0.757,0.723,1.84773153508368e-05
"Ddx23",0.000270370027258173,-0.177265093831074,0.211,0.251,1
"Ddx3x",0.0075602031679717,-0.0831436162114996,0.128,0.154,1
"Ddx3y",0.000181633706619708,-0.405795833530354,0.074,0.122,1
"Ddx46",0.00466431745252909,0.158229409533327,0.302,0.242,1
"Ddx5",1.87358139141951e-06,-0.183039131545519,0.111,0.153,0.0281411924991211
"Dedd",0.00164212966725018,-0.160416797753749,0.149,0.214,1
"Depdc5",0.00719410562264154,-0.124522055047309,0.097,0.119,1
"Derl1",0.000908547670456662,-0.132089959723371,0.1,0.128,1
"Dexi",0.000554434989558004,-0.141333828511589,0.105,0.135,1
"Dhh",0.000508108116376176,-0.300522400551535,0.148,0.206,1
"Dhx35",0.00468441030985004,-0.0817260283151968,0.131,0.158,1
"Dhx8",0.00828373408829263,-0.124628554637702,0.146,0.198,1
"Dip2b",0.00199067224767915,-0.102399524494028,0.262,0.301,1
"Disc1",0.000216375009236347,-0.312276760572441,0.06,0.104,1
"Dmpk",9.44367273866933e-05,-0.164012015983162,0.15,0.189,1
"Dmwd",0.000795096247482383,-0.144524511815286,0.215,0.254,1
"Dmxl1",0.00891250313981004,-0.176816060443014,0.102,0.142,1
"Dnajb2",6.45372307603953e-05,-0.124737805572751,0.147,0.187,0.969349206021138
"Dnajb4",0.000140185933597275,-0.093033618867267,0.111,0.183,1
"Dnajc17",0.00935369082558766,-0.106397409715981,0.186,0.242,1
"Dnajc7",2.29760059958922e-11,-0.244467872671754,0.509,0.594,3.450996100583e-07
"Dock1",0.000171401340230508,-0.137566346465633,0.41,0.461,1
"Dock9",0.00186434852063494,0.102259180032349,0.799,0.798,1
"Dpm1",0.00181113057808224,-0.130932539599812,0.086,0.11,1
"Dpyd",0.000255680606746348,-0.287098306077999,0.194,0.268,1
"Drp2",1.01837764951447e-05,0.091212336842589,0.972,0.972,0.152960322957074
"Dstn",0.00208052081488825,-0.2405341949864,0.273,0.337,1
"Dtx4",0.00233349541923122,-0.296701602940034,0.103,0.147,1
"Dtymk",0.00433658596822825,-0.0904691376283275,0.193,0.225,1
"Dusp11",1.0780069592667e-10,-0.278465109999362,0.259,0.337,1.61916645281858e-06
"Dusp15",5.08530302435849e-30,-0.292277882955442,0.922,0.951,7.63812514258645e-26
"Dyrk1b",0.0023750553142879,-0.121642632845141,0.143,0.173,1
"Dzip3",0.000837464672478148,-0.110693678663598,0.095,0.122,1
"Ece1",0.00105897131915014,-0.319644663053277,0.137,0.191,1
"Eef2k",0.00313797720268809,-0.261646171913676,0.066,0.103,1
"Efcc1",0.000369323386272617,-0.279392856376595,0.379,0.475,1
"Efs",0.00523347535604845,-0.218972276987498,0.213,0.273,1
"Eid1",1.71788150841173e-06,-0.170675008244354,0.179,0.232,0.0258025802563442
"Eif2ak3",0.00353757278353435,-0.110525038417628,0.158,0.216,1
"Emc1",0.00664299133770677,-0.275043184904619,0.14,0.184,1
"Emc10",0.00301555464585835,-0.142080461403004,0.139,0.167,1
"Emc8",9.05363905099616e-05,-0.478346706408394,0.056,0.1,1
"Emid1",9.24469448987954e-05,0.332183188528497,0.299,0.26,1
"Endod1",0.000116542640884645,-0.285183285096449,0.596,0.673,1
"Epb41l2",0.000415647152094754,0.213709608913266,0.439,0.405,1
"Epb41l4b",4.20215174824494e-10,-0.310322272117707,0.834,0.897,6.3116319258639e-06
"Epha2",0.0036160436949527,-0.32153738929858,0.066,0.101,1
"Eps15",0.00368915138591098,-0.170880430916003,0.355,0.437,1
"Eps8l1",0.000354686822345932,-0.17012556120089,0.131,0.164,1
"Erbb3",0.00295020208077595,-0.14260206619865,0.429,0.508,1
"Erf",2.32708108062385e-05,-0.545470145325023,0.062,0.112,0.349527578309703
"Erlin2",0.000163963068315931,-0.213014374224114,0.092,0.122,1
"Errfi1",1.10469566045874e-05,-0.319408601634634,0.263,0.363,0.165925288200903
"Esrra",0.000200844950556787,-0.126158793306379,0.09,0.12,1
"Etnk1",1.97130036623825e-06,-0.373485948783108,0.251,0.351,0.0296089315008986
"Etnppl",5.79951873919777e-16,-0.627828586757472,0.114,0.183,8.71087714627505e-12
"Evc2",3.6498102003762e-05,-0.148616513500433,0.203,0.25,0.548201492096505
"Evi5l",0.00105543508607936,0.401225463413363,0.135,0.088,1
"Exoc5",0.00607772063029592,-0.11359549947019,0.199,0.261,1
"Exoc6b",0.000151407539731667,-0.130704128710179,0.361,0.413,1
"Exoc8",0.000871636908894225,-0.164556318464519,0.258,0.343,1
"F3",1.15305668412181e-07,-0.498511372250359,0.166,0.261,0.00173189113955096
"Fa2h",0.00266330972339141,-0.135402494996389,0.812,0.866,1
"Fads6",0.000604269252531821,-0.212285793835146,0.25,0.325,1
"Faf1",0.00113953330951406,-0.245336229307488,0.134,0.188,1
"Faim",0.00863918944971819,-0.0993818824028322,0.094,0.115,1
"Fam102a",0.00359986518386145,-0.169493053910046,0.169,0.223,1
"Fam120a",0.00687606790525452,-0.114623656421484,0.148,0.205,1
"Fam171a2",0.000120806355354598,-0.228118298715578,0.197,0.28,1
"Fam214b",0.00357288979327655,-0.152397812393496,0.172,0.235,1
"Fam219b",0.00802428618618695,-0.112484353803,0.075,0.115,1
"Fam49b",0.00188355321852935,-0.0591663809225358,0.246,0.327,1
"Fam53b",5.54547670819566e-11,-0.464208673742379,0.599,0.743,8.32930601570987e-07
"Fam57a",1.07280707593404e-07,-0.385197884963222,0.266,0.383,0.00161135622805293
"Fam76a",0.00126989704303461,-0.174781392959639,0.091,0.116,1
"Fam83f",9.32936026416728e-05,-0.158166240563519,0.167,0.209,1
"Far1",3.98737644972311e-05,-0.135781269511996,0.502,0.558,0.598903942748411
"Fbh1",0.00825260605559956,-0.1146481067575,0.127,0.152,1
"Fbxl2",1.18628651156736e-07,-0.280344848134335,0.097,0.139,0.00178180234037417
"Fbxl6",0.00762767844219959,0.251405163083559,0.104,0.085,1
"Fbxo21",0.00385183226878841,-0.135649200684317,0.086,0.108,1
"Fbxo8",0.00259495375434132,-0.0782449386355979,0.085,0.134,1
"Fbxw5",0.00340112770531243,-0.146163165952681,0.107,0.152,1
"Fdft1",0.00783849572230431,0.174883115304935,0.399,0.353,1
"Fdps",5.8498099083484e-11,0.456465630782574,0.163,0.106,8.7864144823393e-07
"Fdxr",0.000424453276857655,-0.324410963175297,0.15,0.209,1
"Fer",0.00332211772453303,-0.29121995127793,0.067,0.103,1
"Fggy",0.00335538896599201,-0.324244359867169,0.082,0.119,1
"Fhl3",0.000209296086704541,-0.157644993837917,0.383,0.429,1
"Fip1l1",0.00400761757172191,-0.197198839893353,0.212,0.282,1
"Fkbp2",5.08919587587549e-09,-0.296869289364848,0.155,0.213,7.64397220556499e-05
"Fkbp3",0.00334233890661466,0.21399369216345,0.16,0.134,1
"Fkrp",0.00985245007979656,-0.105902035231828,0.135,0.184,1
"Flcn",0.00382981494037201,-0.12039146854748,0.259,0.33,1
"Flnb",0.000132224990883333,0.285596967114105,0.358,0.325,1
"Fmn2",1.30201291836958e-06,0.21238648628922,0.646,0.614,0.0195562340339111
"Fmo5",0.00408924836027821,-0.159834861761303,0.108,0.158,1
"Fmr1",0.00426139339324278,-0.249989060864781,0.238,0.306,1
"Fn3k",0.000679927332978951,-0.10166235163635,0.113,0.177,1
"Fnbp1",0.00506584123470161,0.37590627496659,0.154,0.112,1
"Fndc1",0.000487191888366574,0.181643495964459,0.127,0.098,1
"Foxo3",0.00903640753264298,-0.180049547801319,0.507,0.576,1
"Fra10ac1",3.06750170951239e-05,-0.204588076289048,0.128,0.165,0.46073875676876
"Frmd3",8.2697376860766e-05,0.248357185723499,0.364,0.326,1
"Frmd8",0.000562858442042058,-0.232011260745143,0.44,0.523,1
"Fstl3",0.000594201813995599,-0.280866276640784,0.122,0.183,1
"Fto",0.000440122723967616,-0.103669416497082,0.171,0.209,1
"Fus",2.43674387102988e-44,-0.610758600337384,0.373,0.534,3.65998929428687e-40
"Fuz",0.000985030558279711,-0.136816199557518,0.168,0.204,1
"Fxyd1",3.9159542563451e-05,-0.184779753884164,0.326,0.381,0.588176329303034
"Fxyd5",0.003805159452069,-0.085914420197454,0.124,0.174,1
"Fxyd7",3.38351771114889e-06,-0.33897512082151,0.515,0.616,0.0508204360214563
"Gab1",5.49008787779604e-05,0.452796661522269,0.38,0.312,0.824611199244966
"Gabarapl1",0.00239392216925687,-0.163317167392428,0.564,0.637,1
"Gadd45b",0.00238121752056096,0.321546255628678,0.212,0.155,1
"Galnt16",1.62812824543139e-12,-0.348767850009832,0.192,0.269,2.44544862463795e-08
"Gamt",0.00591726449629564,-0.0990879840673308,0.083,0.104,1
"Gas2l3",1.98287346698661e-05,-0.153811826048582,0.364,0.423,0.297827594741389
"Gdi1",1.19555553089807e-05,-0.13642247376417,0.584,0.644,0.17957244074089
"Gdpd3",0.00656250539217075,-0.0878203820614847,0.173,0.204,1
"Gfra1",0.00169549188367947,-0.140199757584561,0.54,0.624,1
"Ggnbp1",0.00124901878525564,-0.172560951627981,0.166,0.237,1
"Ggps1",0.00334080922865144,-0.182350499302996,0.106,0.158,1
"Git2",0.00470229990469255,-0.108009271013007,0.178,0.208,1
"Gjc3",2.65861930151563e-06,-0.166396100559051,0.236,0.292,0.0399324619087648
"Gldn",0.000792999544792214,0.228308066275745,0.323,0.29,1
"Glrx2",0.005045341596481,-0.0834786098218792,0.086,0.108,1
"Gls",0.000182250816972603,-0.133527750394575,0.494,0.54,1
"Gng7",0.00020837060319219,-0.122405508874676,0.118,0.188,1
"Gnptab",3.40485734597671e-05,-0.158318381249595,0.16,0.202,0.511409573365702
"Gpbp1l1",0.00959288841116942,-0.175173633739065,0.322,0.39,1
"Gpm6b",2.59380751645731e-05,-0.193655375673899,0.205,0.252,0.389589888971888
"Gpr108",0.0012215946956587,-0.298075132256314,0.109,0.157,1
"Gpr37l1",7.11163649577267e-05,-0.409832294806386,0.183,0.253,1
"Gprc5b",0.00420344658175094,-0.0852250915042752,0.375,0.418,1
"Gpsm2",0.00659453784222359,-0.168444805092576,0.1,0.14,1
"Gpt2",1.51289682486637e-05,-0.349103346457181,0.259,0.349,0.227237103094929
"Gramd1a",0.00321306337908437,-0.146561474134876,0.347,0.431,1
"Gramd1b",0.00644055783675671,0.405538113955377,0.175,0.134,1
"Gria3",0.00127215431858577,-0.284612421373684,0.172,0.231,1
"Grik3",0.00711758200768623,-0.274059636823533,0.156,0.203,1
"Grina",0.000180485238474584,-0.141368249018285,0.368,0.416,1
"Grk2",0.00372729328152474,-0.115674799362413,0.073,0.112,1
"Grk4",0.00364777933006691,-0.221979290120122,0.103,0.151,1
"Gsn",1.70276162405496e-08,-0.282735534643433,0.234,0.296,0.000255754795933055
"Gtf2i",0.000897150633377534,-0.206035296375509,0.477,0.56,1
"Gtf3c2",0.00594716251790533,-0.238057808627083,0.376,0.449,1
"H13",0.00558048294360264,-0.105076876311106,0.202,0.266,1
"H2-Q4",0.00412671037598349,0.438223105635789,0.107,0.071,1
"H2afj",0.00201985093987418,-0.175928393497172,0.095,0.146,1
"H3f3a",0.000883834184443382,-0.227732156814829,0.313,0.393,1
"Hace1",0.000303302607195835,-0.124876752100098,0.104,0.135,1
"Hcn1",0.000787640637258928,-0.196677912841441,0.119,0.148,1
"Hdac4",0.00122893684108757,-0.318926681607922,0.104,0.151,1
"Hectd3",0.00137714186348905,-0.213850638937588,0.223,0.294,1
"Hecw2",0.00565862148630383,-0.0917385709353724,0.215,0.248,1
"Herc4",0.0023269718155565,-0.141031541096053,0.158,0.221,1
"Herpud1",1.41710529374643e-07,-0.486647016433192,0.076,0.147,0.00212849215120713
"Hexdc",0.00771533845798416,-0.0498809827642303,0.134,0.188,1
"Hist3h2a",0.00157915617311792,-0.152716095153145,0.062,0.108,1
"Hjurp",0.00221572585618424,-0.134848040375164,0.235,0.27,1
"Hmgcr",0.00872219113659422,0.222775152393613,0.149,0.128,1
"Hmgcs1",1.51743056621092e-09,0.394803490636078,0.262,0.2,2.2791807104488e-05
"Hmgcs2",0.000870986484475897,-0.0919153133258774,0.458,0.514,1
"Hnrnpa2b1",0.00136312164652654,-0.0810123860993253,0.538,0.586,1
"Hnrnph1",0.000861857397332991,-0.205436350300464,0.221,0.291,1
"Hnrnpm",0.00904703308826431,-0.131574187760456,0.44,0.511,1
"Hp1bp3",0.00252619092277312,-0.150872824590177,0.234,0.269,1
"Hprt",0.00369743123083502,-0.186684910424798,0.133,0.186,1
"Hr",0.00410309395940615,-0.102827695148799,0.109,0.134,1
"Hsd17b14",8.07846127736523e-07,-0.286732957530081,0.151,0.198,0.0121338488386026
"Hsp90ab1",0.000764413583184222,-0.217542217456123,0.433,0.517,1
"Hsp90b1",0.000748653720646212,-0.217347490202378,0.08,0.126,1
"Hspa1b",4.24615536106283e-16,-0.401068880544082,0.089,0.237,6.37772535231636e-12
"Hspa5",0.000143713867410136,-0.214134928370894,0.257,0.35,1
"Hspa8",1.24473959854969e-08,-0.461431327084208,0.384,0.49,0.000186959887702163
"Hspb2",0.000210150144743992,-0.166167011052092,0.124,0.158,1
"Hspe1",0.00713100872401664,-0.162535628946939,0.075,0.115,1
"Iah1",0.00127627902962178,-0.196256231095001,0.143,0.205,1
"Id4",0.00774836740494504,-0.102013211284944,0.258,0.323,1
"Idh3b",0.00545705638515381,-0.202297565285559,0.148,0.196,1
"Idua",0.00568288647003836,-0.168726104227431,0.218,0.282,1
"Ifngr2",0.00399506021259349,-0.101601804885179,0.121,0.174,1
"Ift122",0.00229935756093199,-0.134964551156314,0.14,0.17,1
"Igf1r",0.000369578220442709,-0.309802841917338,0.164,0.227,1
"Igfbp5",0.003263225971944,-0.373630476096869,0.469,0.529,1
"Igfbp7",0.00301595036119553,-0.324284585136295,0.123,0.169,1
"Igflr1",0.00305154887171253,-0.0728105273718851,0.138,0.167,1
"Igsf11",0.000335684340292141,-0.124234547622912,0.108,0.14,1
"Inpp1",0.00491763317319376,-0.0690019881223005,0.181,0.214,1
"Inpp4a",0.000214361673527771,-0.150285226330772,0.394,0.445,1
"Inpp5f",0.00010765396551202,-0.201684632521142,0.078,0.131,1
"Inppl1",0.00505222425440752,-0.240126771994774,0.322,0.393,1
"Insig1",4.74234960438702e-05,0.313518338191727,0.275,0.236,0.71230091057893
"Insig2",0.00483761912231068,-0.112250397514675,0.088,0.134,1
"Ip6k2",1.4156871144677e-05,-0.255698396573483,0.382,0.503,0.212636204593049
"Ippk",0.00235033881122955,-0.121547280420384,0.08,0.103,1
"Iqcc",3.319846553681e-05,-0.124423419140172,0.098,0.134,0.498640952362887
"Iqgap2",0.00161674837419285,-0.137861741637034,0.16,0.192,1
"Irf3",0.00554239143501054,-0.112067069230556,0.13,0.156,1
"Irf9",0.00283934436719561,-0.0518073971808916,0.076,0.122,1
"Ist1",0.00575452953898899,-0.0521462608840968,0.306,0.391,1
"Itgb4",3.3065994529027e-07,-0.194173576539549,0.479,0.547,0.00496651237825986
"Itgb8",0.000294120739730464,-0.117916766206028,0.307,0.357,1
"Itm2b",0.000827126777402403,-0.320448925117771,0.227,0.291,1
"Itpk1",7.56823485275149e-05,-0.163188283714391,0.378,0.432,1
"Itpr3",0.000180541533688071,-0.137604542519727,0.371,0.424,1
"Itpripl2",0.00694719268759379,-0.0950356273983377,0.128,0.154,1
"Ivd",0.00173309916732104,-0.145357459087949,0.228,0.262,1
"Izumo4",0.00172846591605424,-0.165964193624869,0.149,0.214,1
"Jam3",0.00274950924885328,-0.0914787386684037,0.372,0.416,1
"Jarid2",0.00249715286220418,-0.127362694368636,0.18,0.249,1
"Jmjd1c",0.00366874506995639,-0.232119870571249,0.067,0.103,1
"Jmy",0.0014034726429809,-0.22759024461023,0.414,0.501,1
"Josd2",0.00124090166697541,-0.279961694980449,0.468,0.548,1
"Junb",1.96515031048082e-05,0.727650573790239,0.108,0.055,0.295165576634219
"Kank2",0.0055129178977047,-0.18312027032575,0.269,0.337,1
"Kansl1l",0.00284347197899109,-0.231920382834582,0.095,0.139,1
"Kat5",0.00339850461243427,-0.243629285090783,0.236,0.303,1
"Kat6b",0.0013429001020732,-0.369493325784214,0.102,0.147,1
"Kazn",0.0014471009875772,-0.13017928328213,0.355,0.399,1
"Kcna1",9.22672417772985e-13,0.472279446533732,0.716,0.605,1.38585397149502e-08
"Kcna2",0.00112209472581826,0.219965537910015,0.381,0.35,1
"Kcnk1",0.000862501449928129,-0.196511100735188,0.619,0.708,1
"Kcnn4",0.00225082613924453,-0.309834336552022,0.074,0.113,1
"Kcns3",0.000191799805195959,-0.150829837351987,0.111,0.179,1
"Kctd3",0.001459864797914,-0.158674376779036,0.135,0.197,1
"Kctd5",0.00760572643599063,-0.143047161455493,0.095,0.139,1
"Kdm4b",0.00112099531734171,-0.180348535606682,0.089,0.115,1
"Kidins220",0.00147797074308293,-0.13804156159547,0.273,0.314,1
"Kif1a",0.00429807339891909,0.445243105486482,0.108,0.073,1
"Kif21a",1.05609266160548e-05,-0.225956146682189,0.232,0.281,0.158625117773143
"Kif3a",0.00134311644190323,-0.141790629193232,0.321,0.36,1
"Kif5b",0.0044304117829742,-0.0766283582195952,0.322,0.362,1
"Kifc2",1.3824088930615e-08,-0.310575919396404,0.092,0.138,0.000207637815737837
"Kirrel",0.00989961332329608,0.156683439233774,0.223,0.199,1
"Klc4",0.00868167585170517,-0.100618079593607,0.102,0.125,1
"Klf10",0.00174099514359399,-0.378512497150662,0.096,0.139,1
"Klf15",2.51878707992886e-05,-0.403359609078315,0.167,0.24,0.378321819405314
"Klf7",4.12931264202146e-05,-0.187280934069924,0.16,0.201,0.620222758831623
"Klf9",3.30217575152598e-08,-0.463378663295484,0.284,0.414,0.000495986797879202
"Klhl18",0.00887932059603284,-0.0801822937435956,0.091,0.134,1
"Klhl3",0.00359285748191868,-0.141656514548073,0.25,0.325,1
"Lactb2",0.00101261213664778,-0.185568788182037,0.1,0.126,1
"Lama4",4.73777775318752e-05,0.279531525791005,0.234,0.193,0.711614218528765
"Lama5",0.000632088054067117,-0.0806277465755464,0.275,0.372,1
"Lamp2",0.00646425723652258,-0.0706560738822488,0.146,0.174,1
"Larp1",0.00605062984003067,-0.22179417488236,0.088,0.126,1
"Ldlr",1.53259173900102e-08,0.320991415922984,0.26,0.197,0.000230195279197953
"Lemd2",0.00467384246916316,-0.143825951680508,0.407,0.483,1
"Leng8",0.00321362719256244,-0.065262741033365,0.791,0.824,1
"Lgals4",0.00394255261722874,-0.0650944647474545,0.318,0.363,1
"Lgals8",0.000331938745039777,-0.213085019228561,0.133,0.166,1
"Lifr",0.00214135892582765,-0.154145806858595,0.136,0.19,1
"Limd1",0.00449181677010914,-0.0940932788455719,0.13,0.179,1
"Lmo1",3.68278807142305e-06,-0.231013547564401,0.33,0.438,0.0553154768327742
"Lox",3.4319257119861e-06,-0.212268646147107,0.099,0.137,0.0515475241940312
"Lpin1",0.000322156007050886,-0.191669437928871,0.216,0.299,1
"Lrrc75a",0.00655141944820261,-0.172217209149526,0.091,0.112,1
"Lsm14a",0.00189631764838928,-0.111065924266881,0.244,0.283,1
"Lsm14b",0.00194894811964727,-0.230808111030097,0.225,0.296,1
"Lta4h",5.01492238360613e-08,-0.284650378133529,0.14,0.193,0.000753241342017641
"Ltbp4",0.00147002521067866,-0.342656826447226,0.162,0.217,1
"Luc7l2",9.72098080062822e-05,0.202827728111148,0.528,0.496,1
"Luc7l3",0.00669147777043083,-0.133885202729515,0.492,0.558,1
"Lztr1",0.00137528330706761,-0.135178184481256,0.152,0.184,1
"Mafg",3.34857586230021e-06,-0.229030071588631,0.166,0.213,0.0502956094517492
"Mag",0.00106347315341495,-0.326097616685191,0.276,0.338,1
"Magi1",0.00759671388352721,0.205270350648255,0.176,0.153,1
"Magt1",0.00751151931283513,-0.121760767606899,0.347,0.424,1
"Man1a",0.00923438105145587,0.160330171231543,0.155,0.133,1
"Map1b",0.00803873178830496,-0.0962021553732195,0.288,0.321,1
"Map2k2",0.00905119323885023,-0.114766099906868,0.293,0.33,1
"Map3k11",0.00986245146629698,-0.137623718314404,0.538,0.616,1
"Map3k2",0.00214602777014244,-0.0861915780948992,0.1,0.126,1
"Map4",0.00803127662733396,-0.206453121023636,0.195,0.247,1
"Map4k2",0.0051326564946094,-0.0775820406967613,0.165,0.195,1
"Mapk1ip1",3.38388379506202e-06,-0.165922950669301,0.143,0.188,0.0508259346018315
"Mapk8ip1",8.5287867755116e-08,-0.252736141678651,0.321,0.385,0.00128102377368184
"Mapre2",0.0068335282429814,-0.263078496732928,0.093,0.131,1
"Mapre3",8.82076588573928e-05,0.171416249992399,0.623,0.611,1
"Mast2",7.55858949983935e-06,0.228679791799408,0.58,0.546,0.113530014287587
"Mast3",0.00126346786441033,-0.129530187461595,0.223,0.299,1
"Mat2a",9.4689792054967e-05,-0.142172533007914,0.49,0.537,1
"Matn2",9.70961284526169e-14,-0.621861220010469,0.387,0.542,1.45838384935831e-09
"Matn4",9.06481377428196e-09,-0.484354364887183,0.204,0.319,0.000136153502889715
"Matr3",0.00143347516534473,-0.082258142940383,0.117,0.146,1
"Mbd2",0.00267786645544126,-0.0734088738886476,0.232,0.271,1
"Mbp",4.79855411031176e-05,0.249916191055492,0.85,0.834,0.720742827368826
"Meaf6",0.000796826652415867,-0.11247825732758,0.145,0.179,1
"Med22",0.000364650801068208,-0.159380743190752,0.082,0.11,1
"Med25",0.000156344868695607,-0.163890515835576,0.133,0.168,1
"Megf9",4.30188101411438e-07,-0.259428870537079,0.175,0.226,0.00646142528319979
"Meis1",0.00441781878177053,-0.172358418748881,0.061,0.101,1
"Men1",0.000898477038118031,-0.166316048724654,0.195,0.273,1
"Mertk",1.90687218233084e-15,-0.417516748587061,0.158,0.237,2.86412201786093e-11
"Mfsd11",0.00832463593844825,-0.0524636892380752,0.143,0.197,1
"Mga",0.00784816038753675,-0.0981093345344047,0.097,0.118,1
"Mgrn1",0.0035665281502268,-0.103095148346888,0.137,0.165,1
"Mia3",0.00180827266121247,-0.124256420529852,0.145,0.175,1
"Mib2",0.00277714788910528,-0.171469545723242,0.094,0.138,1
"Mical2",1.49422458876673e-10,-0.363933887563854,0.107,0.161,2.24432533232762e-06
"Micall2",8.63924673534609e-06,0.323668249565994,0.121,0.086,0.129761485964898
"Mknk2",0.00396125148512593,-0.0797674983011506,0.203,0.27,1
"Mlec",0.00113030188812381,-0.131767627134355,0.297,0.34,1
"Mllt6",0.000928770522322019,-0.117791637757417,0.145,0.177,1
"Mmgt2",0.00116831401466472,-0.1904021067484,0.268,0.353,1
"Mmp15",0.00983101514416782,-0.118051976631767,0.278,0.308,1
"Mocs2",0.00683751991619268,-0.0920493908846334,0.245,0.279,1
"Mpnd",0.000158677092837152,-0.169374933257463,0.143,0.18,1
"Mprip",4.9628900336096e-05,0.273034102637888,0.762,0.748,0.745426083048162
"Mroh1",2.59504516365066e-07,-0.202513595854179,0.102,0.146,0.0038977578358033
"Msmo1",0.00735623381297317,0.217015436336311,0.187,0.165,1
"Mt1",2.21925713810588e-08,-0.425874647502102,0.585,0.696,0.000333332422143503
"Mt2",2.87637557412487e-14,-0.427613112033302,0.119,0.188,4.32031611233555e-10
"Mt3",0.000375391329801042,-0.138843340394578,0.402,0.447,1
"Mtch1",0.00143591537927577,-0.114919457212793,0.237,0.273,1
"Mtcl1",0.000270260186435321,-0.235450965556117,0.077,0.134,1
"Mthfd1l",0.000106986720591058,-0.177618140746019,0.211,0.254,1
"Mthfsd",0.00422969832977301,-0.223977769633874,0.217,0.277,1
"Mtr",0.00527386873492445,-0.0690857007378809,0.232,0.267,1
"Mvk",0.00682966532712497,0.275281232675179,0.212,0.158,1
"Mycbp2",0.00135473658736317,-0.126589906244873,0.266,0.305,1
"Myef2",0.00324296593004697,0.193098970804095,0.175,0.148,1
"Myo18a",0.00735842903856808,-0.0786579984604399,0.295,0.332,1
"Myo7a",0.00254799011111095,-0.0834292114277024,0.174,0.207,1
"Myo9a",1.02732981641745e-06,-0.204851462180285,0.333,0.394,0.0154304938425901
"Naa60",0.000393642209558326,-0.126614042433068,0.097,0.126,1
"Nat9",0.00181517847394299,-0.186294937788659,0.098,0.151,1
"Nav3",2.63302337002349e-05,0.363017806899666,0.372,0.282,0.395480110177529
"Nbl1",0.000488238206428623,-0.154504470417458,0.16,0.194,1
"Ncam1",0.00210467380605743,-0.173710840751208,0.521,0.604,1
"Ncf2",7.55608194783032e-08,-0.278015399659654,0.154,0.206,0.00113492350856411
"Ncln",0.00295745626074116,-0.160320973327834,0.345,0.426,1
"Ndrg2",5.32761000339161e-05,-0.359134200034791,0.186,0.26,0.800207022509419
"Ndufa13",0.0032810611176698,-0.107839061151238,0.639,0.701,1
"Ndufab1",0.000164261167389712,-0.190855181529282,0.086,0.148,1
"Nedd4",0.00108126673220362,-0.232552186902745,0.27,0.35,1
"Nedd9",0.00198205716686287,-0.115310789028933,0.123,0.152,1
"Nek4",0.0017174021079917,-0.135927949433388,0.078,0.102,1
"Nek7",0.00879747315367807,-0.0435745407190687,0.099,0.121,1
"Nemf",0.000675703164416327,-0.167777987112934,0.131,0.163,1
"Nes",4.52876588652691e-05,0.34694520743712,0.684,0.617,0.680220636156342
"Nfib",0.000447907139956637,-0.319231781729063,0.118,0.173,1
"Nicn1",8.65154692818772e-06,-0.186837421557171,0.086,0.121,0.12994623486138
"Nid2",0.00772441603714985,-0.139917917730727,0.287,0.348,1
"Nkain2",0.00384820012304122,-0.185087923840353,0.118,0.165,1
"Nnt",0.00566283875706405,-0.101747980773405,0.122,0.148,1
"Notch1",0.00127226613325116,-0.139884356566394,0.134,0.195,1
"Npc1",0.00580445749590423,-0.150476515373975,0.572,0.633,1
"Nphp3",0.00203898366135068,0.246265946019658,0.155,0.129,1
"Nr1d1",3.50274284050977e-05,-0.321462645626486,0.37,0.457,0.526111974644568
"Nr1d2",0.000236680933739845,-0.161424627536731,0.335,0.431,1
"Nr4a1",0.000362940404119388,-0.18259201885187,0.432,0.536,1
"Nrbp2",0.000848115905701756,0.338467104445518,0.463,0.419,1
"Nrn1",0.000139988436364447,-0.376552245249696,0.199,0.269,1
"Ntan1",1.83819516704637e-05,-0.182492588888749,0.103,0.14,0.276096914090365
"Nudt3",0.000509792624224945,-0.138032536036486,0.257,0.303,1
"Nufip2",0.00388491090582943,-0.09599377690356,0.102,0.126,1
"Numb",0.00198452780113609,-0.112014504388188,0.135,0.165,1
"Oaf",0.0024100001570012,-0.16361206236261,0.323,0.397,1
"Oga",0.00479718154476592,-0.179424347233744,0.321,0.395,1
"Ogn",4.97549245320281e-05,-0.198185978210555,0.338,0.387,0.747318966471063
"Optn",0.00635135336853277,-0.119584205507846,0.111,0.134,1
"Ormdl3",0.000112939202195558,-0.133127470447383,0.093,0.16,1
"Osbp",0.00594245182934649,-0.103147296933706,0.098,0.121,1
"Otub2",0.00747154932094569,-0.0406604724318162,0.084,0.127,1
"Otud7b",3.70393928292006e-18,-0.323270462831118,0.436,0.549,5.56331680294593e-14
"P4ha1",0.00804167177663169,0.204141614766793,0.206,0.181,1
"P4ha2",0.000420631919250225,-0.174371682502109,0.199,0.278,1
"Pabpn1",3.39354330478015e-12,-0.237321325440428,0.697,0.768,5.09710204377978e-08
"Pacsin3",0.000196916443557178,-0.408494868316765,0.068,0.114,1
"Padi2",0.000248300764391895,-0.161193437960658,0.158,0.233,1
"Pak2",0.0049105101080441,-0.121208065149531,0.083,0.104,1
"Pald1",0.00136378007126884,-0.10341916935602,0.158,0.191,1
"Palm",1.08341697277686e-06,-0.227430412788787,0.228,0.281,0.0162729229311085
"Pan3",0.00442417598945875,-0.0933145984503401,0.163,0.193,1
"Paqr4",0.00627543005439832,-0.131297226002283,0.426,0.492,1
"Paqr6",0.00195313560994965,-0.106356316003821,0.367,0.415,1
"Paqr8",2.33856040251811e-06,-0.279962597457927,0.18,0.282,0.0351251772458221
"Pcbp2",0.00295294982226143,-0.115019811251841,0.084,0.106,1
"Pcbp4",0.00102531008600883,-0.16621216334923,0.757,0.812,1
"Pcdh9",0.000134514234771431,-0.340922623613721,0.242,0.319,1
"Pcm1",0.00300580049258415,-0.101220421794761,0.195,0.23,1
"Pcmtd1",0.000796955655588798,-0.158564962006532,0.259,0.343,1
"Pcsk5",0.00179447848413842,-0.291011325734248,0.124,0.174,1
"Pcsk6",0.000600886570449994,-0.0922524919060952,0.109,0.14,1
"Pcyox1l",7.06541838442993e-07,-0.174773370918425,0.332,0.398,0.0106122584134138
"Pcyt2",0.00167777849954949,-0.10943017622701,0.545,0.633,1
"Pdcd6ip",0.00110809558650914,-0.111945976972839,0.599,0.642,1
"Pde7b",0.00332866508102,-0.0149667703267,0.08,0.127,1
"Pdlim4",3.8639347859762e-05,-0.3087626184699,0.239,0.329,0.580363004853625
"Pdlim5",0.00685543731902716,0.215261716954118,0.247,0.22,1
"Pds5b",0.000492475283582225,-0.159663998373579,0.115,0.146,1
"Pdzd2",0.00281039566401712,0.217529989319612,0.693,0.659,1
"Peli2",0.000736027213441331,-0.138338107730031,0.519,0.568,1
"Per1",4.25843663477698e-15,-0.594012168327517,0.497,0.685,6.39617182543502e-11
"Per2",7.31468303946501e-16,-0.412376197959632,0.079,0.142,1.09866539252764e-11
"Per3",4.54318540833676e-09,-0.405840739582556,0.225,0.363,6.82386448332181e-05
"Pex5l",7.82169386587271e-05,-0.158014154882964,0.356,0.409,1
"Pfn1",0.00300148083669523,-0.0814800186454474,0.348,0.433,1
"Pggt1b",0.00627138966821168,-0.0672665450954459,0.131,0.183,1
"Phyhd1",3.76750168213172e-08,-0.586865534989596,0.09,0.168,0.000565878752656185
"Piezo2",0.00378999373328786,0.173138874795773,0.167,0.141,1
"Pigk",0.00469512713133536,-0.150521413200226,0.082,0.103,1
"Pih1d1",0.00174105238277957,-0.123096705222076,0.116,0.176,1
"Pik3ip1",0.00529538150655661,0.164731058405413,0.38,0.35,1
"Pik3r1",3.07897476139635e-08,-0.368620141331346,0.503,0.616,0.000462462009161731
"Pim3",0.00203784004567479,-0.0547294965175626,0.138,0.169,1
"Pisd",0.00495299105319175,-0.137492719119883,0.338,0.412,1
"Plcb3",7.85070006701173e-06,-0.238852150121621,0.089,0.123,0.117917515006516
"Plcb4",0.00385091058246594,-0.191877441791041,0.124,0.17,1
"Plce1",0.000151131165579269,-0.285203552343703,0.281,0.364,1
"Plekha4",1.09831186960742e-14,0.185399523019998,0.974,0.963,1.64966442815034e-10
"Plekha7",4.2518222584036e-06,0.21967625899375,0.607,0.582,0.0638623703212221
"Plekhb1",0.00315559507750759,0.354650076732227,0.412,0.368,1
"Plekhg2",2.96428321674479e-09,0.323544777457352,0.473,0.423,4.45235339155067e-05
"Plin4",1.42992119327447e-05,-0.572782377744854,0.115,0.179,0.214774163229826
"Plk5",9.86468349452813e-14,-0.470352415108337,0.366,0.442,1.48167546087813e-09
"Plp1",1.0331271725514e-05,-0.180727849663877,0.461,0.52,0.155175701317221
"Plpbp",0.00270857728895955,-0.121933893070163,0.137,0.165,1
"Plscr2",6.31772083474561e-05,-0.274930242981922,0.35,0.443,0.948921669378791
"Plscr3",0.00690387225256549,-0.10591647273617,0.285,0.355,1
"Plxna1",0.000916091032772015,-0.089472246112166,0.127,0.159,1
"Plxna3",0.00281320407803223,-0.199431098988596,0.255,0.323,1
"Plxnb3",0.00121914949323063,-0.314886239127495,0.52,0.586,1
"Pmpca",0.00235178233679894,-0.107624764674702,0.15,0.18,1
"Pofut1",0.00967388985440073,0.152137143802821,0.127,0.106,1
"Polb",0.00320983720785257,-0.195782396987353,0.126,0.181,1
"Pold3",0.00999053422899107,-0.109540185271322,0.081,0.1,1
"Polr3d",0.000208620749240357,-0.19944720197097,0.111,0.177,1
"Por",0.00838227026230178,-0.182918256273416,0.101,0.14,1
"Pou3f1",0.000434535764986968,-0.188105337928455,0.067,0.12,1
"Ppl",0.00129851404164122,-0.313960910769259,0.064,0.103,1
"Ppox",0.00303622101240271,0.18367347508806,0.269,0.238,1
"Ppp1r15b",0.00176125286474974,-0.159988031874642,0.258,0.334,1
"Ppp6r3",0.00462089119248644,-0.106046661881834,0.156,0.185,1
"Prdm5",0.00313263457959652,-0.163067596973373,0.105,0.151,1
"Prelid3a",1.26009795746834e-06,-0.392686283914155,0.229,0.343,0.0189266713211744
"Prex2",0.000275721224033201,-0.30135679373456,0.24,0.313,1
"Prkar1a",0.00197704956049122,-0.0831405389480371,0.134,0.165,1
"Prnp",2.32100532439617e-06,-0.324216346622743,0.329,0.435,0.0348614999724304
"Prodh",7.66064744600428e-06,-0.503124180315846,0.165,0.242,0.115062924638984
"Prpf19",0.00878732699994574,-0.123784668098566,0.286,0.351,1
"Prpf38a",0.00693809214276695,-0.070707481190688,0.158,0.216,1
"Prpf4b",0.00413481997347765,-0.270000623914926,0.168,0.218,1
"Prpsap1",0.00438942793454262,-0.195951126328895,0.283,0.351,1
"Prrg3",0.00765388156682482,-0.0797903429894407,0.21,0.241,1
"Prrt1",0.00844559207414746,-0.229396872397153,0.085,0.121,1
"Prx",0.000467886719110097,-0.0760484295657964,0.879,0.899,1
"Psap",0.000134525503110313,-0.172034435709576,0.292,0.339,1
"Pskh1",0.00967665907440157,-0.0828369198298569,0.153,0.207,1
"Psmf1",0.00408215833193657,-0.19625510030125,0.339,0.412,1
"Ptcd3",0.00677588776229046,-0.123039790784667,0.129,0.181,1
"Ptms",0.00492680050414702,-0.132211070956296,0.256,0.318,1
"Ptpa",0.00890959849987144,-0.250573478890117,0.093,0.129,1
"Ptpn13",0.00195920728196644,-0.151661866480417,0.396,0.433,1
"Ptprj",0.00516893952506595,-0.217266232727779,0.116,0.16,1
"Ptprm",0.00917943019485123,0.17752444869912,0.14,0.118,1
"Qk",2.33888295880968e-09,-0.153756872412131,0.845,0.88,3.51300220413214e-05
"Rab11fip3",0.00112405723046833,-0.167257809870361,0.136,0.166,1
"Rab1a",0.00700208183083077,-0.198559596805671,0.248,0.313,1
"Rab20",0.00420716748788753,-0.0995042057176783,0.155,0.214,1
"Rab24",0.000426447320901654,-0.138767496765246,0.37,0.466,1
"Rab33b",0.00344445517891224,-0.0849398722845905,0.235,0.31,1
"Rabep1",0.00095197228287761,-0.103125257655522,0.307,0.353,1
"Rabep2",0.00286778319327172,-0.135264503095096,0.095,0.119,1
"Rai1",0.00350169303246727,0.231777684146031,0.264,0.236,1
"Rai14",0.000175574222227418,0.36700660254248,0.464,0.39,1
"Ralgds",0.000873106833778513,-0.136119062750664,0.08,0.105,1
"Ralgps1",0.000683444354706367,-0.069314368714731,0.106,0.136,1
"Ranbp9",0.00612223325163252,-0.196286260940766,0.195,0.254,1
"Rap1gap",4.19954150268112e-07,-0.138814018349014,0.263,0.329,0.00630771133702704
"Rap1gds1",0.00197782449658161,-0.186109933101775,0.48,0.558,1
"Rapgef3",5.39693730056473e-09,-0.419040969585516,0.529,0.663,8.10619982544823e-05
"Rarres2",0.000561111217795017,-0.220577727284597,0.478,0.566,1
"Rasal2",0.00710890252315924,0.196246033045862,0.7,0.666,1
"Rasgef1c",0.000641724165226351,-0.195836942925517,0.299,0.381,1
"Rassf2",0.000531069661594544,-0.17610700268445,0.169,0.24,1
"Raver2",0.00225428083903326,-0.161791367560467,0.23,0.299,1
"Rb1",0.00022358348680655,-0.175044282142126,0.198,0.239,1
"Rbl2",0.000959909826877403,-0.136659947008117,0.117,0.147,1
"Rbm3",0.000384670829607199,-0.14389239636322,0.1,0.13,1
"Rbm4",0.00106106504663819,-0.143652030248132,0.133,0.163,1
"Rc3h2",0.00518538930789658,-0.126216488987766,0.1,0.123,1
"Rcn1",0.00772241408308864,-0.0769035193694605,0.096,0.118,1
"Rdh5",0.000242104013359487,-0.174033752991018,0.091,0.12,1
"Recql",0.00662196519869781,-0.0335106125882873,0.074,0.115,1
"Reep4",0.00507588086153023,-0.152891969807623,0.083,0.104,1
"Reep5",0.00124972333174125,-0.176680544623825,0.102,0.129,1
"Rere",0.00370797976327503,-0.24196456245017,0.165,0.217,1
"Retreg1",0.00555834974160609,-0.0765299344591233,0.125,0.151,1
"Retreg2",0.00245219272342027,-0.178542306928789,0.368,0.445,1
"Rexo2",0.00637390622926503,-0.0676082381885157,0.154,0.182,1
"Rfesd",0.00709156074020196,-0.114458940639005,0.073,0.113,1
"Rfng",9.23328456106457e-05,-0.220447695658193,0.099,0.165,1
"Rfxank",0.00314522351384529,-0.153143953046443,0.205,0.275,1
"Rgmb",0.000818196100930237,-0.28801271433552,0.193,0.257,1
"Rhbdf1",0.000435109014089746,-0.296939190018539,0.212,0.281,1
"Rhbdf2",3.80101853735367e-05,-0.337175037445779,0.189,0.283,0.570912984310522
"Rhob",0.00584735232852937,-0.291142666521231,0.398,0.464,1
"Rhobtb3",0.00196431469397207,-0.198933173190188,0.613,0.68,1
"Rhot1",1.43234644892173e-06,-0.190150153373937,0.477,0.538,0.0215138436628044
"Rhpn1",1.85958413868688e-05,-0.229499626749428,0.192,0.238,0.279309537630769
"Rilpl2",0.00683963833919881,-0.0868927464205286,0.144,0.198,1
"Rmdn1",7.37676447848642e-05,-0.182169714137896,0.084,0.15,1
"Rnf152",0.00202454366530147,-0.125112274034624,0.107,0.162,1
"Rnf187",0.00494075502073265,-0.0964416406938526,0.102,0.126,1
"Rnf215",0.00368382278716216,-0.241622522100184,0.201,0.256,1
"Rnf4",0.000815427416684987,-0.164597570304413,0.114,0.143,1
"Rnh1",7.1350300981787e-06,-0.212056857067479,0.166,0.212,0.107168152074644
"Rrn3",0.0015711836397199,-0.251126285573335,0.134,0.193,1
"Rsrp1",6.07425342573208e-07,-0.165435294709498,0.684,0.735,0.00912352864544959
"Rtkn",5.75584388479607e-09,-0.306619337599892,0.688,0.776,8.64527751496369e-05
"Rufy3",0.00256971668533922,-0.131068820482511,0.175,0.206,1
"S100a4",0.00539355012622146,0.409147388930441,0.413,0.365,1
"S100a6",5.20500095223418e-06,-0.154670265431331,0.23,0.285,0.0781791143025574
"S100a7a",5.28617113099214e-07,-0.229053229883112,0.145,0.193,0.0079398290387502
"S100b",0.000352660159164,-0.164254471577656,0.258,0.301,1
"Safb",4.67708003511703e-05,-0.272909706546762,0.307,0.412,0.702497421274578
"Safb2",6.88712312235331e-05,-0.27465996887342,0.393,0.506,1
"Sat1",0.000765185614580674,-0.103841440345176,0.595,0.648,1
"Sbds",0.00435132101278708,-0.113328755648751,0.128,0.154,1
"Sbspon",5.56027834246822e-05,-0.175881952727552,0.203,0.25,0.835153807038727
"Scamp2",0.000495402914708318,-0.246241229609392,0.232,0.31,1
"Scfd1",0.00061831139355429,-0.111329833784117,0.148,0.219,1
"Scn7a",5.0233452917037e-05,-0.183968478045553,0.818,0.862,0.754506462813896
"Scrn1",0.00768861334929214,-0.0939181875742676,0.131,0.157,1
"Sdc3",2.03495756373591e-05,-0.263712297540671,0.692,0.757,0.305650626073133
"Sdc4",0.00226740762745333,-0.277527058948565,0.202,0.257,1
"Sdk2",0.00954967078284573,-0.223699855193748,0.222,0.278,1
"Sec11c",0.00480875354262013,-0.259833406547046,0.092,0.131,1
"Sec14l1",0.000477227087526071,-0.185723935299032,0.255,0.341,1
"Sec14l5",2.25400182034845e-13,-0.200335594616752,0.735,0.79,3.38551073416337e-09
"Secisbp2l",0.00362904164666482,0.309298936613766,0.368,0.321,1
"Sema4c",0.00288629329789351,0.103918596547627,0.842,0.831,1
"Sema5a",0.000587778078964811,0.254900470686922,0.199,0.169,1
"Sema6c",5.50009614307422e-08,0.159189192919473,0.837,0.822,0.000826114440689749
"Sema6d",0.000352089811203073,0.312024591915501,0.264,0.228,1
"Sema7a",0.000136535230708898,0.369348455396754,0.337,0.259,1
"Sept11",0.00252636327116657,0.181299389785171,0.458,0.436,1
"Sept8",2.89349878897591e-06,-0.161771278105152,0.651,0.694,0.0434603518104182
"Serf2",3.28539573142505e-07,-0.181393387801055,0.086,0.127,0.00493466438860042
"Serpina3n",3.33032001984756e-06,-0.347096903138831,0.14,0.221,0.0500214066981104
"Serpinh1",5.92636972970244e-10,-0.686597768454129,0.162,0.265,8.90140733401307e-06
"Sf3b1",0.00392881938413792,-0.120707357804225,0.294,0.331,1
"Sfpq",1.07512273129195e-05,-0.142084191591024,0.36,0.421,0.161483434240051
"Sfrp5",6.84483445170989e-05,-0.295494146602736,0.133,0.197,1
"Sfswap",0.000427229741350413,-0.244052605218524,0.363,0.455,1
"Sgf29",6.56002922306237e-07,-0.211254879795105,0.143,0.193,0.00985316389303968
"Sgk1",6.45260365521318e-07,-0.263190424511546,0.15,0.198,0.00969181069013019
"Sh3bp5",0.000277948949184557,-0.156835299651447,0.245,0.289,1
"Sh3d19",0.00199236959001316,0.179749715624355,0.352,0.323,1
"Sh3glb2",2.43295615505767e-05,-0.152339691066135,0.31,0.367,0.365430014489662
"Sh3pxd2b",0.0051452100409802,-0.180615432887459,0.164,0.214,1
"Shroom1",0.00394867201606906,-0.228931391912852,0.1,0.148,1
"Sin3b",0.00237649056442714,-0.103274276665243,0.182,0.216,1
"Sipa1",7.86027298942211e-06,-0.225724547339032,0.16,0.257,0.11806130030112
"Sirt3",0.00848198863165882,-0.0662671689812524,0.083,0.103,1
"Six5",3.42169260932642e-05,-0.339357752876456,0.133,0.201,0.513938229920828
"Slamf9",9.65371676142788e-05,0.23255945676365,0.146,0.112,1
"Slc12a2",0.00253226553310503,-0.285483479335791,0.091,0.132,1
"Slc12a7",0.00195297428885223,-0.205889310688929,0.218,0.289,1
"Slc15a4",0.000296051085241495,-0.162081098779449,0.135,0.205,1
"Slc1a5",6.74068124071692e-06,-0.233290435876449,0.243,0.353,0.101245032235568
"Slc22a17",7.56271158470671e-07,-0.195733961972176,0.292,0.355,0.0113591928002295
"Slc23a2",0.00511084613382739,-0.143586804166241,0.116,0.167,1
"Slc25a10",0.00826829251833777,-0.134331397404774,0.23,0.261,1
"Slc25a11",0.0027169645135884,-0.141990158340517,0.14,0.2,1
"Slc25a27",0.000198182048199793,-0.136714925432689,0.526,0.572,1
"Slc25a36",0.00552332985266669,-0.0990434230685793,0.137,0.164,1
"Slc25a42",0.000462717334491937,-0.0910851522350634,0.062,0.113,1
"Slc25a45",0.00036174530736212,-0.229840978004927,0.124,0.191,1
"Slc25a51",0.000751117486140326,-0.11535762725007,0.179,0.216,1
"Slc27a1",5.46177491616095e-16,-0.259759994294515,0.634,0.719,8.20358592407375e-12
"Slc31a2",0.00135628121190623,-0.249000542581469,0.146,0.201,1
"Slc35e3",0.00300178248313271,-0.11774855947017,0.212,0.283,1
"Slc35f1",0.00256852699744747,-0.116548225156742,0.412,0.495,1
"Slc38a10",0.00811345535704663,-0.0875628847762724,0.379,0.454,1
"Slc38a2",6.38781484896442e-05,-0.343994667833948,0.453,0.551,0.959449790314456
"Slc38a9",0.00560729024074551,-0.253442850918574,0.178,0.235,1
"Slc39a7",0.00105752048801351,-0.117029094552983,0.109,0.138,1
"Slc3a2",0.00046373137141891,-0.207837645607102,0.621,0.699,1
"Slc43a3",6.05612532822893e-06,-0.291385949145163,0.395,0.503,0.0909630024299985
"Slc44a1",8.00462629096198e-05,-0.257205531623971,0.649,0.746,1
"Slc44a2",1.04271375309646e-06,-0.204527126880786,0.189,0.244,0.0156615605715089
"Slc48a1",0.00588712010102126,-0.289940478408874,0.07,0.103,1
"Slc49a4",0.00765408255812039,-0.213793299469685,0.36,0.426,1
"Slc4a3",0.000933506274758004,-0.110427663025196,0.075,0.1,1
"Slc6a1",8.63973276099158e-07,-0.325913030363641,0.393,0.504,0.0129768786070094
"Slc6a6",0.000642108003548578,0.247736779310879,0.129,0.102,1
"Slc6a8",0.00193336035724565,-0.124899967508022,0.199,0.233,1
"Slc7a2",0.000367142337995641,-0.152159080745309,0.285,0.331,1
"Slc8b1",0.000115177669452214,-0.178443267110627,0.172,0.211,1
"Slc9a3",0.000123625030438441,-0.145313028140567,0.083,0.112,1
"Slc9a3r1",0.00513979756465858,-0.237024534888437,0.37,0.437,1
"Slc9a9",2.63535982005383e-06,0.308828165606576,0.164,0.122,0.0395831044972085
"Smarcc1",0.000610987131000654,-0.246523202794519,0.231,0.306,1
"Smox",0.00129296108420578,-0.192236995870638,0.519,0.602,1
"Smurf1",0.00932564319820244,0.165575840565596,0.318,0.293,1
"Smyd3",0.00471635534358655,-0.0867323596071633,0.103,0.127,1
"Snd1",0.00135338363105601,-0.164848437520606,0.404,0.489,1
"Snta1",1.19411363059995e-14,-0.375302303508158,0.224,0.312,1.79355867316112e-10
"Sntb1",0.00441370246347229,-0.217251643938613,0.229,0.287,1
"Snx13",0.00361568709841265,-0.351904274963027,0.067,0.101,1
"Snx14",0.0051242708144183,-0.0778221463990691,0.104,0.128,1
"Snx16",0.00747113442549721,-0.123919917221722,0.22,0.249,1
"Snx27",0.00210329542978274,-0.169900386780433,0.14,0.169,1
"Snx32",0.00481015125186547,-0.281982977841808,0.126,0.17,1
"Snx8",0.00253823288576395,-0.214194263289136,0.204,0.271,1
"Sod3",0.00124175238318644,-0.0888179456655926,0.106,0.134,1
"Sorbs1",5.70970588167171e-05,0.20024959176448,0.561,0.529,0.857597823427091
"Sorcs1",0.000119189045211931,0.186336694853847,0.5,0.465,1
"Sorcs2",1.31200083522958e-06,-0.26128684188208,0.34,0.464,0.0197062525451483
"Sos2",0.00245631101482762,-0.246284638511031,0.156,0.216,1
"Sostdc1",0.00293857976441747,0.33785994039467,0.365,0.306,1
"Sox10",0.00338341463582998,-0.132705750933642,0.913,0.943,1
"Spag9",0.00288083123616271,0.132338840567546,0.562,0.543,1
"Sparc",0.00792519405482655,-0.0701227169331884,0.479,0.547,1
"Sparcl1",3.05005853161767e-06,-0.41437369944253,0.233,0.326,0.0458118791448975
"Spast",0.00470997776169166,-0.214384019238002,0.129,0.181,1
"Spen",0.000842673274264021,-0.288502584986868,0.323,0.402,1
"Spg20",0.00167252010882367,-0.0894394356652664,0.194,0.23,1
"Spire1",0.0010332050375391,-0.116875018623286,0.181,0.217,1
"Sppl2b",0.00130186476089574,-0.178153773292419,0.093,0.119,1
"Sppl3",0.00754731599212238,-0.0862434091978656,0.203,0.266,1
"Spred1",7.89538292105573e-05,-0.456335177582131,0.074,0.123,1
"Spsb2",0.0073995650779046,-0.118171316302658,0.154,0.21,1
"Sptlc2",0.00124033618560955,0.21256076056474,0.394,0.365,1
"Sqle",0.000536862416559255,0.270911470103081,0.117,0.09,1
"Srgap2",0.00111024299989985,0.173139266441274,0.381,0.346,1
"Srpk2",0.00070769801443352,-0.12892898847766,0.195,0.27,1
"Srr",0.000796922613274042,-0.17590125030382,0.109,0.169,1
"Srrm1",0.00437203409662752,-0.0996730900403162,0.456,0.5,1
"Srrt",0.00102554776475846,-0.10887195114277,0.281,0.369,1
"Srsf1",0.000646121338031149,-0.349926125948044,0.481,0.565,1
"Srsf11",0.00872288154152424,-0.104187087579315,0.483,0.522,1
"Srsf4",0.000289547491375274,-0.1623479428218,0.108,0.139,1
"Srsf5",0.00309316264838077,-0.103186123814887,0.239,0.309,1
"Srsf6",0.00732802995602512,-0.181254084883656,0.37,0.438,1
"Ss18l2",1.90872288977753e-06,-0.226960361278353,0.176,0.227,0.0286690178044585
"Ssh1",0.000726605697943438,-0.217688637480801,0.662,0.722,1
"St6gal1",2.20816562129417e-06,-0.331637350808018,0.524,0.637,0.0331666476318384
"Stard3",0.00767479200585439,0.363404926940178,0.154,0.114,1
"Stim1",0.000185894784259779,-0.116461295578089,0.167,0.207,1
"Stk35",0.00694487046177276,-0.135418676678093,0.068,0.108,1
"Stk38",0.00384406340037517,0.323625461299768,0.152,0.108,1
"Stk40",0.00827016043371958,-0.0943965024778847,0.138,0.188,1
"Stx12",0.00885275338472059,-0.0852650923428016,0.159,0.187,1
"Stx2",0.00739388894056078,-0.249690537609061,0.177,0.231,1
"Stx5a",0.00491103270276968,-0.081493120037385,0.161,0.191,1
"Stxbp5",0.000802214068448498,-0.168622082447743,0.112,0.176,1
"Stxbp6",5.45907740207822e-06,-0.159269655035191,0.275,0.335,0.0819953425792149
"Sulf2",0.00384752516669039,-0.387524262001328,0.078,0.114,1
"Sult1a1",0.00321976218881792,-0.200948262603522,0.516,0.593,1
"Sumo1",0.00107874435344476,-0.173151828259548,0.12,0.179,1
"Svil",0.000133961259639024,0.237378024309382,0.363,0.326,1
"Syne3",0.00172932107730623,-0.238744304534255,0.407,0.489,1
"Szrd1",0.00761177998230936,-0.196751225983656,0.118,0.141,1
"Tacc2",0.00157195538043727,-0.252772356692609,0.158,0.212,1
"Tada2a",0.00916745589329538,0.220199617235777,0.234,0.212,1
"Taok2",4.94963358724446e-06,-0.163337537095593,0.342,0.406,0.0743434964804118
"Tax1bp3",0.00324296452107321,-0.141398530348443,0.41,0.494,1
"Taz",0.00368358105001483,-0.104747662590269,0.228,0.264,1
"Tbc1d10a",5.90509690163621e-10,-0.553216550426121,0.235,0.36,8.86945554625758e-06
"Tbc1d23",0.000681511380992701,-0.138307843697248,0.188,0.224,1
"Tbl2",0.00293057712645515,-0.0833653626504515,0.129,0.188,1
"Tbx6",0.00069419218870294,-0.160603915723716,0.059,0.108,1
"Tchp",0.00248100965497116,-0.111222651489243,0.085,0.108,1
"Tdrd3",0.000353485907162564,-0.189685510547831,0.169,0.242,1
"Tdrkh",0.0028853575542987,-0.0767400432494507,0.137,0.167,1
"Tead3",2.68048461088611e-07,-0.219048674263929,0.191,0.247,0.00402608788555093
"Tef",0.00145261556148225,-0.161319763262694,0.174,0.236,1
"Tesk2",0.00609588122751909,-0.262991179834132,0.28,0.346,1
"Tex2",0.00826461015473551,-0.149274807903617,0.648,0.715,1
"Tfcp2",0.00614137823719889,-0.126966264064853,0.158,0.216,1
"Tgfbr2",0.00107638480053557,-0.12531657218066,0.283,0.325,1
"Tgfbr3",0.00240806696124649,-0.228797946099658,0.369,0.444,1
"Tgif1",0.00803997987524172,-0.268958838097661,0.065,0.103,1
"Thra",0.00297336503840596,0.421686142921281,0.232,0.184,1
"Timm17b",0.00540549620566602,-0.0753149065706822,0.063,0.103,1
"Timp3",0.000160412306139503,-0.36334392213015,0.235,0.309,1
"Tle2",0.00097019106981698,-0.258841534639089,0.245,0.325,1
"Tle3",0.00091634491989424,-0.0938689928341931,0.181,0.256,1
"Tlk2",0.00315203733169402,-0.134436614798786,0.085,0.108,1
"Tmc4",3.30422246671308e-05,-0.241022096191403,0.093,0.165,0.496294214500305
"Tmcc1",0.00289343845900784,-0.124583242810404,0.137,0.165,1
"Tmco4",0.00100913441915514,-0.174136733472719,0.126,0.155,1
"Tmem176b",0.00016773680731784,-0.341748810204123,0.211,0.282,1
"Tmem183a",0.00398196161809547,-0.121562245643079,0.156,0.217,1
"Tmem189",0.00279581501763956,-0.13606745076564,0.315,0.353,1
"Tmem219",0.00704124134272623,-0.0932829787638573,0.2,0.263,1
"Tmem229a",0.00453512452800618,-0.207059502768175,0.531,0.605,1
"Tmem246",0.00589203702807881,-0.0956854313829268,0.12,0.17,1
"Tmod2",4.96726638013665e-07,-0.260361629648141,0.233,0.291,0.00746083410296525
"Tmpo",0.000522816681426695,-0.257630965185104,0.104,0.163,1
"Tmtc1",1.26284881699998e-14,-0.410830759493501,0.111,0.178,1.89679892313397e-10
"Tnfrsf25",0.00959877019495776,-0.112715943179229,0.091,0.111,1
"Tnfsf12",3.80049655084771e-07,-0.189548944041828,0.323,0.388,0.00570834581937326
"Tns1",0.00640757752607905,-0.102474775624957,0.294,0.331,1
"Tns2",6.71872098088944e-07,-0.248957285263864,0.285,0.342,0.0100915189132959
"Tnxb",0.000379306994885048,-0.178269589662658,0.701,0.765,1
"Tom1",0.00016940066199521,-0.24211372589488,0.132,0.203,1
"Tomm40",0.00485580122554125,-0.104680147992989,0.147,0.205,1
"Tor1aip2",0.00101950490839023,-0.135253583181556,0.118,0.147,1
"Tra2a",7.97016208460077e-11,-0.26288635446914,0.392,0.477,1.19711834510704e-06
"Trib2",1.30482158055081e-05,0.313599695314388,0.37,0.263,0.195984201398732
"Trim46",0.0018766391280634,-0.258335125664709,0.117,0.172,1
"Trim56",0.00049344933610022,-0.31370567188828,0.084,0.131,1
"Triobp",0.00830645461298989,-0.231592843307107,0.136,0.178,1
"Trmt2a",0.00156832442672721,-0.163202258356878,0.114,0.141,1
"Trpm7",0.00710453043735857,-0.00314042418299931,0.172,0.235,1
"Trub1",0.00350448217569451,-0.32440305524744,0.066,0.101,1
"Tsc22d3",2.0059158482795e-11,-0.530201844588053,0.342,0.506,3.0128856041158e-07
"Tsc22d4",0.00588705563330271,-0.145270061287962,0.719,0.765,1
"Tspan15",0.0034651551945854,-0.263410775674745,0.132,0.178,1
"Tspan17",0.000204655312041732,-0.117363945598312,0.656,0.703,1
"Tspan18",0.00606487556357432,-0.181464336365068,0.093,0.132,1
"Ttyh1",0.000202301269257333,-0.209449187256509,0.374,0.465,1
"Ttyh2",0.00498615570116965,-0.139661163036502,0.392,0.461,1
"Tuba1a",0.00298082870725534,-0.0635984550545454,0.166,0.198,1
"Txnip",0.00998274589748991,0.210346363076592,0.711,0.725,1
"U2af2",0.00417621081480575,-0.0994759482423655,0.388,0.427,1
"U2surp",0.000978657134454687,-0.122397852518205,0.258,0.299,1
"Uap1l1",0.00547540837051855,-0.250117898601904,0.073,0.108,1
"Ube2b",3.48590733092727e-06,-0.151003797627401,0.266,0.323,0.0523583281105277
"Ube2e2",0.00286814035422094,0.39062462849059,0.132,0.09,1
"Ubxn6",0.00592177429717396,-0.117814659150037,0.117,0.141,1
"Uckl1",0.000561604200606564,-0.179672676555378,0.076,0.101,1
"Ucp3",0.00861025915974572,-0.10314772603206,0.175,0.233,1
"Unk",0.00471991001955776,-0.260549990313484,0.103,0.144,1
"Urgcp",0.00387703620595867,-0.0896946946375096,0.221,0.29,1
"Urod",7.39068130202604e-06,-0.28872522790112,0.158,0.249,0.111008033156431
"Usp19",0.000386085359959867,-0.240646378097815,0.227,0.308,1
"Usp32",0.00226635746952132,-0.106719095449357,0.214,0.249,1
"Usp34",0.00356067791517661,-0.163951340526015,0.219,0.285,1
"Utp3",0.00515928279828026,-0.120678698933914,0.114,0.165,1
"Utrn",3.81075166538397e-05,0.150357428620928,0.811,0.809,0.572374900140672
"Vac14",0.00555621157499588,-0.0837526060377712,0.088,0.11,1
"Vamp1",1.73328685134224e-05,-0.296302655972378,0.264,0.369,0.260339685071605
"Vamp2",0.000300067044387188,-0.205361975455872,0.267,0.31,1
"Vapb",0.0034737815816493,-0.0845642445149173,0.111,0.137,1
"Vdac2",0.00776680649544083,-0.0768812528900937,0.141,0.167,1
"Vps18",7.34620240477846e-05,-0.234143378962753,0.187,0.273,1
"Vps45",0.00404195620253948,-0.170186099204546,0.089,0.136,1
"Vps51",0.00565018395326265,-0.110291651799857,0.164,0.192,1
"Vps54",0.00599569392793047,0.169807120780474,0.177,0.125,1
"Vrk1",0.0003780745916506,-0.117012599738488,0.077,0.103,1
"Vstm4",0.00171135577482443,-0.128101880318316,0.088,0.112,1
"Vti1b",0.00658763261216249,-0.154596215310187,0.171,0.231,1
"Vwa1",5.61469974865863e-06,-0.209406925411477,0.327,0.383,0.0843327902248527
"Washc4",0.00419546977271958,-0.109940039828671,0.114,0.139,1
"Wasl",0.00154174566640398,-0.124252879539689,0.161,0.193,1
"Wbp11",5.28322988132717e-06,-0.234089471574291,0.126,0.168,0.0793541128175342
"Wdfy1",0.00303894290072814,-0.25860233941811,0.102,0.145,1
"Wdr13",7.55777427290208e-06,-0.163351539464652,0.208,0.258,0.113517769578989
"Wdr83os",0.00112059962220985,-0.234173010614506,0.305,0.386,1
"Wnt6",0.00463594232337512,-0.224839334133192,0.269,0.331,1
"Wsb1",1.56809160771839e-06,0.246520483853607,0.57,0.539,0.0235527359479303
"Wscd2",0.00794954215464361,-0.238395959594725,0.137,0.188,1
"Wwox",0.00480821149024847,-0.12153581608695,0.147,0.174,1
"Xaf1",0.000398006293990066,-0.0900011505335212,0.173,0.212,1
"Xkr4",0.00044883680649545,0.212071809049153,0.121,0.093,1
"Xndc1",0.00105704840906183,-0.131305223014073,0.101,0.129,1
"Xpo1",7.98178047882923e-06,-0.162900697476116,0.256,0.369,0.119886342792015
"Xpo6",0.0013130662558435,-0.260207453531412,0.124,0.177,1
"Xpo7",0.000133102231117533,-0.192107388987753,0.076,0.104,1
"Ybx1",0.00815364672662508,0.205073597987841,0.135,0.114,1
"Yif1b",0.00291342405097816,-0.199555769919078,0.273,0.344,1
"Yipf3",0.00758806986588166,-0.158466049729457,0.315,0.386,1
"Ypel3",0.00461838612383568,-0.164538319700702,0.755,0.805,1
"Ythdf3",0.00906254463408524,-0.0608845558597071,0.123,0.148,1
"Zbtb16",2.10659839895096e-23,-1.05167620347316,0.032,0.144,3.16411079522434e-19
"Zc3h14",0.00227836353983778,-0.309632098335198,0.074,0.113,1
"Zcchc14",0.0082274728871514,-0.111498562198367,0.248,0.32,1
"Zcchc17",0.00664540774789539,-0.188374820294624,0.088,0.13,1
"Zcchc7",7.1940164748361e-07,-0.197113962767305,0.259,0.317,0.0108054127452038
"Zfand5",0.00329347650622255,-0.106175686077051,0.166,0.197,1
"Zfp180",0.00304472826785124,-0.171049049007538,0.122,0.171,1
"Zfp276",3.81577368358603e-05,-0.15761450806142,0.447,0.506,0.573129207274621
"Zfp318",0.0078147484692531,-0.102534853402562,0.106,0.129,1
"Zfp386",0.000871333781670617,-0.117398931445686,0.129,0.193,1
"Zfp444",0.00896136094488281,-0.227641281788542,0.081,0.12,1
"Zfp462",0.00168388989117429,0.299677669394696,0.353,0.289,1
"Zfp638",0.00510994275454868,-0.203083637611998,0.141,0.188,1
"Zfp866",0.000221159783925504,-0.321455965402323,0.074,0.122,1
"Zfp950",0.00240795394425018,-0.268807351051733,0.13,0.186,1
"Zfyve1",0.0019841538192051,-0.2534450393781,0.244,0.318,1
"Zfyve21",0.000130116782958201,-0.15263832860809,0.148,0.186,1
"Zfyve27",0.00738017866708706,-0.0860334606567901,0.235,0.268,1
"Zhx2",0.00736664660261795,-0.0885578866513086,0.132,0.181,1
"Zkscan16",0.00134377639243975,-0.120985786738549,0.128,0.191,1
"Zkscan3",4.15305937604335e-05,-0.145035900191273,0.203,0.248,0.623789518281712
"Zmiz1",0.00875825218049013,-0.0539451147151882,0.13,0.181,1
"Zmym6",0.00199065027591453,-0.220132037876513,0.224,0.294,1
"Zmynd11",0.000892334495477587,-0.19842963088306,0.379,0.46,1
"Zscan21",0.00972415325339095,-0.106798178479298,0.082,0.102,1
"Zwint",0.0014289530234821,-0.193283897801456,0.143,0.172,1
"mt-Atp8",0.0041019037137839,0.371915304934163,0.49,0.447,1
"mt-Nd1",0.00399865062570004,0.271923807278945,0.445,0.393,1
