"Annot","Term","Annotated","Significant","Pvalue","Padj","GeneID"
"GO:0051128","regulation of cellular component organization",2712,32,1.75995239592523e-06,0.00174066807127976,"Mertk,Plk5,Atp8a1,Pik3r1,Rapgef3,Sfpq,Arhgef10,Gsn,Gpm6b,Kif21a,Bicd2,Rnh1,Rhpn1,Xbp1,Palm,Fbxl2,Ube2b,Bcl2l1,Brsk2,Bcl2l2,Abca7,Rhot1,Plekhg2,Igsf11,Tmod2,Fdps,Auts2,Bok,Ip6k2,Mt3,Nav3,Stxbp6"
"GO:0097435","supramolecular fiber organization",827,16,2.96726997515194e-06,0.00174066807127976,"Fus,Mical2,Pik3r1,Rapgef3,Arhgef10,Gsn,Kif21a,Rnh1,Gas2l3,Rhpn1,Hsp90ab1,Plekhg2,Fmn2,Lox,Tmod2,Nav3"
"GO:0030036","actin cytoskeleton organization",743,15,3.71474785792385e-06,0.00174066807127976,"Mical2,Pik3r1,Rapgef3,Arhgef10,Gsn,Gpm6b,Rnh1,Gas2l3,Rhpn1,Brsk2,Rtkn,Plekhg2,Fmn2,Tmod2,Auts2"
"GO:0030029","actin filament-based process",845,16,3.90203491331482e-06,0.00174066807127976,"Snta1,Mical2,Pik3r1,Rapgef3,Arhgef10,Gsn,Gpm6b,Rnh1,Gas2l3,Rhpn1,Brsk2,Rtkn,Plekhg2,Fmn2,Tmod2,Auts2"
"GO:0010273","detoxification of copper ion",7,3,3.95606379836309e-06,0.00174066807127976,"Mt2,Mt1,Mt3"
"GO:1990169","stress response to copper ion",7,3,3.95606379836309e-06,0.00174066807127976,"Mt2,Mt1,Mt3"
"GO:0071276","cellular response to cadmium ion",24,4,5.39937947962546e-06,0.00203633740374446,"Mt2,Mt1,Gsn,Mt3"
"GO:0048583","regulation of response to stimulus",4311,41,1.04251645140043e-05,0.00344030428962143,"Fus,Per1,Mertk,Plekha4,Pik3r1,Tns2,Rapgef3,Anks1,Sfpq,Klf7,Arhgef10,Gsn,Cry2,Ddx5,Sgf29,Kif21a,Xbp1,Palm,Adamts20,Fbxl2,Ube2b,Hsp90ab1,Bcl2l1,Bcl2l2,Abca7,Esrra,Fam53b,Fmn2,Lox,Igsf11,Prrt1,Tnfsf12,Gpr37l1,Tmod2,Fdps,Auts2,Bok,Slc8b1,Prex2,Mt3,Ralgps1"
"GO:1900101","regulation of endoplasmic reticulum unfolded protein response",30,4,1.36121834344215e-05,0.00368139144242222,"Pik3r1,Xbp1,Abca7,Bok"
"GO:0031647","regulation of protein stability",372,10,1.54126012707068e-05,0.00368139144242222,"Per3,Pik3r1,Gsn,Xbp1,Serf2,Ube2b,Hsp90ab1,Ip6k2,Derl1,Mt3"
"GO:0051493","regulation of cytoskeleton organization",556,12,1.91970410599622e-05,0.00368139144242222,"Pik3r1,Rapgef3,Arhgef10,Gsn,Gpm6b,Kif21a,Bicd2,Rnh1,Rhpn1,Plekhg2,Tmod2,Nav3"
"GO:0009987","cellular process",20947,119,1.94391037221605e-05,0.00368139144242222,"Fus,Per1,Snta1,Mertk,Tmtc1,Slc27a1,Clk1,Mt2,Tra2a,Plekha4,Mical2,Plk5,Galnt16,Ctnnal1,Abcc5,Kifc2,Per3,Eid1,Pabpn1,Atp8a1,Mt1,Pik3r1,Tns2,Dnajc7,Rapgef3,S100a7a,Anks1,Sfpq,Klf7,Cerk,Arhgef10,Gsn,Serpinh1,Zcchc7,Atp11a,Gpm6b,Mroh1,Cry2,Ddx5,Lmo1,Sgf29,Kif21a,Bicd2,Itgb4,Rnh1,Cyb5r2,Gas2l3,Rhpn1,Adamtsl5,Xbp1,Mafg,Fra10ac1,Wdr13,Matn2,Palm,Slc44a2,Adamts20,Fbxl2,Ube2b,Hsp90ab1,Tead3,Ddn,Bcl2l1,Brsk2,Hsd17b14,Rtkn,Bcl2l2,Vwa1,Abca7,Rhot1,Xpo7,Esrra,Plekhg2,Itm2b,Pcyox1l,Slc6a1,Lta4h,Rgmb,Mmgt2,Mthfd1l,Slc22a17,Slc3a2,Fam53b,Fmn2,Lox,Plxna1,Chpt1,Igsf11,Fam83f,Prrt1,Tnfsf12,Ptms,Gpr37l1,Tmod2,Fdps,Mpnd,Wbp11,Auts2,Bok,Wsb1,Pcmtd1,Aspa,Itpk1,Chpf2,Ralgds,Ip6k2,Derl1,Slc8b1,Srsf4,Hmgcs1,Prex2,Mt3,Ralgps1,Nav3,Tef,Ntan1,S100a6,Stxbp6,Zfp866"
"GO:0007010","cytoskeleton organization",1550,21,2.02283071369944e-05,0.00368139144242222,"Mical2,Plk5,Pik3r1,Rapgef3,Arhgef10,Gsn,Gpm6b,Kif21a,Bicd2,Rnh1,Gas2l3,Rhpn1,Palm,Ube2b,Brsk2,Rtkn,Plekhg2,Fmn2,Tmod2,Auts2,Nav3"
"GO:0009966","regulation of signal transduction",3214,33,2.28040824191851e-05,0.00368139144242222,"Per1,Mertk,Plekha4,Pik3r1,Tns2,Rapgef3,Anks1,Sfpq,Arhgef10,Gsn,Cry2,Ddx5,Xbp1,Palm,Adamts20,Fbxl2,Ube2b,Hsp90ab1,Bcl2l1,Bcl2l2,Abca7,Fam53b,Lox,Igsf11,Prrt1,Tnfsf12,Gpr37l1,Tmod2,Auts2,Bok,Prex2,Mt3,Ralgps1"
"GO:0050794","regulation of cellular process",12856,86,2.36673536264792e-05,0.00368139144242222,"Fus,Per1,Snta1,Mertk,Slc27a1,Clk1,Mt2,Tra2a,Plekha4,Mical2,Plk5,Ctnnal1,Per3,Eid1,Pabpn1,Atp8a1,Mt1,Pik3r1,Tns2,Rapgef3,Anks1,Sfpq,Klf7,Arhgef10,Gsn,Zcchc7,Atp11a,Gpm6b,Cry2,Ddx5,Lmo1,Sgf29,Kif21a,Bicd2,Itgb4,Rnh1,Rhpn1,Xbp1,Mafg,Wdr13,Palm,Adamts20,Fbxl2,Ube2b,Hsp90ab1,Tead3,Ddn,Bcl2l1,Brsk2,Rtkn,Bcl2l2,Abca7,Rhot1,Esrra,Plekhg2,Itm2b,Slc6a1,Rgmb,Fam53b,Fmn2,Lox,Plxna1,Igsf11,Fam83f,Prrt1,Tnfsf12,Ptms,Gpr37l1,Tmod2,Fdps,Auts2,Bok,Wsb1,Aspa,Ralgds,Ip6k2,Derl1,Slc8b1,Srsf4,Prex2,Mt3,Ralgps1,Nav3,Tef,Stxbp6,Zfp866"
"GO:0007015","actin filament organization",478,11,2.41848956213776e-05,0.00368139144242222,"Mical2,Pik3r1,Rapgef3,Arhgef10,Gsn,Rnh1,Gas2l3,Rhpn1,Plekhg2,Fmn2,Tmod2"
"GO:0006810","transport",4642,42,2.67717949054e-05,0.00368139144242222,"Per1,Snta1,Mertk,Slc27a1,Abcc5,Kifc2,Pabpn1,Atp8a1,Pik3r1,Rapgef3,Sfpq,Klf7,Gsn,Atp11a,Gpm6b,Cry2,Ddx5,Kif21a,Bicd2,Xbp1,Slc44a2,Hsp90ab1,Bcl2l1,Brsk2,Bcl2l2,Abca7,Rhot1,Xpo7,Slc6a1,Mmgt2,Slc22a17,Slc3a2,Fam53b,Fmn2,Prrt1,Bok,Ip6k2,Derl1,Slc8b1,Mt3,S100a6,Stxbp6"
"GO:0023051","regulation of signaling",3853,37,2.74867118531488e-05,0.00368139144242222,"Per1,Mertk,Plekha4,Pik3r1,Tns2,Rapgef3,Anks1,Sfpq,Klf7,Arhgef10,Gsn,Cry2,Ddx5,Xbp1,Palm,Adamts20,Fbxl2,Ube2b,Hsp90ab1,Bcl2l1,Brsk2,Bcl2l2,Abca7,Slc6a1,Fam53b,Lox,Igsf11,Prrt1,Tnfsf12,Gpr37l1,Tmod2,Auts2,Bok,Slc8b1,Prex2,Mt3,Ralgps1"
"GO:1902903","regulation of supramolecular fiber organization",399,10,2.80336907301863e-05,0.00368139144242222,"Pik3r1,Rapgef3,Arhgef10,Gsn,Kif21a,Rnh1,Rhpn1,Plekhg2,Tmod2,Nav3"
"GO:0010646","regulation of cell communication",3858,37,2.82903573168084e-05,0.00368139144242222,"Per1,Mertk,Plekha4,Pik3r1,Tns2,Rapgef3,Anks1,Sfpq,Klf7,Arhgef10,Gsn,Cry2,Ddx5,Xbp1,Palm,Adamts20,Fbxl2,Ube2b,Hsp90ab1,Bcl2l1,Brsk2,Bcl2l2,Abca7,Slc6a1,Fam53b,Lox,Igsf11,Prrt1,Tnfsf12,Gpr37l1,Tmod2,Auts2,Bok,Slc8b1,Prex2,Mt3,Ralgps1"
"GO:0033043","regulation of organelle organization",1227,18,3.03671560042128e-05,0.00368139144242222,"Pik3r1,Rapgef3,Sfpq,Arhgef10,Gsn,Gpm6b,Kif21a,Bicd2,Rnh1,Rhpn1,Ube2b,Bcl2l1,Bcl2l2,Rhot1,Plekhg2,Tmod2,Bok,Nav3"
"GO:0097501","stress response to metal ion",13,3,3.16383397612122e-05,0.00368139144242222,"Mt2,Mt1,Mt3"
"GO:0035556","intracellular signal transduction",3119,32,3.20727284756481e-05,0.00368139144242222,"Per1,Mertk,Mt2,Ctnnal1,Pabpn1,Mt1,Pik3r1,Rapgef3,Sfpq,Arhgef10,Gsn,Cry2,Ddx5,Xbp1,Fbxl2,Tead3,Bcl2l1,Brsk2,Rtkn,Bcl2l2,Abca7,Esrra,Lox,Gpr37l1,Auts2,Bok,Wsb1,Ralgds,Derl1,Prex2,Mt3,Ralgps1"
"GO:0051649","establishment of localization in cell",2180,25,4.93492574379765e-05,0.0052888832860165,"Mertk,Kifc2,Pabpn1,Atp8a1,Pik3r1,Rapgef3,Sfpq,Klf7,Gpm6b,Cry2,Ddx5,Kif21a,Bicd2,Xbp1,Hsp90ab1,Bcl2l1,Brsk2,Bcl2l2,Rhot1,Xpo7,Slc6a1,Fam53b,Fmn2,Bok,Derl1"
"GO:0048731","system development",4438,40,5.00841220266714e-05,0.0052888832860165,"Mertk,Mical2,Plk5,Kifc2,Pik3r1,Tns2,Rapgef3,Anks1,Klf7,Arhgef10,Gsn,Serpinh1,Gpm6b,Kif21a,Itgb4,Rnh1,Rhpn1,Xbp1,Matn2,Palm,Tead3,Bcl2l1,Brsk2,Bcl2l2,Esrra,Lta4h,Mthfd1l,Lox,Plxna1,Igsf11,Tnfsf12,Gpr37l1,Fdps,Auts2,Bok,Aspa,Itpk1,Prex2,Mt3,Nav3"
"GO:0043484","regulation of RNA splicing",198,7,5.60374267498537e-05,0.00547997320980794,"Fus,Clk1,Tra2a,Pik3r1,Ddx5,Sgf29,Srsf4"
"GO:0008219","cell death",2202,25,5.81209279828115e-05,0.00547997320980794,"Mertk,Plk5,Mt1,Pik3r1,Rapgef3,Sfpq,Gsn,Ddx5,Xbp1,Adamts20,Ube2b,Hsp90ab1,Bcl2l1,Brsk2,Rtkn,Bcl2l2,Rhot1,Fmn2,Lox,Tnfsf12,Ptms,Bok,Itpk1,Ip6k2,Mt3"
"GO:0012501","programmed cell death",2202,25,5.81209279828115e-05,0.00547997320980794,"Mertk,Plk5,Mt1,Pik3r1,Rapgef3,Sfpq,Gsn,Ddx5,Xbp1,Adamts20,Ube2b,Hsp90ab1,Bcl2l1,Brsk2,Rtkn,Bcl2l2,Rhot1,Fmn2,Lox,Tnfsf12,Ptms,Bok,Itpk1,Ip6k2,Mt3"
"GO:0010043","response to zinc ion",44,4,6.39480255615196e-05,0.00555356532719073,"Mt2,Mt1,Lta4h,Mt3"
"GO:0042981","regulation of apoptotic process",1683,21,6.7022502022481e-05,0.00555356532719073,"Mertk,Plk5,Mt1,Pik3r1,Rapgef3,Sfpq,Gsn,Xbp1,Adamts20,Ube2b,Hsp90ab1,Bcl2l1,Rtkn,Bcl2l2,Fmn2,Lox,Tnfsf12,Ptms,Bok,Ip6k2,Mt3"
"GO:0030968","endoplasmic reticulum unfolded protein response",87,5,6.96872510509298e-05,0.00555356532719073,"Pik3r1,Xbp1,Abca7,Bok,Derl1"
"GO:1905897","regulation of response to endoplasmic reticulum stress",88,5,7.35976562110286e-05,0.00555356532719073,"Pik3r1,Xbp1,Bcl2l1,Abca7,Bok"
"GO:0061687","detoxification of inorganic compound",17,3,7.41534609730367e-05,0.00555356532719073,"Mt2,Mt1,Mt3"
"GO:0071294","cellular response to zinc ion",17,3,7.41534609730367e-05,0.00555356532719073,"Mt2,Mt1,Mt3"
"GO:0110053","regulation of actin filament organization",283,8,7.94679822254142e-05,0.00555356532719073,"Pik3r1,Rapgef3,Arhgef10,Gsn,Rnh1,Rhpn1,Plekhg2,Tmod2"
"GO:0007275","multicellular organism development",5197,44,8.19288038640625e-05,0.00555356532719073,"Mertk,Mical2,Plk5,Kifc2,Pik3r1,Tns2,Rapgef3,Anks1,Klf7,Arhgef10,Gsn,Serpinh1,Atp11a,Gpm6b,Sgf29,Kif21a,Itgb4,Rnh1,Rhpn1,Xbp1,Mafg,Matn2,Palm,Ube2b,Tead3,Bcl2l1,Brsk2,Bcl2l2,Esrra,Lta4h,Mthfd1l,Lox,Plxna1,Igsf11,Tnfsf12,Gpr37l1,Fdps,Auts2,Bok,Aspa,Itpk1,Prex2,Mt3,Nav3"
"GO:0006915","apoptotic process",2116,24,8.53047835341713e-05,0.00555356532719073,"Mertk,Plk5,Mt1,Pik3r1,Rapgef3,Sfpq,Gsn,Ddx5,Xbp1,Adamts20,Ube2b,Hsp90ab1,Bcl2l1,Brsk2,Rtkn,Bcl2l2,Rhot1,Fmn2,Lox,Tnfsf12,Ptms,Bok,Ip6k2,Mt3"
"GO:0046907","intracellular transport",1455,19,8.58943696574628e-05,0.00555356532719073,"Kifc2,Pabpn1,Pik3r1,Rapgef3,Sfpq,Cry2,Ddx5,Kif21a,Bicd2,Xbp1,Hsp90ab1,Bcl2l1,Bcl2l2,Rhot1,Xpo7,Fam53b,Fmn2,Bok,Derl1"
"GO:0032956","regulation of actin cytoskeleton organization",368,9,8.6025999674109e-05,0.00555356532719073,"Pik3r1,Rapgef3,Arhgef10,Gsn,Gpm6b,Rnh1,Rhpn1,Plekhg2,Tmod2"
"GO:0071280","cellular response to copper ion",18,3,8.86660198082227e-05,0.00555356532719073,"Mt2,Mt1,Mt3"
"GO:0051641","cellular localization",2691,28,8.94824253274634e-05,0.00555356532719073,"Mertk,Kifc2,Pabpn1,Atp8a1,Pik3r1,Rapgef3,Sfpq,Klf7,Gsn,Gpm6b,Cry2,Ddx5,Kif21a,Bicd2,Xbp1,Palm,Hsp90ab1,Bcl2l1,Brsk2,Bcl2l2,Rhot1,Xpo7,Slc6a1,Fam53b,Fmn2,Bok,Derl1,Slc8b1"
"GO:0051234","establishment of localization",4883,42,9.00596415437946e-05,0.00555356532719073,"Per1,Snta1,Mertk,Slc27a1,Abcc5,Kifc2,Pabpn1,Atp8a1,Pik3r1,Rapgef3,Sfpq,Klf7,Gsn,Atp11a,Gpm6b,Cry2,Ddx5,Kif21a,Bicd2,Xbp1,Slc44a2,Hsp90ab1,Bcl2l1,Brsk2,Bcl2l2,Abca7,Rhot1,Xpo7,Slc6a1,Mmgt2,Slc22a17,Slc3a2,Fam53b,Fmn2,Prrt1,Bok,Ip6k2,Derl1,Slc8b1,Mt3,S100a6,Stxbp6"
"GO:0045935","positive regulation of nucleobase-containing compound metabolic process",2124,24,9.0455798889849e-05,0.00555356532719073,"Fus,Per1,Tra2a,Mical2,Pik3r1,Rapgef3,Sfpq,Klf7,Ddx5,Lmo1,Sgf29,Xbp1,Mafg,Ube2b,Tead3,Ddn,Bcl2l1,Esrra,Rgmb,Fmn2,Ptms,Auts2,Mt3,Tef"
"GO:0034976","response to endoplasmic reticulum stress",290,8,9.41446345882791e-05,0.00556187257534733,"Pik3r1,Sgf29,Xbp1,Bcl2l1,Brsk2,Abca7,Bok,Derl1"
"GO:0048519","negative regulation of biological process",6085,49,9.48046461706932e-05,0.00556187257534733,"Fus,Per1,Mertk,Mt2,Plk5,Per3,Eid1,Mt1,Pik3r1,Tns2,Rapgef3,Anks1,Sfpq,Klf7,Gsn,Zcchc7,Gpm6b,Cry2,Ddx5,Lmo1,Sgf29,Rnh1,Rhpn1,Xbp1,Wdr13,Palm,Adamts20,Fbxl2,Ube2b,Hsp90ab1,Bcl2l1,Bcl2l2,Abca7,Esrra,Itm2b,Slc6a1,Fmn2,Lox,Prrt1,Ptms,Gpr37l1,Tmod2,Bok,Ip6k2,Slc8b1,Srsf4,Prex2,Mt3,Nav3"
"GO:0046686","response to cadmium ion",49,4,9.79392979110685e-05,0.00562086405402654,"Mt2,Mt1,Gsn,Mt3"
"GO:0065007","biological regulation",13697,88,0.000102696672383722,0.0057684939381495,"Fus,Per1,Snta1,Mertk,Slc27a1,Clk1,Mt2,Tra2a,Plekha4,Mical2,Plk5,Ctnnal1,Per3,Eid1,Pabpn1,Atp8a1,Mt1,Pik3r1,Tns2,Rapgef3,Anks1,Sfpq,Klf7,Arhgef10,Gsn,Zcchc7,Atp11a,Gpm6b,Cry2,Ddx5,Lmo1,Sgf29,Kif21a,Bicd2,Itgb4,Rnh1,Rhpn1,Xbp1,Mafg,Wdr13,Palm,Serf2,Adamts20,Fbxl2,Ube2b,Hsp90ab1,Tead3,Ddn,Bcl2l1,Brsk2,Rtkn,Bcl2l2,Abca7,Rhot1,Esrra,Plekhg2,Itm2b,Slc6a1,Rgmb,Slc3a2,Fam53b,Fmn2,Lox,Plxna1,Igsf11,Fam83f,Prrt1,Tnfsf12,Ptms,Gpr37l1,Tmod2,Fdps,Auts2,Bok,Wsb1,Aspa,Ralgds,Ip6k2,Derl1,Slc8b1,Srsf4,Prex2,Mt3,Ralgps1,Nav3,Tef,Stxbp6,Zfp866"
"GO:0050789","regulation of biological process",13279,86,0.000106946484291043,0.00579127917960234,"Fus,Per1,Snta1,Mertk,Slc27a1,Clk1,Mt2,Tra2a,Plekha4,Mical2,Plk5,Ctnnal1,Per3,Eid1,Pabpn1,Atp8a1,Mt1,Pik3r1,Tns2,Rapgef3,Anks1,Sfpq,Klf7,Arhgef10,Gsn,Zcchc7,Atp11a,Gpm6b,Cry2,Ddx5,Lmo1,Sgf29,Kif21a,Bicd2,Itgb4,Rnh1,Rhpn1,Xbp1,Mafg,Wdr13,Palm,Adamts20,Fbxl2,Ube2b,Hsp90ab1,Tead3,Ddn,Bcl2l1,Brsk2,Rtkn,Bcl2l2,Abca7,Rhot1,Esrra,Plekhg2,Itm2b,Slc6a1,Rgmb,Fam53b,Fmn2,Lox,Plxna1,Igsf11,Fam83f,Prrt1,Tnfsf12,Ptms,Gpr37l1,Tmod2,Fdps,Auts2,Bok,Wsb1,Aspa,Ralgds,Ip6k2,Derl1,Slc8b1,Srsf4,Prex2,Mt3,Ralgps1,Nav3,Tef,Stxbp6,Zfp866"
"GO:0043067","regulation of programmed cell death",1741,21,0.000108207920277358,0.00579127917960234,"Mertk,Plk5,Mt1,Pik3r1,Rapgef3,Sfpq,Gsn,Xbp1,Adamts20,Ube2b,Hsp90ab1,Bcl2l1,Rtkn,Bcl2l2,Fmn2,Lox,Tnfsf12,Ptms,Bok,Ip6k2,Mt3"
"GO:0006913","nucleocytoplasmic transport",381,9,0.000111876984151409,0.00579127917960234,"Pabpn1,Pik3r1,Rapgef3,Cry2,Ddx5,Xbp1,Hsp90ab1,Xpo7,Fam53b"
"GO:0051169","nuclear transport",381,9,0.000111876984151409,0.00579127917960234,"Pabpn1,Pik3r1,Rapgef3,Cry2,Ddx5,Xbp1,Hsp90ab1,Xpo7,Fam53b"
"GO:0065008","regulation of biological quality",3488,33,0.000116629650169698,0.00592119762400005,"Fus,Snta1,Mertk,Per3,Atp8a1,Pik3r1,Rapgef3,Klf7,Gsn,Atp11a,Cry2,Rnh1,Xbp1,Palm,Serf2,Ube2b,Hsp90ab1,Bcl2l1,Brsk2,Bcl2l2,Abca7,Rhot1,Plekhg2,Slc3a2,Igsf11,Prrt1,Gpr37l1,Tmod2,Bok,Ip6k2,Derl1,Slc8b1,Mt3"
"GO:0035795","negative regulation of mitochondrial membrane permeability",20,3,0.00012298778619127,0.00612618406688592,"Bcl2l1,Bcl2l2,Bok"
"GO:0034620","cellular response to unfolded protein",99,5,0.000128727104514947,0.00629332510961961,"Pik3r1,Xbp1,Abca7,Bok,Derl1"
"GO:0048523","negative regulation of cellular process",5830,47,0.000141191982398265,0.00668636654806174,"Fus,Per1,Mertk,Plk5,Per3,Eid1,Mt1,Pik3r1,Tns2,Rapgef3,Anks1,Sfpq,Klf7,Gsn,Zcchc7,Cry2,Ddx5,Lmo1,Sgf29,Rnh1,Rhpn1,Xbp1,Wdr13,Palm,Adamts20,Fbxl2,Ube2b,Hsp90ab1,Bcl2l1,Bcl2l2,Abca7,Esrra,Itm2b,Slc6a1,Fmn2,Lox,Prrt1,Ptms,Gpr37l1,Tmod2,Bok,Ip6k2,Slc8b1,Srsf4,Prex2,Mt3,Nav3"
"GO:0045337","farnesyl diphosphate biosynthetic process",4,2,0.000141832017686158,0.00668636654806174,"Fdps,Hmgcs1"
"GO:1905709","negative regulation of membrane permeability",22,3,0.000164956434197015,0.0076400874785986,"Bcl2l1,Bcl2l2,Bok"
"GO:0046902","regulation of mitochondrial membrane permeability",58,4,0.000189563822136361,0.00862842224896539,"Bcl2l1,Bcl2l2,Rhot1,Bok"
"GO:0141124","intracellular signaling cassette",1967,22,0.000215024670682704,0.00962144289156507,"Per1,Mertk,Mt2,Ctnnal1,Pabpn1,Mt1,Pik3r1,Rapgef3,Arhgef10,Gsn,Xbp1,Fbxl2,Rtkn,Abca7,Lox,Gpr37l1,Auts2,Bok,Ralgds,Prex2,Mt3,Ralgps1"
"GO:0048518","positive regulation of biological process",6819,52,0.000219039302901884,0.00963772932768291,"Fus,Per1,Mertk,Slc27a1,Tra2a,Plekha4,Mical2,Plk5,Atp8a1,Pik3r1,Rapgef3,Sfpq,Klf7,Arhgef10,Gsn,Atp11a,Gpm6b,Ddx5,Lmo1,Sgf29,Xbp1,Mafg,Palm,Adamts20,Fbxl2,Ube2b,Hsp90ab1,Tead3,Ddn,Bcl2l1,Bcl2l2,Abca7,Esrra,Slc6a1,Rgmb,Fam53b,Fmn2,Igsf11,Prrt1,Tnfsf12,Ptms,Gpr37l1,Tmod2,Fdps,Auts2,Bok,Aspa,Ip6k2,Derl1,Mt3,Nav3,Tef"
"GO:0032970","regulation of actin filament-based process",421,9,0.00023550954735526,0.0101377815940896,"Pik3r1,Rapgef3,Arhgef10,Gsn,Gpm6b,Rnh1,Rhpn1,Plekhg2,Tmod2"
"GO:0051179","localization",5607,45,0.000238084264709681,0.0101377815940896,"Per1,Snta1,Mertk,Slc27a1,Abcc5,Kifc2,Pabpn1,Atp8a1,Pik3r1,Rapgef3,Sfpq,Klf7,Gsn,Atp11a,Gpm6b,Cry2,Ddx5,Kif21a,Bicd2,Xbp1,Palm,Slc44a2,Ube2b,Hsp90ab1,Bcl2l1,Brsk2,Bcl2l2,Abca7,Rhot1,Xpo7,Slc6a1,Mmgt2,Slc22a17,Slc3a2,Fam53b,Fmn2,Igsf11,Prrt1,Bok,Ip6k2,Derl1,Slc8b1,Mt3,S100a6,Stxbp6"
"GO:0043153","entrainment of circadian clock by photoperiod",25,3,0.000243733924658269,0.010213612080918,"Per1,Per3,Cry2"
"GO:0031648","protein destabilization",64,4,0.000277531672204075,0.0113057492025566,"Gsn,Xbp1,Serf2,Derl1"
"GO:0097193","intrinsic apoptotic signaling pathway",340,8,0.00027836124930537,0.0113057492025566,"Pik3r1,Sfpq,Ddx5,Xbp1,Bcl2l1,Brsk2,Bcl2l2,Bok"
"GO:0009967","positive regulation of signal transduction",1733,20,0.000288250036415615,0.0115232794026728,"Mertk,Plekha4,Pik3r1,Sfpq,Arhgef10,Gsn,Ddx5,Xbp1,Adamts20,Ube2b,Hsp90ab1,Abca7,Fam53b,Igsf11,Tnfsf12,Gpr37l1,Tmod2,Auts2,Bok,Mt3"
"GO:0035967","cellular response to topologically incorrect protein",118,5,0.000292446863628439,0.0115232794026728,"Pik3r1,Xbp1,Abca7,Bok,Derl1"
"GO:0009649","entrainment of circadian clock",27,3,0.000307757578163611,0.0119482353875284,"Per1,Per3,Cry2"
"GO:0050896","response to stimulus",10946,73,0.000349105909050054,0.0132598264802868,"Fus,Per1,Mertk,Slc27a1,Mt2,Plekha4,Plk5,Ctnnal1,Per3,Pabpn1,Mt1,Pik3r1,Tns2,Rapgef3,S100a7a,Anks1,Sfpq,Klf7,Arhgef10,Gsn,Cry2,Ddx5,Sgf29,Kif21a,Itgb4,Rnh1,Gas2l3,Rhpn1,Xbp1,Matn2,Palm,Adamts20,Fbxl2,Ube2b,Hsp90ab1,Tead3,Bcl2l1,Brsk2,Rtkn,Bcl2l2,Vwa1,Abca7,Rhot1,Esrra,Pcyox1l,Slc6a1,Lta4h,Rgmb,Slc3a2,Fam53b,Endod1,Fmn2,Lox,Plxna1,Igsf11,Fam83f,Prrt1,Tnfsf12,Gpr37l1,Tmod2,Fdps,Mpnd,Auts2,Bok,Wsb1,Ralgds,Ip6k2,Derl1,Slc8b1,Hmgcs1,Prex2,Mt3,Ralgps1"
"GO:0045338","farnesyl diphosphate metabolic process",6,2,0.000352307225895695,0.0132598264802868,"Fdps,Hmgcs1"
"GO:0048522","positive regulation of cellular process",6410,49,0.000359492824330839,0.0132598264802868,"Fus,Per1,Mertk,Slc27a1,Tra2a,Plekha4,Mical2,Plk5,Atp8a1,Pik3r1,Rapgef3,Sfpq,Klf7,Arhgef10,Gsn,Atp11a,Ddx5,Lmo1,Sgf29,Xbp1,Mafg,Palm,Adamts20,Ube2b,Hsp90ab1,Tead3,Ddn,Bcl2l1,Bcl2l2,Abca7,Esrra,Rgmb,Fam53b,Fmn2,Igsf11,Prrt1,Tnfsf12,Ptms,Gpr37l1,Tmod2,Fdps,Auts2,Bok,Aspa,Ip6k2,Derl1,Mt3,Nav3,Tef"
"GO:0070059","intrinsic apoptotic signaling pathway in response to endoplasmic reticulum stress",69,4,0.000370561748552794,0.0132598264802868,"Xbp1,Bcl2l1,Brsk2,Bok"
"GO:0045893","positive regulation of DNA-templated transcription",1767,20,0.000370586300724201,0.0132598264802868,"Fus,Per1,Mical2,Pik3r1,Rapgef3,Sfpq,Klf7,Ddx5,Lmo1,Sgf29,Xbp1,Mafg,Tead3,Ddn,Esrra,Rgmb,Ptms,Auts2,Mt3,Tef"
"GO:1902680","positive regulation of RNA biosynthetic process",1769,20,0.000376014487347839,0.0132598264802868,"Fus,Per1,Mical2,Pik3r1,Rapgef3,Sfpq,Klf7,Ddx5,Lmo1,Sgf29,Xbp1,Mafg,Tead3,Ddn,Esrra,Rgmb,Ptms,Auts2,Mt3,Tef"
"GO:0051716","cellular response to stimulus",8819,62,0.000377481716002709,0.0132598264802868,"Fus,Per1,Mertk,Slc27a1,Mt2,Plekha4,Plk5,Ctnnal1,Pabpn1,Mt1,Pik3r1,Tns2,Rapgef3,Anks1,Sfpq,Klf7,Arhgef10,Gsn,Cry2,Ddx5,Sgf29,Itgb4,Rnh1,Rhpn1,Xbp1,Matn2,Palm,Adamts20,Fbxl2,Ube2b,Hsp90ab1,Tead3,Bcl2l1,Brsk2,Rtkn,Bcl2l2,Abca7,Rhot1,Esrra,Rgmb,Fam53b,Fmn2,Lox,Plxna1,Igsf11,Fam83f,Prrt1,Tnfsf12,Gpr37l1,Tmod2,Mpnd,Auts2,Bok,Wsb1,Ralgds,Ip6k2,Derl1,Slc8b1,Hmgcs1,Prex2,Mt3,Ralgps1"
"GO:0009648","photoperiodism",29,3,0.000381722277462801,0.0132598264802868,"Per1,Per3,Cry2"
"GO:0051254","positive regulation of RNA metabolic process",1914,21,0.000394209986506501,0.0135157709659372,"Fus,Per1,Tra2a,Mical2,Pik3r1,Rapgef3,Sfpq,Klf7,Ddx5,Lmo1,Sgf29,Xbp1,Mafg,Tead3,Ddn,Esrra,Rgmb,Ptms,Auts2,Mt3,Tef"
"GO:0007399","nervous system development",2794,27,0.000409289127471946,0.0138238051033641,"Mertk,Plk5,Kifc2,Pik3r1,Anks1,Klf7,Arhgef10,Gsn,Gpm6b,Kif21a,Itgb4,Xbp1,Matn2,Palm,Tead3,Brsk2,Mthfd1l,Plxna1,Igsf11,Gpr37l1,Auts2,Bok,Aspa,Itpk1,Prex2,Mt3,Nav3"
"GO:0044087","regulation of cellular component biogenesis",1128,15,0.000419653618229691,0.0138238051033641,"Pik3r1,Rapgef3,Arhgef10,Gsn,Gpm6b,Kif21a,Rhpn1,Palm,Fbxl2,Plekhg2,Igsf11,Tmod2,Auts2,Nav3,Stxbp6"
"GO:0006882","intracellular zinc ion homeostasis",30,3,0.00042262339902151,0.0138238051033641,"Mt2,Mt1,Mt3"
"GO:0016043","cellular component organization",7913,57,0.000426809311520458,0.0138238051033641,"Fus,Per1,Snta1,Mertk,Mical2,Plk5,Kifc2,Atp8a1,Pik3r1,Rapgef3,Sfpq,Klf7,Arhgef10,Gsn,Serpinh1,Atp11a,Gpm6b,Mroh1,Sgf29,Kif21a,Bicd2,Itgb4,Rnh1,Gas2l3,Rhpn1,Adamtsl5,Xbp1,Matn2,Palm,Adamts20,Fbxl2,Ube2b,Hsp90ab1,Bcl2l1,Brsk2,Rtkn,Bcl2l2,Vwa1,Abca7,Rhot1,Plekhg2,Slc6a1,Fmn2,Lox,Plxna1,Igsf11,Prrt1,Tmod2,Fdps,Auts2,Bok,Wsb1,Ip6k2,Prex2,Mt3,Nav3,Stxbp6"
"GO:0006606","protein import into nucleus",197,6,0.000429375764574187,0.0138238051033641,"Pik3r1,Cry2,Ddx5,Xbp1,Hsp90ab1,Fam53b"
"GO:0034394","protein localization to cell surface",73,4,0.000459568571506029,0.0143848409708667,"Gpm6b,Hsp90ab1,Abca7,Prrt1"
"GO:0071840","cellular component organization or biogenesis",8121,58,0.00046000397791943,0.0143848409708667,"Fus,Per1,Snta1,Mertk,Mical2,Plk5,Kifc2,Atp8a1,Pik3r1,Rapgef3,Sfpq,Klf7,Arhgef10,Gsn,Serpinh1,Atp11a,Gpm6b,Mroh1,Sgf29,Kif21a,Bicd2,Itgb4,Rnh1,Gas2l3,Rhpn1,Adamtsl5,Xbp1,Matn2,Palm,Adamts20,Fbxl2,Ube2b,Hsp90ab1,Bcl2l1,Brsk2,Rtkn,Bcl2l2,Vwa1,Abca7,Rhot1,Plekhg2,Slc6a1,Fmn2,Lox,Plxna1,Igsf11,Prrt1,Tmod2,Fdps,Wbp11,Auts2,Bok,Wsb1,Ip6k2,Prex2,Mt3,Nav3,Stxbp6"
"GO:0071705","nitrogen compound transport",2082,22,0.000472119429934204,0.0143848409708667,"Slc27a1,Abcc5,Pabpn1,Atp8a1,Pik3r1,Rapgef3,Klf7,Gpm6b,Cry2,Ddx5,Bicd2,Xbp1,Slc44a2,Hsp90ab1,Brsk2,Xpo7,Slc6a1,Slc3a2,Fam53b,Fmn2,Derl1,Slc8b1"
"GO:0006986","response to unfolded protein",131,5,0.000472922007897202,0.0143848409708667,"Pik3r1,Xbp1,Abca7,Bok,Derl1"
"GO:0080090","regulation of primary metabolic process",5085,41,0.000474045895630833,0.0143848409708667,"Fus,Per1,Slc27a1,Clk1,Tra2a,Mical2,Per3,Eid1,Pabpn1,Pik3r1,Rapgef3,Anks1,Sfpq,Klf7,Gsn,Cry2,Ddx5,Lmo1,Sgf29,Rnh1,Xbp1,Mafg,Ube2b,Hsp90ab1,Tead3,Ddn,Bcl2l1,Abca7,Esrra,Itm2b,Rgmb,Fmn2,Tnfsf12,Ptms,Fdps,Auts2,Derl1,Srsf4,Mt3,Tef,Zfp866"
"GO:1901698","response to nitrogen compound",1271,16,0.000487695829481291,0.0144216655948824,"Per1,Slc27a1,Pik3r1,Tns2,Rapgef3,Cry2,Xbp1,Palm,Bcl2l1,Brsk2,Esrra,Slc6a1,Lta4h,Slc3a2,Derl1,Hmgcs1"
"GO:0042985","negative regulation of amyloid precursor protein biosynthetic process",7,2,0.000491647690734628,0.0144216655948824,"Abca7,Itm2b"
"GO:1900103","positive regulation of endoplasmic reticulum unfolded protein response",7,2,0.000491647690734628,0.0144216655948824,"Pik3r1,Bok"
"GO:0051261","protein depolymerization",133,5,0.000506789173126621,0.0144985476946351,"Mical2,Gsn,Kif21a,Tmod2,Nav3"
"GO:0097345","mitochondrial outer membrane permeabilization",32,3,0.000512633840964105,0.0144985476946351,"Bcl2l1,Rhot1,Bok"
"GO:0051170","import into nucleus",204,6,0.000516336369272311,0.0144985476946351,"Pik3r1,Cry2,Ddx5,Xbp1,Hsp90ab1,Fam53b"
"GO:0030154","cell differentiation",5107,41,0.000519568379512812,0.0144985476946351,"Mertk,Plk5,Kifc2,Eid1,Pik3r1,Rapgef3,Anks1,Klf7,Arhgef10,Serpinh1,Atp11a,Gpm6b,Ddx5,Kif21a,Itgb4,Xbp1,Mafg,Matn2,Palm,Adamts20,Ube2b,Hsp90ab1,Tead3,Bcl2l1,Brsk2,Esrra,Lta4h,Fmn2,Lox,Plxna1,Tnfsf12,Gpr37l1,Tmod2,Fdps,Auts2,Bok,Aspa,Srsf4,Prex2,Mt3,Nav3"
"GO:0048869","cellular developmental process",5108,41,0.000521728042041793,0.0144985476946351,"Mertk,Plk5,Kifc2,Eid1,Pik3r1,Rapgef3,Anks1,Klf7,Arhgef10,Serpinh1,Atp11a,Gpm6b,Ddx5,Kif21a,Itgb4,Xbp1,Mafg,Matn2,Palm,Adamts20,Ube2b,Hsp90ab1,Tead3,Bcl2l1,Brsk2,Esrra,Lta4h,Fmn2,Lox,Plxna1,Tnfsf12,Gpr37l1,Tmod2,Fdps,Auts2,Bok,Aspa,Srsf4,Prex2,Mt3,Nav3"
"GO:0033554","cellular response to stress",1962,21,0.000546203260847917,0.0149836713754681,"Fus,Plk5,Pik3r1,Sfpq,Ddx5,Sgf29,Rnh1,Xbp1,Matn2,Ube2b,Hsp90ab1,Bcl2l1,Brsk2,Bcl2l2,Abca7,Fmn2,Gpr37l1,Mpnd,Bok,Derl1,Mt3"
"GO:0051129","negative regulation of cellular component organization",797,12,0.000555745858649305,0.0149836713754681,"Pik3r1,Rapgef3,Gsn,Rhpn1,Fbxl2,Bcl2l1,Bcl2l2,Abca7,Tmod2,Bok,Mt3,Nav3"
"GO:0046688","response to copper ion",33,3,0.000561887676580052,0.0149836713754681,"Mt2,Mt1,Mt3"
"GO:1902235","regulation of endoplasmic reticulum stress-induced intrinsic apoptotic signaling pathway",33,3,0.000561887676580052,0.0149836713754681,"Xbp1,Bcl2l1,Bok"
"GO:0010647","positive regulation of cell communication",2115,22,0.000583969868123297,0.0152641628895594,"Mertk,Plekha4,Pik3r1,Sfpq,Arhgef10,Gsn,Ddx5,Xbp1,Adamts20,Ube2b,Hsp90ab1,Bcl2l1,Abca7,Fam53b,Igsf11,Prrt1,Tnfsf12,Gpr37l1,Tmod2,Auts2,Bok,Mt3"
"GO:0023056","positive regulation of signaling",2115,22,0.000583969868123297,0.0152641628895594,"Mertk,Plekha4,Pik3r1,Sfpq,Arhgef10,Gsn,Ddx5,Xbp1,Adamts20,Ube2b,Hsp90ab1,Bcl2l1,Abca7,Fam53b,Igsf11,Prrt1,Tnfsf12,Gpr37l1,Tmod2,Auts2,Bok,Mt3"
"GO:0046824","positive regulation of nucleocytoplasmic transport",79,4,0.000620231023039012,0.01593426361118,"Pik3r1,Rapgef3,Xbp1,Hsp90ab1"
"GO:0019725","cellular homeostasis",925,13,0.000621677709072555,0.01593426361118,"Mt2,Mt1,Pik3r1,Tns2,Klf7,Xbp1,Mafg,Brsk2,Rhot1,Lox,Bok,Slc8b1,Mt3"
"GO:0010639","negative regulation of organelle organization",386,8,0.00064397659980362,0.0163470983027073,"Pik3r1,Gsn,Rhpn1,Bcl2l1,Bcl2l2,Tmod2,Bok,Nav3"
"GO:2000323","negative regulation of nuclear receptor-mediated glucocorticoid signaling pathway",8,2,0.000653427912817867,0.0164290446651349,"Per1,Cry2"
"GO:0043066","negative regulation of apoptotic process",1063,14,0.000723443652724746,0.0177829660617897,"Mertk,Mt1,Pik3r1,Rapgef3,Xbp1,Adamts20,Ube2b,Hsp90ab1,Bcl2l1,Bcl2l2,Fmn2,Ptms,Bok,Mt3"
"GO:1902110","positive regulation of mitochondrial membrane permeability involved in apoptotic process",36,3,0.000727484975255033,0.0177829660617897,"Bcl2l1,Rhot1,Bok"
"GO:1905898","positive regulation of response to endoplasmic reticulum stress",36,3,0.000727484975255033,0.0177829660617897,"Pik3r1,Xbp1,Bok"
"GO:0031032","actomyosin structure organization",224,6,0.000841704555419664,0.0203862387734671,"Pik3r1,Rapgef3,Arhgef10,Rhpn1,Rtkn,Tmod2"
"GO:1902686","mitochondrial outer membrane permeabilization involved in programmed cell death",38,3,0.000853423354041374,0.020482160496993,"Bcl2l1,Rhot1,Bok"
"GO:0048856","anatomical structure development",6654,49,0.000889190223386701,0.0211483080156837,"Mertk,Mical2,Plk5,Kifc2,Pik3r1,Tns2,Rapgef3,Anks1,Klf7,Arhgef10,Gsn,Serpinh1,Atp11a,Gpm6b,Ddx5,Sgf29,Kif21a,Itgb4,Rnh1,Rhpn1,Xbp1,Mafg,Matn2,Palm,Ube2b,Hsp90ab1,Tead3,Bcl2l1,Brsk2,Bcl2l2,Esrra,Lta4h,Mthfd1l,Fmn2,Lox,Plxna1,Igsf11,Tnfsf12,Gpr37l1,Tmod2,Fdps,Auts2,Bok,Aspa,Itpk1,Srsf4,Prex2,Mt3,Nav3"
"GO:0050821","protein stabilization",228,6,0.000922419883982518,0.0216501519668608,"Per3,Pik3r1,Ube2b,Hsp90ab1,Ip6k2,Mt3"
"GO:0035966","response to topologically incorrect protein",152,5,0.000926692110702754,0.0216501519668608,"Pik3r1,Xbp1,Abca7,Bok,Derl1"
"GO:0035794","positive regulation of mitochondrial membrane permeability",41,3,0.00106694221760237,0.0247081355655286,"Bcl2l1,Rhot1,Bok"
"GO:0043069","negative regulation of programmed cell death",1108,14,0.00107758262352313,0.0247375489226179,"Mertk,Mt1,Pik3r1,Rapgef3,Xbp1,Adamts20,Ube2b,Hsp90ab1,Bcl2l1,Bcl2l2,Fmn2,Ptms,Bok,Mt3"
"GO:0030198","extracellular matrix organization",323,7,0.00108714832183673,0.0247419962900772,"Serpinh1,Gpm6b,Adamtsl5,Matn2,Adamts20,Vwa1,Lox"
"GO:0045229","external encapsulating structure organization",324,7,0.00110671293658608,0.0249719842101475,"Serpinh1,Gpm6b,Adamtsl5,Matn2,Adamts20,Vwa1,Lox"
"GO:0043062","extracellular structure organization",325,7,0.00112655332662247,0.0252042439176552,"Serpinh1,Gpm6b,Adamtsl5,Matn2,Adamts20,Vwa1,Lox"
"GO:0048468","cell development",3477,30,0.00122191708022553,0.0269812617079563,"Mertk,Plk5,Kifc2,Pik3r1,Rapgef3,Anks1,Klf7,Arhgef10,Serpinh1,Gpm6b,Kif21a,Itgb4,Xbp1,Matn2,Palm,Ube2b,Bcl2l1,Brsk2,Esrra,Fmn2,Lox,Plxna1,Gpr37l1,Tmod2,Fdps,Auts2,Aspa,Srsf4,Prex2,Mt3"
"GO:1902108","regulation of mitochondrial membrane permeability involved in apoptotic process",43,3,0.00122642098672529,0.0269812617079563,"Bcl2l1,Rhot1,Bok"
"GO:0006839","mitochondrial transport",95,4,0.00123744836127887,0.0269988733369935,"Bcl2l1,Bcl2l2,Rhot1,Bok"
"GO:0022008","neurogenesis",2099,21,0.0012933306204862,0.0279868265416687,"Plk5,Kifc2,Anks1,Klf7,Arhgef10,Gpm6b,Kif21a,Itgb4,Xbp1,Matn2,Palm,Tead3,Brsk2,Plxna1,Gpr37l1,Auts2,Bok,Aspa,Prex2,Mt3,Nav3"
"GO:2000008","regulation of protein localization to cell surface",44,3,0.00131147998388361,0.0281488386784775,"Gpm6b,Hsp90ab1,Abca7"
"GO:0007610","behavior",882,12,0.00133249099567925,0.0282000690017796,"Per3,Atp8a1,Rapgef3,Mafg,Vwa1,Abca7,Slc6a1,Prrt1,Tmod2,Auts2,Prex2,Ntan1"
"GO:0014074","response to purine-containing compound",165,5,0.00133523053985699,0.0282000690017796,"Per1,Pik3r1,Rapgef3,Slc6a1,Hmgcs1"
"GO:0051492","regulation of stress fiber assembly",99,4,0.00144141051846232,0.0302009822915914,"Pik3r1,Rapgef3,Arhgef10,Rhpn1"
"GO:0048584","positive regulation of response to stimulus",2578,24,0.00152038365909975,0.0313619149420541,"Fus,Mertk,Plekha4,Pik3r1,Sfpq,Arhgef10,Gsn,Ddx5,Xbp1,Adamts20,Fbxl2,Ube2b,Hsp90ab1,Abca7,Esrra,Fam53b,Fmn2,Igsf11,Tnfsf12,Gpr37l1,Tmod2,Auts2,Bok,Mt3"
"GO:1901678","iron coordination entity transport",12,2,0.0015205776941602,0.0313619149420541,"Abcc5,Slc22a17"
"GO:0007165","signal transduction",7185,51,0.00156894371568442,0.0319888520955747,"Per1,Mertk,Slc27a1,Mt2,Plekha4,Ctnnal1,Pabpn1,Mt1,Pik3r1,Tns2,Rapgef3,Anks1,Sfpq,Arhgef10,Gsn,Cry2,Ddx5,Itgb4,Rhpn1,Xbp1,Palm,Adamts20,Fbxl2,Ube2b,Hsp90ab1,Tead3,Bcl2l1,Brsk2,Rtkn,Bcl2l2,Abca7,Rhot1,Esrra,Rgmb,Fam53b,Lox,Plxna1,Igsf11,Fam83f,Prrt1,Tnfsf12,Gpr37l1,Tmod2,Auts2,Bok,Wsb1,Ralgds,Derl1,Prex2,Mt3,Ralgps1"
"GO:0080135","regulation of cellular response to stress",550,9,0.00157520862591845,0.0319888520955747,"Fus,Pik3r1,Ddx5,Sgf29,Xbp1,Bcl2l1,Abca7,Fmn2,Bok"
"GO:0090559","regulation of membrane permeability",102,4,0.00160898349834754,0.0321796699669508,"Bcl2l1,Bcl2l2,Rhot1,Bok"
"GO:1901879","regulation of protein depolymerization",102,4,0.00160898349834754,0.0321796699669508,"Gsn,Kif21a,Tmod2,Nav3"
"GO:0097017","renal protein absorption",13,2,0.00179129394041456,0.0352491320339099,"Gsn,Rhpn1"
"GO:1903573","negative regulation of response to endoplasmic reticulum stress",49,3,0.00179224716795569,0.0352491320339099,"Xbp1,Bcl2l1,Abca7"
"GO:0051248","negative regulation of protein metabolic process",561,9,0.00180251243355221,0.0352491320339099,"Pik3r1,Anks1,Rnh1,Xbp1,Ube2b,Hsp90ab1,Abca7,Itm2b,Fmn2"
"GO:0097190","apoptotic signaling pathway",675,10,0.001821515432713,0.0353588289879582,"Pik3r1,Sfpq,Ddx5,Xbp1,Bcl2l1,Brsk2,Bcl2l2,Rhot1,Tnfsf12,Bok"
"GO:0032502","developmental process",7236,51,0.00185211604779887,0.0355682281647028,"Mertk,Mical2,Plk5,Kifc2,Eid1,Pik3r1,Tns2,Rapgef3,Anks1,Klf7,Arhgef10,Gsn,Serpinh1,Atp11a,Gpm6b,Ddx5,Sgf29,Kif21a,Itgb4,Rnh1,Rhpn1,Xbp1,Mafg,Matn2,Palm,Adamts20,Ube2b,Hsp90ab1,Tead3,Bcl2l1,Brsk2,Bcl2l2,Esrra,Lta4h,Mthfd1l,Fmn2,Lox,Plxna1,Igsf11,Tnfsf12,Gpr37l1,Tmod2,Fdps,Auts2,Bok,Aspa,Itpk1,Srsf4,Prex2,Mt3,Nav3"
"GO:1902904","negative regulation of supramolecular fiber organization",178,5,0.00186356919965098,0.0355682281647028,"Pik3r1,Gsn,Rhpn1,Tmod2,Nav3"
"GO:0023052","signaling",7797,54,0.0018727211041264,0.0355682281647028,"Per1,Mertk,Slc27a1,Mt2,Plekha4,Ctnnal1,Pabpn1,Mt1,Pik3r1,Tns2,Rapgef3,Anks1,Sfpq,Klf7,Arhgef10,Gsn,Cry2,Ddx5,Itgb4,Rhpn1,Xbp1,Palm,Adamts20,Fbxl2,Ube2b,Hsp90ab1,Tead3,Bcl2l1,Brsk2,Rtkn,Bcl2l2,Abca7,Rhot1,Esrra,Slc6a1,Rgmb,Fam53b,Lox,Plxna1,Igsf11,Fam83f,Prrt1,Tnfsf12,Gpr37l1,Tmod2,Auts2,Bok,Wsb1,Ralgds,Derl1,Slc8b1,Prex2,Mt3,Ralgps1"
"GO:0006974","DNA damage response",921,12,0.00191386051631634,0.0360899411648225,"Fus,Plk5,Pik3r1,Sfpq,Ddx5,Sgf29,Ube2b,Bcl2l1,Bcl2l2,Fmn2,Mpnd,Bok"
"GO:0051494","negative regulation of cytoskeleton organization",180,5,0.00195670384777256,0.036636157149784,"Pik3r1,Gsn,Rhpn1,Tmod2,Nav3"
"GO:0009891","positive regulation of biosynthetic process",2942,26,0.00198188382145762,0.0368462907651277,"Fus,Per1,Slc27a1,Tra2a,Mical2,Pik3r1,Rapgef3,Sfpq,Klf7,Gsn,Ddx5,Lmo1,Sgf29,Xbp1,Mafg,Hsp90ab1,Tead3,Ddn,Bcl2l1,Esrra,Rgmb,Ptms,Fdps,Auts2,Mt3,Tef"
"GO:0051017","actin filament bundle assembly",182,5,0.00205319945173113,0.0374117772985873,"Pik3r1,Rapgef3,Arhgef10,Rhpn1,Fmn2"
"GO:0042983","amyloid precursor protein biosynthetic process",14,2,0.00208315578139861,0.0374117772985873,"Abca7,Itm2b"
"GO:0042984","regulation of amyloid precursor protein biosynthetic process",14,2,0.00208315578139861,0.0374117772985873,"Abca7,Itm2b"
"GO:2001138","regulation of phospholipid transport",14,2,0.00208315578139861,0.0374117772985873,"Atp8a1,Abca7"
"GO:2001140","positive regulation of phospholipid transport",14,2,0.00208315578139861,0.0374117772985873,"Atp8a1,Abca7"
"GO:0007154","cell communication",7834,54,0.00210160708724381,0.0374881264211057,"Per1,Mertk,Slc27a1,Mt2,Plekha4,Ctnnal1,Pabpn1,Mt1,Pik3r1,Tns2,Rapgef3,Anks1,Sfpq,Klf7,Arhgef10,Gsn,Cry2,Ddx5,Itgb4,Rhpn1,Xbp1,Palm,Adamts20,Fbxl2,Ube2b,Hsp90ab1,Tead3,Bcl2l1,Brsk2,Rtkn,Bcl2l2,Abca7,Rhot1,Esrra,Slc6a1,Rgmb,Fam53b,Lox,Plxna1,Igsf11,Fam83f,Prrt1,Tnfsf12,Gpr37l1,Tmod2,Auts2,Bok,Wsb1,Ralgds,Derl1,Slc8b1,Prex2,Mt3,Ralgps1"
"GO:0090316","positive regulation of intracellular protein transport",111,4,0.00219233871038807,0.0385632694808197,"Pik3r1,Rapgef3,Xbp1,Hsp90ab1"
"GO:0061572","actin filament bundle organization",185,5,0.00220440065462169,0.0385632694808197,"Pik3r1,Rapgef3,Arhgef10,Rhpn1,Fmn2"
"GO:0051130","positive regulation of cellular component organization",1331,15,0.00220570215591052,0.0385632694808197,"Mertk,Plk5,Atp8a1,Pik3r1,Rapgef3,Sfpq,Arhgef10,Gsn,Palm,Ube2b,Bcl2l1,Abca7,Auts2,Bok,Nav3"
"GO:0043491","phosphatidylinositol 3-kinase/protein kinase B signal transduction",367,7,0.00224650015769644,0.0390181606336751,"Mertk,Pik3r1,Rapgef3,Xbp1,Fbxl2,Lox,Prex2"
"GO:0150115","cell-substrate junction organization",112,4,0.00226503530574164,0.0390829621382871,"Pik3r1,Gpm6b,Itgb4,Rhpn1"
"GO:0007611","learning or memory",369,7,0.00231576151217818,0.0392876756744793,"Atp8a1,Rapgef3,Abca7,Slc6a1,Prrt1,Tmod2,Ntan1"
"GO:0034504","protein localization to nucleus",369,7,0.00231576151217818,0.0392876756744793,"Pik3r1,Cry2,Ddx5,Xbp1,Hsp90ab1,Abca7,Fam53b"
"GO:0110020","regulation of actomyosin structure organization",113,4,0.00233937699505523,0.0392876756744793,"Pik3r1,Rapgef3,Arhgef10,Rhpn1"
"GO:0010561","negative regulation of glycoprotein biosynthetic process",15,2,0.00239595294832999,0.0392876756744793,"Abca7,Itm2b"
"GO:0042754","negative regulation of circadian rhythm",15,2,0.00239595294832999,0.0392876756744793,"Sfpq,Cry2"
"GO:1901029","negative regulation of mitochondrial outer membrane permeabilization involved in apoptotic signaling pathway",15,2,0.00239595294832999,0.0392876756744793,"Bcl2l1,Bok"
"GO:1903897","regulation of PERK-mediated unfolded protein response",15,2,0.00239595294832999,0.0392876756744793,"Abca7,Bok"
"GO:2000322","regulation of nuclear receptor-mediated glucocorticoid signaling pathway",15,2,0.00239595294832999,0.0392876756744793,"Per1,Cry2"
"GO:0000041","transition metal ion transport",115,4,0.00249307039556886,0.0404621031751521,"Abcc5,Mmgt2,Slc22a17,Mt3"
"GO:0042307","positive regulation of protein import into nucleus",55,3,0.00249822833998098,0.0404621031751521,"Pik3r1,Xbp1,Hsp90ab1"
"GO:1902531","regulation of intracellular signal transduction",2070,20,0.00256592147511157,0.0411593489934957,"Per1,Mertk,Pik3r1,Rapgef3,Sfpq,Arhgef10,Gsn,Cry2,Ddx5,Xbp1,Fbxl2,Bcl2l1,Abca7,Lox,Gpr37l1,Auts2,Bok,Prex2,Mt3,Ralgps1"
"GO:0008630","intrinsic apoptotic signaling pathway in response to DNA damage",116,4,0.00257245931209348,0.0411593489934957,"Pik3r1,Bcl2l1,Bcl2l2,Bok"
"GO:0007006","mitochondrial membrane organization",117,4,0.00265356772907689,0.0419486155973832,"Bcl2l1,Bcl2l2,Rhot1,Bok"
"GO:0032231","regulation of actin filament bundle assembly",117,4,0.00265356772907689,0.0419486155973832,"Pik3r1,Rapgef3,Arhgef10,Rhpn1"
"GO:0036196","zymosterol metabolic process",16,2,0.0027294766962373,0.0426379791601566,"Fdps,Hmgcs1"
"GO:0036197","zymosterol biosynthetic process",16,2,0.0027294766962373,0.0426379791601566,"Fdps,Hmgcs1"
"GO:0010970","transport along microtubule",196,5,0.00282878368830671,0.0439293466889984,"Kifc2,Sfpq,Kif21a,Bicd2,Rhot1"
"GO:0009893","positive regulation of metabolic process",3674,30,0.00288993066151862,0.0443429014109423,"Fus,Per1,Slc27a1,Tra2a,Mical2,Pik3r1,Rapgef3,Sfpq,Klf7,Gsn,Ddx5,Lmo1,Sgf29,Xbp1,Mafg,Ube2b,Hsp90ab1,Tead3,Ddn,Bcl2l1,Esrra,Rgmb,Fmn2,Tnfsf12,Ptms,Fdps,Auts2,Derl1,Mt3,Tef"
"GO:0030038","contractile actin filament bundle assembly",120,4,0.00290739390208733,0.0443429014109423,"Pik3r1,Rapgef3,Arhgef10,Rhpn1"
"GO:0043149","stress fiber assembly",120,4,0.00290739390208733,0.0443429014109423,"Pik3r1,Rapgef3,Arhgef10,Rhpn1"
"GO:0045944","positive regulation of transcription by RNA polymerase II",1371,15,0.00292260032026665,0.0443429014109423,"Per1,Mical2,Pik3r1,Rapgef3,Sfpq,Klf7,Lmo1,Xbp1,Mafg,Tead3,Ddn,Esrra,Ptms,Auts2,Tef"
"GO:0019222","regulation of metabolic process",6656,47,0.00303431613489611,0.0457748262635756,"Fus,Per1,Mertk,Slc27a1,Clk1,Tra2a,Mical2,Per3,Eid1,Pabpn1,Pik3r1,Rapgef3,Anks1,Sfpq,Klf7,Gsn,Zcchc7,Cry2,Ddx5,Lmo1,Sgf29,Rnh1,Xbp1,Mafg,Fbxl2,Ube2b,Hsp90ab1,Tead3,Ddn,Bcl2l1,Abca7,Esrra,Itm2b,Rgmb,Fmn2,Lox,Tnfsf12,Ptms,Fdps,Auts2,Bok,Derl1,Srsf4,Mt3,Nav3,Tef,Zfp866"
"GO:0045332","phospholipid translocation",61,3,0.00335492177468146,0.0503238266202218,"Atp8a1,Atp11a,Abca7"
"GO:0042921","nuclear receptor-mediated glucocorticoid signaling pathway",18,2,0.00345787651608057,0.0510882286101276,"Per1,Cry2"
"GO:1903019","negative regulation of glycoprotein metabolic process",18,2,0.00345787651608057,0.0510882286101276,"Abca7,Itm2b"
"GO:0008637","apoptotic mitochondrial changes",126,4,0.00346393671258062,0.0510882286101276,"Bcl2l1,Bcl2l2,Rhot1,Bok"
"GO:0030042","actin filament depolymerization",62,3,0.00351302739088964,0.051239736530103,"Mical2,Gsn,Tmod2"
"GO:0045010","actin nucleation",62,3,0.00351302739088964,0.051239736530103,"Gsn,Rnh1,Fmn2"
"GO:0042752","regulation of circadian rhythm",128,4,0.00366446320320001,0.0531548508596045,"Per1,Per3,Sfpq,Cry2"
"GO:0006996","organelle organization",3735,30,0.00370195636377591,0.053389635317518,"Fus,Mical2,Plk5,Pik3r1,Rapgef3,Sfpq,Arhgef10,Gsn,Gpm6b,Mroh1,Kif21a,Bicd2,Rnh1,Gas2l3,Rhpn1,Palm,Ube2b,Hsp90ab1,Bcl2l1,Brsk2,Rtkn,Bcl2l2,Rhot1,Plekhg2,Fmn2,Tmod2,Auts2,Bok,Nav3,Stxbp6"
"GO:0032271","regulation of protein polymerization",209,5,0.00372109579485731,0.053389635317518,"Gsn,Kif21a,Plekhg2,Tmod2,Nav3"
"GO:0019219","regulation of nucleobase-containing compound metabolic process",3908,31,0.00378515477826957,0.0540151817007117,"Fus,Per1,Tra2a,Mical2,Per3,Eid1,Pabpn1,Pik3r1,Rapgef3,Sfpq,Klf7,Cry2,Ddx5,Lmo1,Sgf29,Rnh1,Xbp1,Mafg,Ube2b,Tead3,Ddn,Bcl2l1,Esrra,Rgmb,Fmn2,Ptms,Auts2,Srsf4,Mt3,Tef,Zfp866"
"GO:0010821","regulation of mitochondrion organization",130,4,0.00387273122853026,0.054967798082365,"Bcl2l1,Bcl2l2,Rhot1,Bok"
"GO:0010001","glial cell differentiation",305,6,0.00396786105328429,0.0560168619287193,"Arhgef10,Gpm6b,Itgb4,Gpr37l1,Bok,Aspa"
"GO:0034204","lipid translocation",66,3,0.00419070741884115,0.0588482318390459,"Atp8a1,Atp11a,Abca7"
"GO:0031958","nuclear receptor-mediated corticosteroid signaling pathway",20,2,0.00426671539067382,0.0589744954522455,"Per1,Cry2"
"GO:1900102","negative regulation of endoplasmic reticulum unfolded protein response",20,2,0.00426671539067382,0.0589744954522455,"Xbp1,Abca7"
"GO:1902236","negative regulation of endoplasmic reticulum stress-induced intrinsic apoptotic signaling pathway",20,2,0.00426671539067382,0.0589744954522455,"Xbp1,Bcl2l1"
"GO:0030705","cytoskeleton-dependent intracellular transport",217,5,0.00436141433765188,0.0595764953675269,"Kifc2,Sfpq,Kif21a,Bicd2,Rhot1"
"GO:0042063","gliogenesis",415,7,0.00441456958303419,0.0595764953675269,"Arhgef10,Gpm6b,Itgb4,Matn2,Gpr37l1,Bok,Aspa"
"GO:0050890","cognition",415,7,0.00441456958303419,0.0595764953675269,"Atp8a1,Rapgef3,Abca7,Slc6a1,Prrt1,Tmod2,Ntan1"
"GO:0006950","response to stress",4288,33,0.00441777342647026,0.0595764953675269,"Fus,Per1,Mertk,Slc27a1,Mt2,Plk5,Mt1,Pik3r1,S100a7a,Sfpq,Gsn,Ddx5,Sgf29,Itgb4,Rnh1,Xbp1,Matn2,Fbxl2,Ube2b,Hsp90ab1,Bcl2l1,Brsk2,Bcl2l2,Vwa1,Abca7,Pcyox1l,Endod1,Fmn2,Gpr37l1,Mpnd,Bok,Derl1,Mt3"
"GO:0070887","cellular response to chemical stimulus",2640,23,0.00445433568636575,0.0595764953675269,"Per1,Slc27a1,Mt2,Pabpn1,Mt1,Pik3r1,Tns2,Rapgef3,Klf7,Gsn,Cry2,Ddx5,Xbp1,Palm,Bcl2l1,Brsk2,Esrra,Fmn2,Lox,Gpr37l1,Ip6k2,Slc8b1,Mt3"
"GO:0055085","transmembrane transport",1580,16,0.00451589790875022,0.0595764953675269,"Snta1,Slc27a1,Abcc5,Rapgef3,Slc44a2,Bcl2l1,Bcl2l2,Abca7,Slc6a1,Mmgt2,Slc22a17,Slc3a2,Prrt1,Bok,Slc8b1,S100a6"
"GO:0001836","release of cytochrome c from mitochondria",68,3,0.0045572250119894,0.0595764953675269,"Bcl2l1,Bcl2l2,Bok"
"GO:0033489","cholesterol biosynthetic process via desmosterol",21,2,0.00470079352733288,0.0595764953675269,"Fdps,Hmgcs1"
"GO:0045793","positive regulation of cell size",21,2,0.00470079352733288,0.0595764953675269,"Rapgef3,Hsp90ab1"
"GO:0090201","negative regulation of release of cytochrome c from mitochondria",21,2,0.00470079352733288,0.0595764953675269,"Bcl2l1,Bcl2l2"
"GO:0051049","regulation of transport",1882,18,0.00472805639206698,0.0595764953675269,"Per1,Snta1,Mertk,Atp8a1,Pik3r1,Rapgef3,Klf7,Gpm6b,Cry2,Xbp1,Hsp90ab1,Bcl2l1,Brsk2,Abca7,Slc6a1,Prrt1,Bok,Slc8b1"
"GO:0003116","regulation of vasoconstriction by norepinephrine",1,1,0.00489700738437626,0.0595764953675269,"Snta1"
"GO:0003117","regulation of vasoconstriction by circulating norepinephrine",1,1,0.00489700738437626,0.0595764953675269,"Snta1"
"GO:0019317","fucose catabolic process",1,1,0.00489700738437626,0.0595764953675269,"Hsd17b14"
"GO:0042355","L-fucose catabolic process",1,1,0.00489700738437626,0.0595764953675269,"Hsd17b14"
"GO:0044858","plasma membrane raft polarization",1,1,0.00489700738437626,0.0595764953675269,"Gsn"
"GO:0051758","homologous chromosome movement towards spindle pole in meiosis I anaphase",1,1,0.00489700738437626,0.0595764953675269,"Fmn2"
"GO:0060096","serotonin secretion, neurotransmission",1,1,0.00489700738437626,0.0595764953675269,"Xbp1"
"GO:0060691","epithelial cell maturation involved in salivary gland development",1,1,0.00489700738437626,0.0595764953675269,"Xbp1"
"GO:0070731","cGMP transport",1,1,0.00489700738437626,0.0595764953675269,"Abcc5"
"GO:0071247","cellular response to chromate",1,1,0.00489700738437626,0.0595764953675269,"Mt1"
"GO:0170064","lysosome fission",1,1,0.00489700738437626,0.0595764953675269,"Mroh1"
"GO:1903906","regulation of plasma membrane raft polarization",1,1,0.00489700738437626,0.0595764953675269,"Gsn"
"GO:1904247","positive regulation of polynucleotide adenylyltransferase activity",1,1,0.00489700738437626,0.0595764953675269,"Pabpn1"
"GO:1905396","cellular response to flavonoid",1,1,0.00489700738437626,0.0595764953675269,"Ip6k2"
"GO:2000296","negative regulation of hydrogen peroxide catabolic process",1,1,0.00489700738437626,0.0595764953675269,"Mt3"
"GO:0072348","sulfur compound transport",70,3,0.00494257204472865,0.0598550009086405,"Slc27a1,Abcc5,Slc3a2"
"GO:0032868","response to insulin",320,6,0.00500112585239041,0.0599097481884486,"Slc27a1,Pik3r1,Tns2,Cry2,Xbp1,Esrra"
"GO:0030518","nuclear receptor-mediated steroid hormone signaling pathway",140,4,0.00503500718992661,0.0599097481884486,"Per1,Cry2,Ddx5,Esrra"
"GO:0043401","steroid hormone receptor signaling pathway",140,4,0.00503500718992661,0.0599097481884486,"Per1,Cry2,Ddx5,Esrra"
"GO:0043524","negative regulation of neuron apoptotic process",225,5,0.00507675503203162,0.0599097481884486,"Mt1,Hsp90ab1,Bcl2l1,Bok,Mt3"
"GO:0097035","regulation of membrane lipid distribution",71,3,0.00514239036165665,0.0599097481884486,"Atp8a1,Atp11a,Abca7"
"GO:0033490","cholesterol biosynthetic process via lathosterol",22,2,0.00515437723664647,0.0599097481884486,"Fdps,Hmgcs1"
"GO:0035461","vitamin transmembrane transport",22,2,0.00515437723664647,0.0599097481884486,"Slc27a1,Abcc5"
"GO:0036499","PERK-mediated unfolded protein response",22,2,0.00515437723664647,0.0599097481884486,"Abca7,Bok"
"GO:0098935","dendritic transport",22,2,0.00515437723664647,0.0599097481884486,"Kifc2,Sfpq"
"GO:0120039","plasma membrane bounded cell projection morphogenesis",782,10,0.0051740237071842,0.0599097481884486,"Kifc2,Klf7,Kif21a,Rhpn1,Matn2,Brsk2,Plxna1,Auts2,Prex2,Mt3"
"GO:0009755","hormone-mediated signaling pathway",227,5,0.00526784417986612,0.0607297320298976,"Per1,Slc27a1,Cry2,Ddx5,Esrra"
"GO:0043244","regulation of protein-containing complex disassembly",142,4,0.00529258968951999,0.0607497251318816,"Gsn,Kif21a,Tmod2,Nav3"
"GO:0048858","cell projection morphogenesis",789,10,0.0055000347695461,0.062857540223384,"Kifc2,Klf7,Kif21a,Rhpn1,Matn2,Brsk2,Plxna1,Auts2,Prex2,Mt3"
"GO:1905710","positive regulation of membrane permeability",73,3,0.00555647687807977,0.0632288748195284,"Bcl2l1,Rhot1,Bok"
"GO:0035234","ectopic germ cell programmed cell death",23,2,0.00562726817224505,0.0637596050417465,"Ube2b,Bcl2l1"
"GO:0008654","phospholipid biosynthetic process",231,5,0.00566521900579192,0.063915291347396,"Pik3r1,Chpt1,Fdps,Ip6k2,Hmgcs1"
"GO:0016126","sterol biosynthetic process",74,3,0.00577080675104647,0.0645547873845877,"Cyb5r2,Fdps,Hmgcs1"
"GO:0032922","circadian regulation of gene expression",74,3,0.00577080675104647,0.0645547873845877,"Per1,Per3,Cry2"
"GO:0046822","regulation of nucleocytoplasmic transport",146,4,0.00583392608051129,0.0649855057069612,"Pik3r1,Rapgef3,Xbp1,Hsp90ab1"
"GO:0019538","protein metabolic process",4035,31,0.00610333335882537,0.0673119637921675,"Fus,Tmtc1,Galnt16,Pik3r1,Tns2,Dnajc7,Anks1,Gsn,Serpinh1,Rnh1,Xbp1,Adamts20,Fbxl2,Ube2b,Hsp90ab1,Brsk2,Abca7,Itm2b,Pcyox1l,Lta4h,Fmn2,Lox,Prrt1,Tnfsf12,Mpnd,Wsb1,Pcmtd1,Chpf2,Derl1,Mt3,Ntan1"
"GO:1901028","regulation of mitochondrial outer membrane permeabilization involved in apoptotic signaling pathway",24,2,0.00611926943565159,0.0673119637921675,"Bcl2l1,Bok"
"GO:2000010","positive regulation of protein localization to cell surface",24,2,0.00611926943565159,0.0673119637921675,"Hsp90ab1,Abca7"
"GO:0006886","intracellular protein transport",681,9,0.00641226011125535,0.0702421854510959,"Pik3r1,Rapgef3,Cry2,Ddx5,Xbp1,Hsp90ab1,Xpo7,Fam53b,Derl1"
"GO:0046847","filopodium assembly",77,3,0.00644329613078465,0.0702905032449235,"Pik3r1,Itgb4,Palm"
"GO:0007017","microtubule-based process",1073,12,0.00647583594999522,0.0703547609382197,"Plk5,Kifc2,Sfpq,Arhgef10,Kif21a,Bicd2,Gas2l3,Ube2b,Brsk2,Rhot1,Fmn2,Nav3"
"GO:0009628","response to abiotic stimulus",1354,14,0.00657161154592757,0.0711026823001999,"Per1,Slc27a1,Per3,Pik3r1,Gsn,Cry2,Xbp1,Palm,Ube2b,Hsp90ab1,Bcl2l1,Abca7,Fmn2,Mt3"
"GO:0016078","tRNA decay",25,2,0.00663018556704231,0.0711532109633809,"Zcchc7,Rnh1"
"GO:0016114","terpenoid biosynthetic process",25,2,0.00663018556704231,0.0711532109633809,"Fdps,Hmgcs1"
"GO:0023057","negative regulation of signaling",1648,16,0.00671379817749414,0.0717588145286823,"Per1,Tns2,Klf7,Cry2,Xbp1,Palm,Fbxl2,Bcl2l1,Bcl2l2,Abca7,Slc6a1,Lox,Prrt1,Gpr37l1,Bok,Prex2"
"GO:0055082","intracellular chemical homeostasis",813,10,0.00674183812693718,0.0717679542544925,"Mt2,Mt1,Pik3r1,Klf7,Xbp1,Mafg,Brsk2,Bok,Slc8b1,Mt3"
"GO:0042593","glucose homeostasis",342,6,0.00685729442906638,0.0724584070379075,"Pik3r1,Klf7,Cry2,Xbp1,Brsk2,Slc8b1"
"GO:0050684","regulation of mRNA processing",153,4,0.00686784613522227,0.0724584070379075,"Tra2a,Pabpn1,Ddx5,Srsf4"
"GO:0010648","negative regulation of cell communication",1653,16,0.00690474359905433,0.0724584070379075,"Per1,Tns2,Klf7,Cry2,Xbp1,Palm,Fbxl2,Bcl2l1,Bcl2l2,Abca7,Slc6a1,Lox,Prrt1,Gpr37l1,Bok,Prex2"
"GO:0050805","negative regulation of synaptic transmission",79,3,0.0069164843081639,0.0724584070379075,"Bcl2l1,Slc6a1,Prrt1"
"GO:0033500","carbohydrate homeostasis",343,6,0.00695207128212052,0.0725433525090837,"Pik3r1,Klf7,Cry2,Xbp1,Brsk2,Slc8b1"
"GO:0032388","positive regulation of intracellular transport",154,4,0.00702478871255368,0.0730135519729988,"Pik3r1,Rapgef3,Xbp1,Hsp90ab1"
"GO:0097192","extrinsic apoptotic signaling pathway in absence of ligand",80,3,0.00716061659008197,0.0741334423443781,"Bcl2l1,Bcl2l2,Bok"
"GO:0006357","regulation of transcription by RNA polymerase II",2597,22,0.00751443187899076,0.0774925787520922,"Fus,Per1,Mical2,Per3,Eid1,Pik3r1,Rapgef3,Sfpq,Klf7,Cry2,Ddx5,Lmo1,Sgf29,Xbp1,Mafg,Tead3,Ddn,Esrra,Ptms,Auts2,Tef,Zfp866"
"GO:0038034","signal transduction in absence of ligand",82,3,0.00766408272680567,0.0783046414181347,"Bcl2l1,Bcl2l2,Bok"
"GO:0032501","multicellular organismal process",9056,58,0.00769142895166889,0.0783046414181347,"Per1,Snta1,Mertk,Slc27a1,Mical2,Plk5,Kifc2,Per3,Atp8a1,Pik3r1,Tns2,Rapgef3,Anks1,Klf7,Arhgef10,Gsn,Serpinh1,Atp11a,Gpm6b,Cry2,Ddx5,Lmo1,Sgf29,Kif21a,Itgb4,Rnh1,Rhpn1,Xbp1,Mafg,Matn2,Palm,Ube2b,Tead3,Bcl2l1,Brsk2,Bcl2l2,Vwa1,Abca7,Esrra,Slc6a1,Lta4h,Mthfd1l,Lox,Plxna1,Igsf11,Prrt1,Tnfsf12,Gpr37l1,Tmod2,Fdps,Auts2,Bok,Aspa,Itpk1,Prex2,Mt3,Nav3,Ntan1"
"GO:0097284","hepatocyte apoptotic process",27,2,0.00770798773269392,0.0783046414181347,"Gsn,Bcl2l1"
"GO:0007264","small GTPase-mediated signal transduction",461,7,0.00771182074572539,0.0783046414181347,"Ctnnal1,Rapgef3,Arhgef10,Rtkn,Auts2,Ralgds,Ralgps1"
"GO:0000226","microtubule cytoskeleton organization",702,9,0.00775337434607374,0.0784249359143091,"Plk5,Arhgef10,Kif21a,Bicd2,Gas2l3,Ube2b,Brsk2,Fmn2,Nav3"
"GO:0022411","cellular component disassembly",462,7,0.00779940275278621,0.0784515124932399,"Mical2,Pik3r1,Gsn,Kif21a,Tmod2,Bok,Nav3"
"GO:0051252","regulation of RNA metabolic process",3594,28,0.0078222197947433,0.0784515124932399,"Fus,Per1,Tra2a,Mical2,Per3,Eid1,Pabpn1,Pik3r1,Rapgef3,Sfpq,Klf7,Cry2,Ddx5,Lmo1,Sgf29,Rnh1,Xbp1,Mafg,Tead3,Ddn,Esrra,Rgmb,Ptms,Auts2,Srsf4,Mt3,Tef,Zfp866"
"GO:0007623","circadian rhythm",250,5,0.00784515124932399,0.0784515124932399,"Per1,Per3,Sfpq,Cry2,Ddx5"
"GO:0032869","cellular response to insulin stimulus",251,5,0.00797394451375237,0.0791679813255231,"Slc27a1,Pik3r1,Tns2,Xbp1,Esrra"
"GO:0043254","regulation of protein-containing complex assembly",464,7,0.00797677387598074,0.0791679813255231,"Gsn,Kif21a,Fbxl2,Plekhg2,Tmod2,Nav3,Stxbp6"
"GO:0009416","response to light stimulus",354,6,0.00805830727574601,0.0796776449736684,"Per1,Per3,Pik3r1,Cry2,Ube2b,Abca7"
"GO:0099111","microtubule-based transport",252,5,0.00810420195358465,0.0798324371547145,"Kifc2,Sfpq,Kif21a,Bicd2,Rhot1"
"GO:0042306","regulation of protein import into nucleus",84,3,0.00818797597913374,0.0803112260647184,"Pik3r1,Xbp1,Hsp90ab1"
"GO:0016477","cell migration",1685,16,0.0082336224777123,0.0803112260647184,"Mertk,Atp8a1,Pik3r1,Rapgef3,S100a7a,Anks1,Itgb4,Rnh1,Xbp1,Matn2,Fmn2,Lox,Plxna1,Auts2,Slc8b1,Nav3"
"GO:0007263","nitric oxide mediated signal transduction",28,2,0.0082744899581831,0.0803112260647184,"Mt2,Mt1"
"GO:1900117","regulation of execution phase of apoptosis",28,2,0.0082744899581831,0.0803112260647184,"Bcl2l1,Bok"
"GO:1901880","negative regulation of protein depolymerization",85,3,0.00845763945224722,0.0808570219501751,"Gsn,Tmod2,Nav3"
"GO:0048511","rhythmic process",358,6,0.00849036665501007,0.0808570219501751,"Per1,Per3,Sfpq,Cry2,Ddx5,Tef"
"GO:0097191","extrinsic apoptotic signaling pathway",255,5,0.00850384072581972,0.0808570219501751,"Pik3r1,Bcl2l1,Bcl2l2,Tnfsf12,Bok"
"GO:0061564","axon development",591,8,0.00872934182918081,0.0808570219501751,"Kifc2,Klf7,Gpm6b,Kif21a,Matn2,Brsk2,Auts2,Mt3"
"GO:0006817","phosphate ion transport",29,2,0.00885913941601423,0.0808570219501751,"Cry2,Ip6k2"
"GO:0031579","membrane raft organization",29,2,0.00885913941601423,0.0808570219501751,"Gsn,Abca7"
"GO:0098810","neurotransmitter reuptake",29,2,0.00885913941601423,0.0808570219501751,"Gpm6b,Slc6a1"
"GO:0060255","regulation of macromolecule metabolic process",6099,42,0.00893099387967423,0.0808570219501751,"Fus,Per1,Mertk,Clk1,Tra2a,Mical2,Per3,Eid1,Pabpn1,Pik3r1,Rapgef3,Anks1,Sfpq,Klf7,Gsn,Zcchc7,Cry2,Ddx5,Lmo1,Sgf29,Rnh1,Xbp1,Mafg,Ube2b,Hsp90ab1,Tead3,Ddn,Abca7,Esrra,Itm2b,Rgmb,Fmn2,Lox,Tnfsf12,Ptms,Auts2,Derl1,Srsf4,Mt3,Nav3,Tef,Zfp866"
"GO:0010604","positive regulation of macromolecule metabolic process",3294,26,0.00893603285768923,0.0808570219501751,"Fus,Per1,Tra2a,Mical2,Pik3r1,Rapgef3,Sfpq,Klf7,Gsn,Ddx5,Lmo1,Sgf29,Xbp1,Mafg,Ube2b,Tead3,Ddn,Esrra,Rgmb,Fmn2,Tnfsf12,Ptms,Auts2,Derl1,Mt3,Tef"
"GO:0048545","response to steroid hormone",362,6,0.00893884420980799,0.0808570219501751,"Per1,Pik3r1,Cry2,Ddx5,Esrra,Lox"
"GO:0009892","negative regulation of metabolic process",3295,26,0.00897009752277507,0.0808570219501751,"Fus,Per1,Mertk,Per3,Eid1,Pik3r1,Rapgef3,Anks1,Sfpq,Klf7,Zcchc7,Cry2,Ddx5,Lmo1,Sgf29,Rnh1,Xbp1,Ube2b,Hsp90ab1,Abca7,Esrra,Itm2b,Fmn2,Srsf4,Mt3,Nav3"
"GO:0030030","cell projection organization",1854,17,0.00904530771825877,0.0808570219501751,"Plk5,Kifc2,Pik3r1,Klf7,Gsn,Gpm6b,Kif21a,Itgb4,Rhpn1,Matn2,Palm,Ube2b,Brsk2,Plxna1,Auts2,Prex2,Mt3"
"GO:0015031","protein transport",1556,15,0.00917959341001405,0.0808570219501751,"Pik3r1,Rapgef3,Klf7,Gpm6b,Cry2,Ddx5,Bicd2,Xbp1,Hsp90ab1,Brsk2,Xpo7,Fam53b,Fmn2,Derl1,Slc8b1"
"GO:0009314","response to radiation",479,7,0.00940361835093586,0.0808570219501751,"Per1,Per3,Pik3r1,Cry2,Ube2b,Bcl2l1,Abca7"
"GO:0010592","positive regulation of lamellipodium assembly",30,2,0.00946174770294229,0.0808570219501751,"Pik3r1,Auts2"
"GO:0033036","macromolecule localization",3143,25,0.00948092984659797,0.0808570219501751,"Slc27a1,Pabpn1,Atp8a1,Pik3r1,Rapgef3,Klf7,Gsn,Atp11a,Gpm6b,Cry2,Ddx5,Bicd2,Xbp1,Palm,Hsp90ab1,Bcl2l1,Brsk2,Abca7,Xpo7,Fam53b,Fmn2,Igsf11,Prrt1,Derl1,Slc8b1"
"GO:0048666","neuron development",1416,14,0.00955528868474612,0.0808570219501751,"Plk5,Kifc2,Anks1,Klf7,Gpm6b,Kif21a,Xbp1,Matn2,Palm,Brsk2,Plxna1,Auts2,Prex2,Mt3"
"GO:0097485","neuron projection guidance",265,5,0.0099344563964084,0.0819592652703693,"Kifc2,Klf7,Kif21a,Matn2,Plxna1"
"GO:0006837","serotonin transport",31,2,0.0100821278000765,0.0826987644586318,"Gpm6b,Xbp1"
"GO:0050793","regulation of developmental process",2829,23,0.0100867432407877,0.0826987644586318,"Pik3r1,Rapgef3,Klf7,Atp11a,Gpm6b,Ddx5,Sgf29,Rnh1,Xbp1,Mafg,Palm,Adamts20,Ube2b,Hsp90ab1,Tead3,Bcl2l1,Brsk2,Esrra,Lox,Gpr37l1,Fdps,Aspa,Mt3"
"GO:0033143","regulation of intracellular steroid hormone receptor signaling pathway",91,3,0.0101849629012263,0.0832455172112611,"Per1,Cry2,Ddx5"
"GO:1901700","response to oxygen-containing compound",2039,18,0.0105192195923109,0.0857121596410521,"Per1,Slc27a1,Pabpn1,Mt1,Pik3r1,Tns2,Rapgef3,Klf7,Cry2,Xbp1,Palm,Bcl2l1,Brsk2,Esrra,Lta4h,Gpr37l1,Ip6k2,Mt3"
"GO:0140467","integrated stress response signaling",32,2,0.0107200940640174,0.0870801487046333,"Abca7,Bok"
"GO:0000122","negative regulation of transcription by RNA polymerase II",1009,11,0.0108006329023323,0.0872092422552142,"Per1,Per3,Eid1,Sfpq,Klf7,Cry2,Ddx5,Lmo1,Sgf29,Xbp1,Esrra"
"GO:0032870","cellular response to hormone stimulus",741,9,0.0108020538702481,0.0872092422552142,"Per1,Slc27a1,Pik3r1,Tns2,Cry2,Ddx5,Xbp1,Esrra,Mt3"
"GO:0032984","protein-containing complex disassembly",271,5,0.0108679419968539,0.0874736794868731,"Mical2,Gsn,Kif21a,Tmod2,Nav3"
"GO:0043242","negative regulation of protein-containing complex disassembly",95,3,0.0114420071895004,0.0918142826148363,"Gsn,Tmod2,Nav3"
"GO:0015748","organophosphate ester transport",178,4,0.0115296924355545,0.0922375394844357,"Abcc5,Atp8a1,Atp11a,Abca7"
"GO:0010623","programmed cell death involved in cell development",34,2,0.0120480493433639,0.095230090618206,"Ube2b,Bcl2l1"
"GO:0022011","myelination in peripheral nervous system",34,2,0.0120480493433639,0.095230090618206,"Arhgef10,Itgb4"
"GO:0032292","peripheral nervous system axon ensheathment",34,2,0.0120480493433639,0.095230090618206,"Arhgef10,Itgb4"
"GO:0051497","negative regulation of stress fiber assembly",34,2,0.0120480493433639,0.095230090618206,"Pik3r1,Rhpn1"
"GO:0006366","transcription by RNA polymerase II",2712,22,0.0121672247860557,0.0958367116401288,"Fus,Per1,Mical2,Per3,Eid1,Pik3r1,Rapgef3,Sfpq,Klf7,Cry2,Ddx5,Lmo1,Sgf29,Xbp1,Mafg,Tead3,Ddn,Esrra,Ptms,Auts2,Tef,Zfp866"
"GO:0033157","regulation of intracellular protein transport",181,4,0.0121973996632891,0.0958367116401288,"Pik3r1,Rapgef3,Xbp1,Hsp90ab1"
"GO:0051239","regulation of multicellular organismal process",3381,26,0.0123289815194694,0.0965831193216591,"Per1,Snta1,Mertk,Slc27a1,Per3,Pik3r1,Rapgef3,Klf7,Gsn,Gpm6b,Cry2,Lmo1,Sgf29,Rnh1,Xbp1,Mafg,Tead3,Abca7,Esrra,Lox,Igsf11,Gpr37l1,Fdps,Aspa,Mt3,Nav3"
"GO:0010605","negative regulation of macromolecule metabolic process",3052,24,0.0126343277111094,0.098682322950677,"Fus,Per1,Mertk,Per3,Eid1,Pik3r1,Anks1,Sfpq,Klf7,Zcchc7,Cry2,Ddx5,Lmo1,Sgf29,Rnh1,Xbp1,Ube2b,Hsp90ab1,Abca7,Esrra,Itm2b,Fmn2,Srsf4,Nav3"
"GO:1990000","amyloid fibril formation",35,2,0.0127376738703907,0.0991960443003875,"Fus,Gsn"
"GO:0008088","axo-dendritic transport",99,3,0.0127846494095137,0.0992690424738707,"Kifc2,Sfpq,Kif21a"
"GO:1901701","cellular response to oxygen-containing compound",1469,14,0.0128789283618238,0.0997078324786361,"Slc27a1,Pabpn1,Mt1,Pik3r1,Tns2,Rapgef3,Klf7,Xbp1,Palm,Brsk2,Esrra,Gpr37l1,Ip6k2,Mt3"
"GO:0060341","regulation of cellular localization",634,8,0.0129278991909479,0.0997943095441593,"Pik3r1,Rapgef3,Klf7,Gsn,Xbp1,Hsp90ab1,Bcl2l1,Brsk2"
"GO:0009101","glycoprotein biosynthetic process",284,5,0.0130927942095854,0.100772526860949,"Tmtc1,Galnt16,Abca7,Itm2b,Chpf2"
"GO:0048812","neuron projection morphogenesis",766,9,0.0131838262543566,0.101178201486923,"Kifc2,Klf7,Kif21a,Matn2,Brsk2,Plxna1,Auts2,Prex2,Mt3"
"GO:1902905","positive regulation of supramolecular fiber organization",186,4,0.0133644428725439,0.101302294591868,"Rapgef3,Arhgef10,Gsn,Nav3"
"GO:0051491","positive regulation of filopodium assembly",36,2,0.0134441555701045,0.101302294591868,"Pik3r1,Palm"
"GO:0051591","response to cAMP",102,3,0.0138483220358277,0.101302294591868,"Per1,Pik3r1,Rapgef3"
"GO:0009889","regulation of biosynthetic process",5711,39,0.0140422315750058,0.101302294591868,"Fus,Per1,Mertk,Slc27a1,Clk1,Tra2a,Mical2,Per3,Eid1,Pik3r1,Rapgef3,Sfpq,Klf7,Gsn,Zcchc7,Cry2,Ddx5,Lmo1,Sgf29,Rnh1,Xbp1,Mafg,Hsp90ab1,Tead3,Ddn,Bcl2l1,Abca7,Esrra,Itm2b,Rgmb,Lox,Ptms,Fdps,Auts2,Srsf4,Mt3,Nav3,Tef,Zfp866"
"GO:0070266","necroptotic process",37,2,0.0141673155454413,0.101302294591868,"Bok,Itpk1"
"GO:1902745","positive regulation of lamellipodium organization",37,2,0.0141673155454413,0.101302294591868,"Pik3r1,Auts2"
"GO:0007044","cell-substrate junction assembly",103,3,0.0142137399335159,0.101302294591868,"Gpm6b,Itgb4,Rhpn1"
"GO:0032880","regulation of protein localization",1052,11,0.0143734081330216,0.101302294591868,"Pik3r1,Rapgef3,Klf7,Gsn,Gpm6b,Xbp1,Hsp90ab1,Bcl2l1,Brsk2,Abca7,Slc8b1"
"GO:0007409","axonogenesis",523,7,0.0146660720293381,0.101357147009038,"Kifc2,Klf7,Kif21a,Matn2,Brsk2,Auts2,Mt3"
"GO:0051253","negative regulation of RNA metabolic process",1496,14,0.014887740972555,0.102485461531347,"Fus,Per1,Per3,Eid1,Sfpq,Klf7,Cry2,Ddx5,Lmo1,Sgf29,Rnh1,Xbp1,Esrra,Srsf4"
"GO:0071353","cellular response to interleukin-4",38,2,0.0149069762227413,0.102485461531347,"Xbp1,Hsp90ab1"
"GO:0032535","regulation of cellular component size",406,6,0.0150483910284061,0.103188967051928,"Rapgef3,Gsn,Hsp90ab1,Plekhg2,Tmod2,Mt3"
"GO:0009895","negative regulation of catabolic process",407,6,0.0152141064663587,0.103859416744967,"Fus,Anks1,Rnh1,Hsp90ab1,Fmn2,Mt3"
"GO:0048699","generation of neurons",1806,16,0.0152248463182963,0.103859416744967,"Plk5,Kifc2,Anks1,Klf7,Gpm6b,Kif21a,Xbp1,Matn2,Palm,Tead3,Brsk2,Plxna1,Gpr37l1,Auts2,Prex2,Mt3"
"GO:0009725","response to hormone",1062,11,0.0153198323615328,0.104238034624862,"Per1,Slc27a1,Pik3r1,Tns2,Cry2,Ddx5,Xbp1,Esrra,Lta4h,Lox,Mt3"
"GO:0120036","plasma membrane bounded cell projection organization",1809,16,0.0154438067872291,0.104811439378624,"Plk5,Kifc2,Pik3r1,Klf7,Gsn,Gpm6b,Kif21a,Itgb4,Matn2,Palm,Ube2b,Brsk2,Plxna1,Auts2,Prex2,Mt3"
"GO:0071248","cellular response to metal ion",195,4,0.0156396071084694,0.105485249862689,"Mt2,Mt1,Gsn,Mt3"
"GO:0008299","isoprenoid biosynthetic process",39,2,0.0156629613432477,0.105485249862689,"Fdps,Hmgcs1"
"GO:0051125","regulation of actin nucleation",39,2,0.0156629613432477,0.105485249862689,"Gsn,Rnh1"
"GO:0051258","protein polymerization",298,5,0.0158132288446931,0.105831112812261,"Gsn,Kif21a,Plekhg2,Tmod2,Nav3"
"GO:0051246","regulation of protein metabolic process",1358,13,0.0158266567342896,0.105831112812261,"Pik3r1,Anks1,Gsn,Rnh1,Xbp1,Ube2b,Hsp90ab1,Abca7,Itm2b,Fmn2,Tnfsf12,Derl1,Mt3"
"GO:0043065","positive regulation of apoptotic process",658,8,0.0158345793791072,0.105831112812261,"Sfpq,Gsn,Xbp1,Bcl2l1,Bcl2l2,Tnfsf12,Bok,Ip6k2"
"GO:0008154","actin polymerization or depolymerization",196,4,0.0159064992630562,0.106043328420375,"Mical2,Gsn,Plekhg2,Tmod2"
"GO:0043434","response to peptide hormone",533,7,0.0161077481597862,0.107114496578931,"Slc27a1,Pik3r1,Tns2,Cry2,Xbp1,Esrra,Lta4h"
"GO:0007018","microtubule-based movement",534,7,0.0162572604451058,0.107837104459998,"Kifc2,Sfpq,Kif21a,Bicd2,Ube2b,Rhot1,Fmn2"
"GO:0043277","apoptotic cell clearance",40,2,0.0164350959546552,0.108495825180259,"Mertk,Abca7"
"GO:2001242","regulation of intrinsic apoptotic signaling pathway",198,4,0.01644885321744,0.108495825180259,"Sfpq,Xbp1,Bcl2l1,Bok"
"GO:0048870","cell motility",1980,17,0.0165099353325046,0.108495825180259,"Mertk,Atp8a1,Pik3r1,Rapgef3,S100a7a,Anks1,Itgb4,Rnh1,Xbp1,Matn2,Ube2b,Fmn2,Lox,Plxna1,Auts2,Slc8b1,Nav3"
"GO:0051153","regulation of striated muscle cell differentiation",109,3,0.016520955197903,0.108495825180259,"Atp11a,Xbp1,Fdps"
"GO:0007166","cell surface receptor signaling pathway",2960,23,0.016690480718665,0.109291300228626,"Mertk,Slc27a1,Plekha4,Pik3r1,Tns2,Anks1,Ddx5,Itgb4,Xbp1,Ube2b,Hsp90ab1,Bcl2l1,Bcl2l2,Abca7,Rgmb,Fam53b,Lox,Plxna1,Igsf11,Tnfsf12,Gpr37l1,Bok,Mt3"
"GO:0009057","macromolecule catabolic process",1671,15,0.0167248807925624,0.109291300228626,"Fus,Anks1,Zcchc7,Ddx5,Rnh1,Xbp1,Fbxl2,Ube2b,Hsp90ab1,Brsk2,Pcyox1l,Fmn2,Tnfsf12,Derl1,Ntan1"
"GO:0010557","positive regulation of macromolecule biosynthetic process",2796,22,0.0168598323656771,0.109901129494784,"Fus,Per1,Tra2a,Mical2,Pik3r1,Rapgef3,Sfpq,Klf7,Gsn,Ddx5,Lmo1,Sgf29,Xbp1,Mafg,Tead3,Ddn,Esrra,Rgmb,Ptms,Auts2,Mt3,Tef"
"GO:0015914","phospholipid transport",110,3,0.0169246847330357,0.110052137180331,"Atp8a1,Atp11a,Abca7"
"GO:0141193","nuclear receptor-mediated signaling pathway",200,4,0.0170026923289764,0.110287734025793,"Per1,Cry2,Ddx5,Esrra"
"GO:1902533","positive regulation of intracellular signal transduction",1225,12,0.0171595528626142,0.110630814849519,"Mertk,Pik3r1,Sfpq,Arhgef10,Gsn,Ddx5,Xbp1,Abca7,Gpr37l1,Auts2,Bok,Mt3"
"GO:0010591","regulation of lamellipodium assembly",41,2,0.0172232064027092,0.110630814849519,"Pik3r1,Auts2"
"GO:0032232","negative regulation of actin filament bundle assembly",41,2,0.0172232064027092,0.110630814849519,"Pik3r1,Rhpn1"
"GO:0070670","response to interleukin-4",41,2,0.0172232064027092,0.110630814849519,"Xbp1,Hsp90ab1"
"GO:0032879","regulation of localization",2311,19,0.0173295576517503,0.110802759653451,"Per1,Snta1,Mertk,Atp8a1,Pik3r1,Rapgef3,Klf7,Gsn,Gpm6b,Cry2,Xbp1,Hsp90ab1,Bcl2l1,Brsk2,Abca7,Slc6a1,Prrt1,Bok,Slc8b1"
"GO:0014910","regulation of smooth muscle cell migration",111,3,0.0173339165669981,0.110802759653451,"Rapgef3,Xbp1,Plxna1"
"GO:0008104","intracellular protein localization",2642,21,0.0176161126462236,0.112334631367223,"Pik3r1,Rapgef3,Klf7,Gsn,Gpm6b,Cry2,Ddx5,Bicd2,Xbp1,Palm,Hsp90ab1,Bcl2l1,Brsk2,Abca7,Xpo7,Fam53b,Fmn2,Igsf11,Prrt1,Derl1,Slc8b1"
"GO:0036503","ERAD pathway",112,3,0.0177486564182254,0.112635704192584,"Xbp1,Brsk2,Derl1"
"GO:1904019","epithelial cell apoptotic process",112,3,0.0177486564182254,0.112635704192584,"Gsn,Bcl2l1,Bok"
"GO:0031175","neuron projection development",1233,12,0.0179623369518006,0.113718392212838,"Plk5,Kifc2,Klf7,Gpm6b,Kif21a,Matn2,Palm,Brsk2,Plxna1,Auts2,Prex2,Mt3"
"GO:0051693","actin filament capping",42,2,0.0180271203228545,0.113828721678727,"Gsn,Tmod2"
"GO:0071495","cellular response to endogenous stimulus",1383,13,0.0181241023012508,0.113828721678727,"Per1,Slc27a1,Plk5,Pik3r1,Tns2,Cry2,Ddx5,Xbp1,Hsp90ab1,Esrra,Rgmb,Lox,Mt3"
"GO:0051495","positive regulation of cytoskeleton organization",204,4,0.0181450990435161,0.113828721678727,"Rapgef3,Arhgef10,Gsn,Nav3"
"GO:1900182","positive regulation of protein localization to nucleus",113,3,0.0181689094934028,0.113828721678727,"Pik3r1,Xbp1,Hsp90ab1"
"GO:0090263","positive regulation of canonical Wnt signaling pathway",114,3,0.0185946804937761,0.113828721678727,"Plekha4,Ube2b,Fam53b"
"GO:0010559","regulation of glycoprotein biosynthetic process",43,2,0.018846666631934,0.113828721678727,"Abca7,Itm2b"
"GO:0043068","positive regulation of programmed cell death",681,8,0.0190402944336588,0.113828721678727,"Sfpq,Gsn,Xbp1,Bcl2l1,Bcl2l2,Tnfsf12,Bok,Ip6k2"
"GO:0031114","regulation of microtubule depolymerization",44,2,0.0196816755199364,0.114701155347973,"Kif21a,Nav3"
"GO:1900744","regulation of p38MAPK cascade",44,2,0.0196816755199364,0.114701155347973,"Per1,Gsn"
"GO:0009719","response to endogenous stimulus",1706,15,0.0197832801848121,0.115039338519612,"Per1,Slc27a1,Plk5,Pik3r1,Tns2,Cry2,Ddx5,Xbp1,Hsp90ab1,Esrra,Lta4h,Rgmb,Lox,Hmgcs1,Mt3"
"GO:0042592","homeostatic process",2027,17,0.0202899975750138,0.117726579336344,"Mertk,Slc27a1,Mt2,Mt1,Pik3r1,Tns2,Klf7,Cry2,Lmo1,Xbp1,Mafg,Brsk2,Rhot1,Lox,Bok,Slc8b1,Mt3"
"GO:0010638","positive regulation of organelle organization",560,7,0.0204995705869472,0.118314638012401,"Rapgef3,Sfpq,Arhgef10,Gsn,Ube2b,Bok,Nav3"
"GO:0051223","regulation of protein transport",560,7,0.0204995705869472,0.118314638012401,"Pik3r1,Rapgef3,Klf7,Xbp1,Hsp90ab1,Brsk2,Slc8b1"
"GO:0001504","neurotransmitter uptake",45,2,0.0205319784417933,0.118314638012401,"Gpm6b,Slc6a1"
"GO:0007612","learning",212,4,0.0205706131998833,0.118314638012401,"Atp8a1,Rapgef3,Abca7,Slc6a1"
"GO:0007265","Ras protein signal transduction",119,3,0.0208064343199203,0.119173876569914,"Rapgef3,Ralgds,Ralgps1"
"GO:0051896","regulation of phosphatidylinositol 3-kinase/protein kinase B signal transduction",320,5,0.0208102867798221,0.119173876569914,"Mertk,Rapgef3,Xbp1,Fbxl2,Lox"
"GO:0030182","neuron differentiation",1721,15,0.0212181794891222,0.120703327795629,"Plk5,Kifc2,Anks1,Klf7,Gpm6b,Kif21a,Xbp1,Matn2,Palm,Brsk2,Plxna1,Gpr37l1,Auts2,Prex2,Mt3"
"GO:0007431","salivary gland development",46,2,0.0213974081092251,0.120703327795629,"Xbp1,Plxna1"
"GO:0010830","regulation of myotube differentiation",46,2,0.0213974081092251,0.120703327795629,"Atp11a,Xbp1"
"GO:0033144","negative regulation of intracellular steroid hormone receptor signaling pathway",46,2,0.0213974081092251,0.120703327795629,"Per1,Cry2"
"GO:0043647","inositol phosphate metabolic process",46,2,0.0213974081092251,0.120703327795629,"Itpk1,Ip6k2"
"GO:0060292","long-term synaptic depression",46,2,0.0213974081092251,0.120703327795629,"Bcl2l1,Prrt1"
"GO:0085029","extracellular matrix assembly",46,2,0.0213974081092251,0.120703327795629,"Gpm6b,Lox"
"GO:0001678","intracellular glucose homeostasis",216,4,0.0218546618882044,0.123019845170276,"Pik3r1,Klf7,Xbp1,Brsk2"
"GO:0010613","positive regulation of cardiac muscle hypertrophy",47,2,0.0222777984826349,0.125134868072673,"Gsn,Fdps"
"GO:0014909","smooth muscle cell migration",123,3,0.0226754596001169,0.127007150075882,"Rapgef3,Xbp1,Plxna1"
"GO:2001233","regulation of apoptotic signaling pathway",446,6,0.0227073389529608,0.127007150075882,"Sfpq,Xbp1,Bcl2l1,Bcl2l2,Tnfsf12,Bok"
"GO:0014044","Schwann cell development",48,2,0.0231729847630514,0.127267251579836,"Arhgef10,Itgb4"
"GO:0014742","positive regulation of muscle hypertrophy",48,2,0.0231729847630514,0.127267251579836,"Gsn,Fdps"
"GO:0030835","negative regulation of actin filament depolymerization",48,2,0.0231729847630514,0.127267251579836,"Gsn,Tmod2"
"GO:0051602","response to electrical stimulus",48,2,0.0231729847630514,0.127267251579836,"Xbp1,Palm"
"GO:1903018","regulation of glycoprotein metabolic process",48,2,0.0231729847630514,0.127267251579836,"Abca7,Itm2b"
"GO:0098739","import across plasma membrane",220,4,0.0231868069829665,0.127267251579836,"Slc27a1,Rapgef3,Slc6a1,Slc3a2"
"GO:0048667","cell morphogenesis involved in neuron differentiation",707,8,0.0231971268188134,0.127267251579836,"Kifc2,Klf7,Kif21a,Matn2,Brsk2,Auts2,Prex2,Mt3"
"GO:0034330","cell junction organization",988,10,0.0234979967243887,0.127267251579836,"Snta1,Pik3r1,Gpm6b,Itgb4,Rhpn1,Palm,Slc6a1,Plxna1,Igsf11,Prrt1"
"GO:0034329","cell junction assembly",579,7,0.0240522084586096,0.127267251579836,"Pik3r1,Gpm6b,Itgb4,Rhpn1,Palm,Plxna1,Igsf11"
"GO:0090199","regulation of release of cytochrome c from mitochondria",49,2,0.0240828033841193,0.127267251579836,"Bcl2l1,Bcl2l2"
"GO:0045017","glycerolipid biosynthetic process",223,4,0.0242177105724304,0.127267251579836,"Slc27a1,Pik3r1,Chpt1,Ip6k2"
"GO:0048024","regulation of mRNA splicing, via spliceosome",127,3,0.0246330918895252,0.128774975422469,"Tra2a,Ddx5,Srsf4"
"GO:0120034","positive regulation of plasma membrane bounded cell projection assembly",127,3,0.0246330918895252,0.128774975422469,"Pik3r1,Palm,Auts2"
"GO:0071383","cellular response to steroid hormone stimulus",225,4,0.0249202035576073,0.130018453344038,"Per1,Cry2,Ddx5,Esrra"
"GO:0070293","renal absorption",50,2,0.0250070920041375,0.130073298623418,"Gsn,Rhpn1"
"GO:0043523","regulation of neuron apoptotic process",336,5,0.0250292559472334,0.130073298623418,"Mt1,Hsp90ab1,Bcl2l1,Bok,Mt3"
"GO:1903311","regulation of mRNA metabolic process",337,5,0.0253098556522041,0.131273121653868,"Fus,Tra2a,Pabpn1,Ddx5,Srsf4"
"GO:0098657","import into cell",1004,10,0.0258809911783325,0.133972189629015,"Mertk,Slc27a1,Atp8a1,Rapgef3,Gsn,Gpm6b,Bcl2l1,Abca7,Slc6a1,Slc3a2"
"GO:0046854","phosphatidylinositol phosphate biosynthetic process",51,2,0.0259456894981448,0.134044266683175,"Pik3r1,Ip6k2"
"GO:0000902","cell morphogenesis",1156,11,0.0266652067124682,0.137492472111164,"Kifc2,Klf7,Kif21a,Rhpn1,Matn2,Palm,Brsk2,Plxna1,Auts2,Prex2,Mt3"
"GO:0006984","ER-nucleus signaling pathway",52,2,0.0268984359500527,0.13782822812647,"Abca7,Bok"
"GO:0048010","vascular endothelial growth factor receptor signaling pathway",52,2,0.0268984359500527,0.13782822812647,"Xbp1,Mt3"
"GO:0061448","connective tissue development",345,5,0.0276276379094238,0.13782822812647,"Klf7,Serpinh1,Xbp1,Esrra,Lox"
"GO:0098754","detoxification",133,3,0.0277354956626556,0.13782822812647,"Mt2,Mt1,Mt3"
"GO:0051180","vitamin transport",53,2,0.0278651726448253,0.13782822812647,"Slc27a1,Abcc5"
"GO:0097300","programmed necrotic cell death",53,2,0.0278651726448253,0.13782822812647,"Bok,Itpk1"
"GO:0090066","regulation of anatomical structure size",598,7,0.0280091648665042,0.13782822812647,"Snta1,Rapgef3,Gsn,Hsp90ab1,Plekhg2,Tmod2,Mt3"
"GO:0045934","negative regulation of nucleobase-containing compound metabolic process",1626,14,0.0281416830486672,0.13782822812647,"Fus,Per1,Per3,Eid1,Sfpq,Klf7,Cry2,Ddx5,Lmo1,Sgf29,Rnh1,Xbp1,Esrra,Srsf4"
"GO:0009100","glycoprotein metabolic process",347,5,0.0282275085588248,0.13782822812647,"Tmtc1,Galnt16,Abca7,Itm2b,Chpf2"
"GO:0048709","oligodendrocyte differentiation",135,3,0.028813790086327,0.13782822812647,"Gpm6b,Bok,Aspa"
"GO:1902743","regulation of lamellipodium organization",54,2,0.0288457420607053,0.13782822812647,"Pik3r1,Auts2"
"GO:0072594","establishment of protein localization to organelle",473,6,0.0291511373823012,0.138166970716832,"Pik3r1,Cry2,Ddx5,Xbp1,Hsp90ab1,Fam53b"
"GO:0061024","membrane organization",880,9,0.0292144999910765,0.138219139742728,"Atp8a1,Gsn,Atp11a,Bcl2l1,Bcl2l2,Abca7,Rhot1,Bok,Stxbp6"
"GO:0014037","Schwann cell differentiation",55,2,0.0298399878614874,0.140674228489869,"Arhgef10,Itgb4"
"GO:0051489","regulation of filopodium assembly",55,2,0.0298399878614874,0.140674228489869,"Pik3r1,Palm"
"GO:2000026","regulation of multicellular organismal development",1641,14,0.0301045860886176,0.141668640417024,"Pik3r1,Rapgef3,Klf7,Gpm6b,Sgf29,Rnh1,Xbp1,Mafg,Esrra,Lox,Gpr37l1,Fdps,Aspa,Mt3"
"GO:0006355","regulation of DNA-templated transcription",3307,24,0.0303916636793083,0.142637277517015,"Fus,Per1,Mical2,Per3,Eid1,Pik3r1,Rapgef3,Sfpq,Klf7,Cry2,Ddx5,Lmo1,Sgf29,Xbp1,Mafg,Tead3,Ddn,Esrra,Rgmb,Ptms,Auts2,Mt3,Tef,Zfp866"
"GO:0006493","protein O-linked glycosylation",138,3,0.0304725092877259,0.142637277517015,"Tmtc1,Galnt16,Chpf2"
"GO:0032963","collagen metabolic process",138,3,0.0304725092877259,0.142637277517015,"Tns2,Rapgef3,Serpinh1"
"GO:0009636","response to toxic substance",240,4,0.0305811599117575,0.14289249941069,"Mt2,Mt1,Slc6a1,Mt3"
"GO:0048878","chemical homeostasis",1182,11,0.0306714730318399,0.143061287639677,"Mt2,Mt1,Pik3r1,Klf7,Cry2,Xbp1,Mafg,Brsk2,Bok,Slc8b1,Mt3"
"GO:2001141","regulation of RNA biosynthetic process",3312,24,0.0308714744410878,0.143740198455859,"Fus,Per1,Mical2,Per3,Eid1,Pik3r1,Rapgef3,Sfpq,Klf7,Cry2,Ddx5,Lmo1,Sgf29,Xbp1,Mafg,Tead3,Ddn,Esrra,Rgmb,Ptms,Auts2,Mt3,Tef,Zfp866"
"GO:1901137","carbohydrate derivative biosynthetic process",613,7,0.0314305389405955,0.146085603526712,"Tmtc1,Galnt16,Abcc5,Bcl2l1,Abca7,Itm2b,Chpf2"
"GO:0008306","associative learning",140,3,0.0316057742988495,0.146641905358458,"Rapgef3,Abca7,Slc6a1"
"GO:0030834","regulation of actin filament depolymerization",57,2,0.0318688891546525,0.147344776476852,"Gsn,Tmod2"
"GO:0030865","cortical cytoskeleton organization",57,2,0.0318688891546525,0.147344776476852,"Kif21a,Rtkn"
"GO:0007160","cell-matrix adhesion",244,4,0.0322087120753354,0.148655594193856,"Pik3r1,Gpm6b,Itgb4,Rhpn1"
"GO:0044238","primary metabolic process",11881,69,0.0324520253394457,0.14889524595567,"Fus,Per1,Tmtc1,Slc27a1,Clk1,Tra2a,Mical2,Galnt16,Per3,Eid1,Pabpn1,Pik3r1,Tns2,Dnajc7,Rapgef3,Anks1,Sfpq,Klf7,Cerk,Gsn,Serpinh1,Zcchc7,Cry2,Ddx5,Lmo1,Sgf29,Rnh1,Cyb5r2,Xbp1,Mafg,Fra10ac1,Adamts20,Fbxl2,Ube2b,Hsp90ab1,Tead3,Ddn,Bcl2l1,Brsk2,Hsd17b14,Abca7,Esrra,Itm2b,Pcyox1l,Lta4h,Rgmb,Slc3a2,Fmn2,Lox,Chpt1,Prrt1,Tnfsf12,Ptms,Fdps,Mpnd,Wbp11,Auts2,Wsb1,Pcmtd1,Aspa,Chpf2,Ip6k2,Derl1,Srsf4,Hmgcs1,Mt3,Tef,Ntan1,Zfp866"
"GO:0033120","positive regulation of RNA splicing",58,2,0.0329032378334814,0.14889524595567,"Tra2a,Pik3r1"
"GO:0051496","positive regulation of stress fiber assembly",58,2,0.0329032378334814,0.14889524595567,"Rapgef3,Arhgef10"
"GO:0009968","negative regulation of signal transduction",1505,13,0.0331331411066269,0.14889524595567,"Per1,Tns2,Cry2,Xbp1,Palm,Fbxl2,Bcl2l1,Bcl2l2,Abca7,Lox,Gpr37l1,Bok,Prex2"
"GO:0014812","muscle cell migration",143,3,0.0333467186654576,0.14889524595567,"Rapgef3,Xbp1,Plxna1"
"GO:0045926","negative regulation of growth",247,4,0.0334622165323053,0.14889524595567,"Mt2,Mt1,Ip6k2,Mt3"
"GO:0009894","regulation of catabolic process",1049,10,0.0335119731966289,0.14889524595567,"Fus,Anks1,Rnh1,Xbp1,Fbxl2,Hsp90ab1,Fmn2,Tnfsf12,Bok,Mt3"
"GO:0051050","positive regulation of transport",1049,10,0.0335119731966289,0.14889524595567,"Mertk,Atp8a1,Pik3r1,Rapgef3,Xbp1,Hsp90ab1,Bcl2l1,Abca7,Slc6a1,Bok"
"GO:0030833","regulation of actin filament polymerization",144,3,0.0339379498391094,0.149078515100248,"Gsn,Plekhg2,Tmod2"
"GO:0046683","response to organophosphorus",144,3,0.0339379498391094,0.149078515100248,"Per1,Pik3r1,Rapgef3"
"GO:0019058","viral life cycle",249,4,0.0343135605902523,0.150478073020375,"Ddx5,Fbxl2,Hsp90ab1,Slc3a2"
"GO:0006508","proteolysis",1673,14,0.0346275778700631,0.151603325998286,"Pik3r1,Anks1,Gsn,Xbp1,Adamts20,Fbxl2,Ube2b,Hsp90ab1,Brsk2,Pcyox1l,Lta4h,Mpnd,Derl1,Ntan1"
"GO:0045604","regulation of epidermal cell differentiation",60,2,0.0350109728963666,0.152775154456872,"Klf7,Mafg"
"GO:0051155","positive regulation of striated muscle cell differentiation",60,2,0.0350109728963666,0.152775154456872,"Atp11a,Fdps"
"GO:0045184","establishment of protein localization",1839,15,0.0354259547135023,0.154330891821198,"Pik3r1,Rapgef3,Klf7,Gpm6b,Cry2,Ddx5,Bicd2,Xbp1,Hsp90ab1,Brsk2,Xpo7,Fam53b,Fmn2,Derl1,Slc8b1"
"GO:0006836","neurotransmitter transport",252,4,0.035614128951879,0.154895058373905,"Gpm6b,Xbp1,Bcl2l1,Slc6a1"
"GO:0031113","regulation of microtubule polymerization",61,2,0.0360840593750678,0.156423508620984,"Kif21a,Nav3"
"GO:0035272","exocrine system development",61,2,0.0360840593750678,0.156423508620984,"Xbp1,Plxna1"
"GO:1901699","cellular response to nitrogen compound",772,8,0.0363139175462416,0.157160735025333,"Slc27a1,Pik3r1,Tns2,Rapgef3,Xbp1,Palm,Bcl2l1,Esrra"
"GO:0007167","enzyme-linked receptor protein signaling pathway",1066,10,0.036769949845856,0.157160735025333,"Mertk,Pik3r1,Tns2,Anks1,Ddx5,Xbp1,Hsp90ab1,Rgmb,Lox,Mt3"
"GO:0006644","phospholipid metabolic process",373,5,0.0367851665393823,0.157160735025333,"Pik3r1,Chpt1,Fdps,Ip6k2,Hmgcs1"
"GO:0007266","Rho protein signal transduction",149,3,0.0369756057448884,0.157160735025333,"Ctnnal1,Arhgef10,Rtkn"
"GO:0017015","regulation of transforming growth factor beta receptor signaling pathway",149,3,0.0369756057448884,0.157160735025333,"Xbp1,Hsp90ab1,Lox"
"GO:0019941","modification-dependent protein catabolic process",775,8,0.0370196690681095,0.157160735025333,"Anks1,Xbp1,Fbxl2,Ube2b,Hsp90ab1,Pcyox1l,Derl1,Ntan1"
"GO:0021782","glial cell development",150,3,0.0375993732458403,0.157160735025333,"Arhgef10,Gpm6b,Itgb4"
"GO:0009056","catabolic process",2857,21,0.0376047016310726,0.157160735025333,"Fus,Anks1,Zcchc7,Ddx5,Itgb4,Rnh1,Xbp1,Fbxl2,Ube2b,Hsp90ab1,Brsk2,Hsd17b14,Abca7,Pcyox1l,Lta4h,Fmn2,Tnfsf12,Bok,Derl1,Mt3,Ntan1"
"GO:0070201","regulation of establishment of protein localization",639,7,0.0380077336948622,0.157160735025333,"Pik3r1,Rapgef3,Klf7,Xbp1,Hsp90ab1,Brsk2,Slc8b1"
"GO:0043632","modification-dependent macromolecule catabolic process",780,8,0.0382164655300677,0.157160735025333,"Anks1,Xbp1,Fbxl2,Ube2b,Hsp90ab1,Pcyox1l,Derl1,Ntan1"
"GO:0007019","microtubule depolymerization",63,2,0.03826792897029,0.157160735025333,"Kif21a,Nav3"
"GO:0141091","transforming growth factor beta receptor superfamily signaling pathway",378,5,0.0385951618745931,0.157239548377972,"Ddx5,Xbp1,Hsp90ab1,Rgmb,Lox"
"GO:0030177","positive regulation of Wnt signaling pathway",152,3,0.0388630661288889,0.157359654264213,"Plekha4,Ube2b,Fam53b"
"GO:0032368","regulation of lipid transport",152,3,0.0388630661288889,0.157359654264213,"Atp8a1,Cry2,Abca7"
"GO:0045861","negative regulation of proteolysis",152,3,0.0388630661288889,0.157359654264213,"Pik3r1,Anks1,Hsp90ab1"
"GO:1903844","regulation of cellular response to transforming growth factor beta stimulus",152,3,0.0388630661288889,0.157359654264213,"Xbp1,Hsp90ab1,Lox"
"GO:0071375","cellular response to peptide hormone stimulus",379,5,0.0389636040311331,0.157525137277475,"Slc27a1,Pik3r1,Tns2,Xbp1,Esrra"
"GO:2001234","negative regulation of apoptotic signaling pathway",260,4,0.0392207772137351,0.158322403431591,"Xbp1,Bcl2l1,Bcl2l2,Bok"
"GO:0030837","negative regulation of actin filament polymerization",64,2,0.0393784189558728,0.158716070295426,"Gsn,Tmod2"
"GO:0030163","protein catabolic process",1232,11,0.0395617708898782,0.159212004800729,"Anks1,Xbp1,Fbxl2,Ube2b,Hsp90ab1,Brsk2,Pcyox1l,Fmn2,Tnfsf12,Derl1,Ntan1"
"GO:0010038","response to metal ion",381,5,0.0397069485540193,0.159553035285557,"Mt2,Mt1,Gsn,Lta4h,Mt3"
"GO:0031589","cell-substrate adhesion",383,5,0.0404589200443079,0.162250175608544,"Mertk,Pik3r1,Gpm6b,Itgb4,Rhpn1"
"GO:0006911","phagocytosis, engulfment",65,2,0.0405010855022843,0.162250175608544,"Gsn,Abca7"
"GO:0051301","cell division",650,7,0.0410446742486178,0.164150287330801,"Plk5,Sgf29,Tead3,Bcl2l1,Brsk2,Rtkn,Fmn2"
"GO:0007411","axon guidance",264,4,0.0410997499718408,0.164150287330801,"Kifc2,Klf7,Kif21a,Matn2"
"GO:0046165","alcohol biosynthetic process",156,3,0.0414547834860414,0.165318169793277,"Fdps,Ip6k2,Hmgcs1"
"GO:0030001","metal ion transport",941,9,0.041923781233973,0.166594187848474,"Per1,Snta1,Abcc5,Rapgef3,Slc6a1,Mmgt2,Slc22a17,Slc8b1,Mt3"
"GO:0006814","sodium ion transport",266,4,0.0420581625776734,0.166594187848474,"Per1,Snta1,Slc6a1,Slc8b1"
"GO:0030199","collagen fibril organization",67,2,0.042782374205411,0.166594187848474,"Serpinh1,Lox"
"GO:0036211","protein modification process",1729,14,0.0437047922218596,0.168193369483541,"Tmtc1,Galnt16,Tns2,Xbp1,Fbxl2,Ube2b,Hsp90ab1,Brsk2,Lox,Prrt1,Wsb1,Pcmtd1,Derl1,Mt3"
"GO:0006611","protein export from nucleus",68,2,0.0439407120597571,0.16860970906651,"Rapgef3,Xpo7"
"GO:0045682","regulation of epidermis development",68,2,0.0439407120597571,0.16860970906651,"Klf7,Mafg"
"GO:1902532","negative regulation of intracellular signal transduction",804,8,0.0443242524905972,0.169834581386323,"Per1,Cry2,Xbp1,Fbxl2,Bcl2l1,Abca7,Lox,Prex2"
"GO:0051603","proteolysis involved in protein catabolic process",952,9,0.044560786261282,0.170493443086644,"Anks1,Xbp1,Fbxl2,Ube2b,Hsp90ab1,Brsk2,Pcyox1l,Derl1,Ntan1"
"GO:0031333","negative regulation of protein-containing complex assembly",161,3,0.0448140970244205,0.171214495143951,"Gsn,Fbxl2,Tmod2"
"GO:0006826","iron ion transport",69,2,0.0451106578559409,0.171762465614296,"Abcc5,Slc22a17"
"GO:2000059","negative regulation of ubiquitin-dependent protein catabolic process",69,2,0.0451106578559409,0.171762465614296,"Anks1,Hsp90ab1"
"GO:0051402","neuron apoptotic process",395,5,0.045152708763758,0.171762465614296,"Mt1,Hsp90ab1,Bcl2l1,Bok,Mt3"
"GO:0006695","cholesterol biosynthetic process",70,2,0.0462920721445059,0.174952440389161,"Fdps,Hmgcs1"
"GO:0032233","positive regulation of actin filament bundle assembly",70,2,0.0462920721445059,0.174952440389161,"Rapgef3,Arhgef10"
"GO:0038066","p38MAPK cascade",70,2,0.0462920721445059,0.174952440389161,"Per1,Gsn"
"GO:1902653","secondary alcohol biosynthetic process",70,2,0.0462920721445059,0.174952440389161,"Fdps,Hmgcs1"
"GO:0008064","regulation of actin polymerization or depolymerization",164,3,0.0468929057219762,0.174952440389161,"Gsn,Plekhg2,Tmod2"
"GO:0006351","DNA-templated transcription",3455,24,0.0472147534471208,0.174952440389161,"Fus,Per1,Mical2,Per3,Eid1,Pik3r1,Rapgef3,Sfpq,Klf7,Cry2,Ddx5,Lmo1,Sgf29,Xbp1,Mafg,Tead3,Ddn,Esrra,Rgmb,Ptms,Auts2,Mt3,Tef,Zfp866"
"GO:0045776","negative regulation of blood pressure",71,2,0.0474848165440088,0.174952440389161,"Pik3r1,Gpr37l1"
"GO:0097479","synaptic vesicle localization",71,2,0.0474848165440088,0.174952440389161,"Kifc2,Bcl2l1"
"GO:0043085","positive regulation of catalytic activity",165,3,0.0475962983819627,0.174952440389161,"Pabpn1,Rapgef3,Mt3"
"GO:1905039","carboxylic acid transmembrane transport",165,3,0.0475962983819627,0.174952440389161,"Slc27a1,Abcc5,Slc3a2"
"GO:0040008","regulation of growth",674,7,0.0482106110822506,0.175566122570086,"Mt2,Mt1,Xbp1,Bcl2l1,Fdps,Ip6k2,Mt3"
"GO:0048585","negative regulation of response to stimulus",1918,15,0.0482141813876184,0.175566122570086,"Per1,Tns2,Klf7,Cry2,Sgf29,Xbp1,Palm,Fbxl2,Bcl2l1,Bcl2l2,Abca7,Lox,Gpr37l1,Bok,Prex2"
"GO:0032964","collagen biosynthetic process",72,2,0.0486887537340411,0.177050013578331,"Rapgef3,Serpinh1"
"GO:0030832","regulation of actin filament length",167,3,0.0490186838770638,0.177889476497372,"Gsn,Plekhg2,Tmod2"
"GO:0040007","growth",1122,10,0.0490543707916997,0.177889476497372,"Mt2,Mt1,Tns2,Xbp1,Bcl2l1,Plxna1,Fdps,Auts2,Ip6k2,Mt3"
"GO:0030162","regulation of proteolysis",406,5,0.049730851778088,0.179627072453418,"Pik3r1,Anks1,Gsn,Xbp1,Hsp90ab1"
"GO:0030041","actin filament polymerization",168,3,0.0497376477134274,0.179627072453418,"Gsn,Plekhg2,Tmod2"
"GO:0070507","regulation of microtubule cytoskeleton organization",168,3,0.0497376477134274,0.179627072453418,"Kif21a,Bicd2,Nav3"
"GO:0014911","positive regulation of smooth muscle cell migration",73,2,0.0499037474482936,0.179980728502042,"Rapgef3,Xbp1"
