"Annot","Term","Annotated","Significant","Pvalue","Padj","GeneID"
"GO:0051179","localization",5607,18,2.98436542871938e-07,0.000260190509018386,"Otud7b,Etnppl,Per2,Ncf2,Arrb2,Klf15,Hspa8,Gjc3,Ldlr,Sgk1,Mapk8ip1,Clcn2,Kcna1,Slc9a9,Slc1a5,Mat2a,Atp1b3,Nr4a1"
"GO:0098657","import into cell",1004,9,3.47152113433471e-07,0.000260190509018386,"Per2,Ncf2,Arrb2,Hspa8,Ldlr,Clcn2,Slc9a9,Slc1a5,Atp1b3"
"GO:0006810","transport",4642,16,1.03143020510519e-06,0.000515371292484228,"Etnppl,Per2,Ncf2,Arrb2,Klf15,Hspa8,Gjc3,Ldlr,Sgk1,Mapk8ip1,Clcn2,Kcna1,Slc9a9,Slc1a5,Atp1b3,Nr4a1"
"GO:0051234","establishment of localization",4883,16,2.08798638425239e-06,0.000738797005761828,"Etnppl,Per2,Ncf2,Arrb2,Klf15,Hspa8,Gjc3,Ldlr,Sgk1,Mapk8ip1,Clcn2,Kcna1,Slc9a9,Slc1a5,Atp1b3,Nr4a1"
"GO:0048522","positive regulation of cellular process",6410,18,2.46429955224092e-06,0.000738797005761828,"Otud7b,Per2,Dusp15,Ncf2,Klf9,Arrb2,Klf15,Hspa8,Ldlr,Sgk1,Mapk8ip1,Clcn2,Dbp,Six5,Zkscan3,Mat2a,Atp1b3,Nr4a1"
"GO:0070887","cellular response to chemical stimulus",2640,12,3.23027130823271e-06,0.000807029448506805,"Etnppl,Ncf2,Klf9,Arrb2,Klf15,Hspa8,Ldlr,Sgk1,Clcn2,Kcna1,Mat2a,Nr4a1"
"GO:0048731","system development",4438,15,3.92760689652632e-06,0.000821093885577915,"Per2,Dusp15,Klf9,Arrb2,Klf15,Hspa8,Gjc3,Megf9,Ldlr,Sgk1,Clcn2,Dbp,Kcna1,Six5,Nr4a1"
"GO:0048856","anatomical structure development",6654,18,4.39920489044658e-06,0.000821093885577915,"Otud7b,Per2,Tsc22d3,Dusp15,Klf9,Arrb2,Klf15,Hspa8,Gjc3,Megf9,Ldlr,Sgk1,Clcn2,Dbp,Kcna1,Slc1a5,Six5,Nr4a1"
"GO:0007275","multicellular organism development",5197,16,4.9298498800542e-06,0.000821093885577915,"Otud7b,Per2,Dusp15,Klf9,Arrb2,Klf15,Hspa8,Gjc3,Megf9,Ldlr,Sgk1,Clcn2,Dbp,Kcna1,Six5,Nr4a1"
"GO:0007399","nervous system development",2794,12,5.86745299908615e-06,0.000874362680712643,"Per2,Dusp15,Klf9,Arrb2,Klf15,Hspa8,Gjc3,Megf9,Ldlr,Sgk1,Clcn2,Kcna1"
"GO:0048518","positive regulation of biological process",6819,18,6.41627050556309e-06,0.000874362680712643,"Otud7b,Per2,Dusp15,Ncf2,Klf9,Arrb2,Klf15,Hspa8,Ldlr,Sgk1,Mapk8ip1,Clcn2,Dbp,Six5,Zkscan3,Mat2a,Atp1b3,Nr4a1"
"GO:0006351","DNA-templated transcription",3455,13,8.45185672868405e-06,0.00105577776969145,"Otud7b,Per2,Tsc22d3,Dusp15,Klf9,Arrb2,Klf15,Hspa8,Mapk8ip1,Dbp,Six5,Zkscan3,Nr4a1"
"GO:0055085","transmembrane transport",1580,9,1.45880387754855e-05,0.00156134524066832,"Per2,Klf15,Hspa8,Gjc3,Clcn2,Kcna1,Slc9a9,Slc1a5,Atp1b3"
"GO:0042592","homeostatic process",2027,10,1.47602937004556e-05,0.00156134524066832,"Etnppl,Per2,Tsc22d3,Klf15,Ldlr,Sgk1,Kcna1,Slc9a9,Slc1a5,Atp1b3"
"GO:0032502","developmental process",7236,18,1.58702417474284e-05,0.00156134524066832,"Otud7b,Per2,Tsc22d3,Dusp15,Klf9,Arrb2,Klf15,Hspa8,Gjc3,Megf9,Ldlr,Sgk1,Clcn2,Dbp,Kcna1,Slc1a5,Six5,Nr4a1"
"GO:0032501","multicellular organismal process",9056,20,1.69058752548134e-05,0.00156134524066832,"Otud7b,Per2,Tsc22d3,Dusp15,Ncf2,Klf9,Arrb2,Klf15,Hspa8,Gjc3,Megf9,Ldlr,Sgk1,Mapk8ip1,Clcn2,Dbp,Kcna1,Slc1a5,Six5,Nr4a1"
"GO:0009889","regulation of biosynthetic process",5711,16,1.77070507614152e-05,0.00156134524066832,"Otud7b,Per2,Tsc22d3,Dusp15,Ncf2,Klf9,Arrb2,Klf15,Hspa8,Ldlr,Mapk8ip1,Clcn2,Dbp,Six5,Zkscan3,Nr4a1"
"GO:0022008","neurogenesis",2099,10,2.00520140611719e-05,0.00166988717098315,"Per2,Dusp15,Klf9,Arrb2,Klf15,Megf9,Ldlr,Sgk1,Clcn2,Kcna1"
"GO:0080090","regulation of primary metabolic process",5085,15,2.22424448131016e-05,0.00167577524649477,"Otud7b,Per2,Tsc22d3,Dusp15,Klf9,Arrb2,Klf15,Hspa8,Ldlr,Mapk8ip1,Clcn2,Dbp,Six5,Zkscan3,Nr4a1"
"GO:0031400","negative regulation of protein modification process",166,4,2.23585756703771e-05,0.00167577524649477,"Per2,Arrb2,Klf15,Mapk8ip1"
"GO:0048511","rhythmic process",358,5,2.62255776833876e-05,0.00183593029515296,"Per2,Klf9,Arrb2,Hspa8,Dbp"
"GO:0009719","response to endogenous stimulus",1706,9,2.69449409562143e-05,0.00183593029515296,"Etnppl,Ncf2,Klf9,Arrb2,Klf15,Hspa8,Ldlr,Sgk1,Nr4a1"
"GO:0006366","transcription by RNA polymerase II",2712,11,2.99013162611854e-05,0.00194878578589204,"Otud7b,Per2,Tsc22d3,Dusp15,Klf9,Arrb2,Klf15,Dbp,Six5,Zkscan3,Nr4a1"
"GO:0019219","regulation of nucleobase-containing compound metabolic process",3908,13,3.29968092272521e-05,0.00195795978028056,"Otud7b,Per2,Tsc22d3,Dusp15,Klf9,Arrb2,Klf15,Hspa8,Mapk8ip1,Dbp,Six5,Zkscan3,Nr4a1"
"GO:0006355","regulation of DNA-templated transcription",3307,12,3.34434148827669e-05,0.00195795978028056,"Otud7b,Per2,Tsc22d3,Dusp15,Klf9,Klf15,Hspa8,Mapk8ip1,Dbp,Six5,Zkscan3,Nr4a1"
"GO:2001141","regulation of RNA biosynthetic process",3312,12,3.3960609931484e-05,0.00195795978028056,"Otud7b,Per2,Tsc22d3,Dusp15,Klf9,Klf15,Hspa8,Mapk8ip1,Dbp,Six5,Zkscan3,Nr4a1"
"GO:0042063","gliogenesis",415,5,5.30029261321365e-05,0.00294264393600269,"Dusp15,Arrb2,Klf15,Ldlr,Clcn2"
"GO:0009725","response to hormone",1062,7,6.60185302980459e-05,0.00346695244963202,"Etnppl,Ncf2,Klf9,Klf15,Hspa8,Sgk1,Nr4a1"
"GO:0098739","import across plasma membrane",220,4,6.70724623344419e-05,0.00346695244963202,"Per2,Slc9a9,Slc1a5,Atp1b3"
"GO:0071384","cellular response to corticosteroid stimulus",81,3,7.41648414676612e-05,0.0036829603148255,"Etnppl,Klf9,Sgk1"
"GO:0051252","regulation of RNA metabolic process",3594,12,7.73120058439455e-05,0.0036829603148255,"Otud7b,Per2,Tsc22d3,Dusp15,Klf9,Klf15,Hspa8,Mapk8ip1,Dbp,Six5,Zkscan3,Nr4a1"
"GO:0032870","cellular response to hormone stimulus",741,6,7.86222348728593e-05,0.0036829603148255,"Etnppl,Ncf2,Klf9,Klf15,Sgk1,Nr4a1"
"GO:0010605","negative regulation of macromolecule metabolic process",3052,11,8.99819771294176e-05,0.0040873631429393,"Otud7b,Per2,Tsc22d3,Dusp15,Arrb2,Klf15,Hspa8,Ldlr,Mapk8ip1,Six5,Zkscan3"
"GO:0050767","regulation of neurogenesis",483,5,0.000108409154952566,0.00473470589420046,"Per2,Arrb2,Ldlr,Sgk1,Clcn2"
"GO:0006909","phagocytosis",252,4,0.000113359302574328,0.00473470589420046,"Ncf2,Hspa8,Ldlr,Clcn2"
"GO:0033993","response to lipid",1161,7,0.00011556524651699,0.00473470589420046,"Etnppl,Ncf2,Klf9,Hspa8,Ldlr,Sgk1,Nr4a1"
"GO:0033036","macromolecule localization",3143,11,0.000117856224010071,0.00473470589420046,"Otud7b,Etnppl,Per2,Arrb2,Hspa8,Ldlr,Sgk1,Kcna1,Mat2a,Atp1b3,Nr4a1"
"GO:0048523","negative regulation of cellular process",5830,15,0.000120025899919691,0.00473470589420046,"Otud7b,Per2,Tsc22d3,Dusp15,Klf9,Arrb2,Klf15,Hspa8,Ldlr,Sgk1,Mapk8ip1,Six5,Zkscan3,Mat2a,Nr4a1"
"GO:0006357","regulation of transcription by RNA polymerase II",2597,10,0.000125014649292367,0.00480505023818611,"Otud7b,Per2,Tsc22d3,Dusp15,Klf9,Klf15,Dbp,Six5,Zkscan3,Nr4a1"
"GO:0048878","chemical homeostasis",1182,7,0.00012924228304796,0.00480777866902303,"Etnppl,Klf15,Ldlr,Sgk1,Kcna1,Slc9a9,Atp1b3"
"GO:0019222","regulation of metabolic process",6656,16,0.00013241685664247,0.00480777866902303,"Otud7b,Per2,Tsc22d3,Dusp15,Ncf2,Klf9,Arrb2,Klf15,Hspa8,Ldlr,Mapk8ip1,Clcn2,Dbp,Six5,Zkscan3,Nr4a1"
"GO:0045685","regulation of glial cell differentiation",99,3,0.000134707607804515,0.00480777866902303,"Dusp15,Ldlr,Clcn2"
"GO:0045935","positive regulation of nucleobase-containing compound metabolic process",2124,9,0.000149513499952029,0.0052121101494905,"Per2,Klf9,Arrb2,Klf15,Hspa8,Dbp,Six5,Zkscan3,Nr4a1"
"GO:0009892","negative regulation of metabolic process",3295,11,0.000181175896340917,0.00617233337761443,"Otud7b,Per2,Tsc22d3,Dusp15,Arrb2,Klf15,Hspa8,Ldlr,Mapk8ip1,Six5,Zkscan3"
"GO:0010558","negative regulation of macromolecule biosynthetic process",2744,10,0.000198268970610675,0.00654200986762982,"Otud7b,Per2,Tsc22d3,Dusp15,Arrb2,Klf15,Hspa8,Ldlr,Six5,Zkscan3"
"GO:0048519","negative regulation of biological process",6085,15,0.000200755472922596,0.00654200986762982,"Otud7b,Per2,Tsc22d3,Dusp15,Klf9,Arrb2,Klf15,Hspa8,Ldlr,Sgk1,Mapk8ip1,Six5,Zkscan3,Mat2a,Nr4a1"
"GO:0051248","negative regulation of protein metabolic process",561,5,0.000217869938214995,0.00692361570129659,"Per2,Arrb2,Klf15,Ldlr,Mapk8ip1"
"GO:0010468","regulation of gene expression",5386,14,0.000223013854159174,0.00692361570129659,"Otud7b,Per2,Tsc22d3,Dusp15,Klf9,Arrb2,Klf15,Hspa8,Ldlr,Mapk8ip1,Dbp,Six5,Zkscan3,Nr4a1"
"GO:0051239","regulation of multicellular organismal process",3381,11,0.000228607960251098,0.00692361570129659,"Otud7b,Per2,Tsc22d3,Arrb2,Klf15,Ldlr,Sgk1,Mapk8ip1,Clcn2,Kcna1,Nr4a1"
"GO:0010557","positive regulation of macromolecule biosynthetic process",2796,10,0.000231738007023157,0.00692361570129659,"Per2,Klf9,Arrb2,Klf15,Hspa8,Ldlr,Dbp,Six5,Zkscan3,Nr4a1"
"GO:0010001","glial cell differentiation",305,4,0.000235559973826635,0.00692361570129659,"Dusp15,Klf15,Ldlr,Clcn2"
"GO:0009890","negative regulation of biosynthetic process",2834,10,0.000259137852695391,0.00747014694596905,"Otud7b,Per2,Tsc22d3,Dusp15,Arrb2,Klf15,Hspa8,Ldlr,Six5,Zkscan3"
"GO:0010556","regulation of macromolecule biosynthetic process",5493,14,0.000277526781307559,0.00781552850051923,"Otud7b,Per2,Tsc22d3,Dusp15,Klf9,Arrb2,Klf15,Hspa8,Ldlr,Mapk8ip1,Dbp,Six5,Zkscan3,Nr4a1"
"GO:0051960","regulation of nervous system development",593,5,0.000281546723834582,0.00781552850051923,"Per2,Arrb2,Ldlr,Sgk1,Clcn2"
"GO:0009628","response to abiotic stimulus",1354,7,0.000298991697013946,0.00814888279679827,"Per2,Tsc22d3,Arrb2,Hspa8,Sgk1,Clcn2,Kcna1"
"GO:0045892","negative regulation of DNA-templated transcription",1371,7,0.000322662307768116,0.00863697855972154,"Otud7b,Per2,Tsc22d3,Dusp15,Hspa8,Six5,Zkscan3"
"GO:1902679","negative regulation of RNA biosynthetic process",1375,7,0.000328446754743814,0.00863757342738556,"Otud7b,Per2,Tsc22d3,Dusp15,Hspa8,Six5,Zkscan3"
"GO:0006883","intracellular sodium ion homeostasis",27,2,0.000339318504308273,0.00864510749373209,"Sgk1,Atp1b3"
"GO:0071495","cellular response to endogenous stimulus",1383,7,0.000340267739913404,0.00864510749373209,"Etnppl,Ncf2,Klf9,Arrb2,Klf15,Sgk1,Nr4a1"
"GO:0009891","positive regulation of biosynthetic process",2942,10,0.000352528546310857,0.00880733818199958,"Per2,Klf9,Arrb2,Klf15,Hspa8,Ldlr,Dbp,Six5,Zkscan3,Nr4a1"
"GO:0051254","positive regulation of RNA metabolic process",1914,8,0.000428027098530494,0.0104627200794098,"Per2,Klf9,Klf15,Hspa8,Dbp,Six5,Zkscan3,Nr4a1"
"GO:0006950","response to stress",4288,12,0.00043274759501228,0.0104627200794098,"Per2,Tsc22d3,Arrb2,Klf15,Hspa8,Ldlr,Sgk1,Clcn2,Slc9a9,Zkscan3,Mat2a,Nr4a1"
"GO:0014013","regulation of gliogenesis",148,3,0.000439989441680632,0.0104689551282423,"Arrb2,Ldlr,Clcn2"
"GO:0048545","response to steroid hormone",362,4,0.000450956614507341,0.0105622494554141,"Etnppl,Klf9,Hspa8,Sgk1"
"GO:1901701","cellular response to oxygen-containing compound",1469,7,0.00049051204561403,0.0113119624057758,"Klf9,Klf15,Hspa8,Ldlr,Sgk1,Mat2a,Nr4a1"
"GO:0051253","negative regulation of RNA metabolic process",1496,7,0.000547376365863383,0.012252505707993,"Otud7b,Per2,Tsc22d3,Dusp15,Hspa8,Six5,Zkscan3"
"GO:0030154","cell differentiation",5107,13,0.000554715714361548,0.012252505707993,"Per2,Dusp15,Klf9,Arrb2,Klf15,Megf9,Ldlr,Sgk1,Clcn2,Kcna1,Slc1a5,Six5,Nr4a1"
"GO:0048869","cellular developmental process",5108,13,0.00055581747040929,0.012252505707993,"Per2,Dusp15,Klf9,Arrb2,Klf15,Megf9,Ldlr,Sgk1,Clcn2,Kcna1,Slc1a5,Six5,Nr4a1"
"GO:1901700","response to oxygen-containing compound",2039,8,0.000654759104283883,0.0142244043090078,"Ncf2,Klf9,Klf15,Hspa8,Ldlr,Sgk1,Mat2a,Nr4a1"
"GO:1902904","negative regulation of supramolecular fiber organization",178,3,0.000752831563476575,0.0161213501950198,"Hspa8,Ldlr,Sgk1"
"GO:0008104","intracellular protein localization",2642,9,0.00076864155104998,0.0161367673391294,"Otud7b,Per2,Arrb2,Hspa8,Sgk1,Kcna1,Mat2a,Atp1b3,Nr4a1"
"GO:0031960","response to corticosteroid",180,3,0.000777600149380533,0.0161367673391294,"Etnppl,Klf9,Sgk1"
"GO:0010765","positive regulation of sodium ion transport",41,2,0.000785846574887556,0.0161367673391294,"Sgk1,Atp1b3"
"GO:0065007","biological regulation",13697,22,0.000827486766969072,0.0167621981579275,"Otud7b,Per2,Tsc22d3,Dusp15,Ncf2,Klf9,Arrb2,Klf15,Hspa8,Gjc3,Ldlr,Sgk1,Mapk8ip1,Clcn2,Dbp,Kcna1,Slc9a9,Six5,Zkscan3,Mat2a,Atp1b3,Nr4a1"
"GO:0062149","detection of stimulus involved in sensory perception of pain",43,2,0.000864315643449672,0.0170911568407147,"Arrb2,Kcna1"
"GO:0060255","regulation of macromolecule metabolic process",6099,14,0.000866894330705149,0.0170911568407147,"Otud7b,Per2,Tsc22d3,Dusp15,Klf9,Arrb2,Klf15,Hspa8,Ldlr,Mapk8ip1,Dbp,Six5,Zkscan3,Nr4a1"
"GO:0010604","positive regulation of macromolecule metabolic process",3294,10,0.000877931338715832,0.0170911568407147,"Per2,Klf9,Arrb2,Klf15,Hspa8,Ldlr,Dbp,Six5,Zkscan3,Nr4a1"
"GO:0045934","negative regulation of nucleobase-containing compound metabolic process",1626,7,0.000900042044267723,0.0171315766894199,"Otud7b,Per2,Tsc22d3,Dusp15,Hspa8,Six5,Zkscan3"
"GO:0055078","sodium ion homeostasis",44,2,0.00090491155746773,0.0171315766894199,"Sgk1,Atp1b3"
"GO:0006897","endocytosis",769,5,0.000918627602512743,0.0171315766894199,"Ncf2,Arrb2,Hspa8,Ldlr,Clcn2"
"GO:0007616","long-term memory",45,2,0.000946412749143388,0.0171315766894199,"Ldlr,Sgk1"
"GO:0014860","neurotransmitter secretion involved in regulation of skeletal muscle contraction",1,1,0.00101049358725214,0.0171315766894199,"Nr4a1"
"GO:0071387","cellular response to cortisol stimulus",1,1,0.00101049358725214,0.0171315766894199,"Klf9"
"GO:1904592","positive regulation of protein refolding",1,1,0.00101049358725214,0.0171315766894199,"Hspa8"
"GO:1904764","chaperone-mediated autophagy translocation complex disassembly",1,1,0.00101049358725214,0.0171315766894199,"Hspa8"
"GO:1905372","ceramide phosphoethanolamine catabolic process",1,1,0.00101049358725214,0.0171315766894199,"Etnppl"
"GO:1990832","slow axonal transport",1,1,0.00101049358725214,0.0171315766894199,"Hspa8"
"GO:2000475","negative regulation of opioid receptor signaling pathway",1,1,0.00101049358725214,0.0171315766894199,"Arrb2"
"GO:0031399","regulation of protein modification process",450,4,0.00101715165133981,0.0171315766894199,"Per2,Arrb2,Klf15,Mapk8ip1"
"GO:0051129","negative regulation of cellular component organization",797,5,0.00107806438233501,0.0179557612124464,"Per2,Arrb2,Hspa8,Ldlr,Sgk1"
"GO:0042981","regulation of apoptotic process",1683,7,0.00110300083086152,0.018169211488587,"Tsc22d3,Ncf2,Arrb2,Hspa8,Sgk1,Mapk8ip1,Nr4a1"
"GO:1902532","negative regulation of intracellular signal transduction",804,5,0.00112096514918438,0.0182644212894281,"Otud7b,Arrb2,Hspa8,Mapk8ip1,Mat2a"
"GO:0071805","potassium ion transmembrane transport",207,3,0.00116401713026135,0.0187619535296963,"Kcna1,Slc9a9,Atp1b3"
"GO:0086009","membrane repolarization",51,2,0.0012143340864699,0.0193647531448765,"Kcna1,Atp1b3"
"GO:0007519","skeletal muscle tissue development",213,3,0.00126364030298373,0.0199389138333959,"Tsc22d3,Hspa8,Nr4a1"
"GO:0043270","positive regulation of monoatomic ion transport",215,3,0.0012980057761858,0.0202678193594013,"Arrb2,Sgk1,Atp1b3"
"GO:0043067","regulation of programmed cell death",1741,7,0.00134531688908687,0.0207900001725898,"Tsc22d3,Ncf2,Arrb2,Hspa8,Sgk1,Mapk8ip1,Nr4a1"
"GO:0048513","animal organ development",3492,10,0.00139080935139418,0.0212737063034681,"Tsc22d3,Arrb2,Klf15,Hspa8,Megf9,Clcn2,Dbp,Kcna1,Six5,Nr4a1"
"GO:0014706","striated muscle tissue development",494,4,0.00143506237172155,0.021335199903169,"Tsc22d3,Arrb2,Hspa8,Nr4a1"
"GO:0009395","phospholipid catabolic process",56,2,0.00146218144399882,0.021335199903169,"Etnppl,Ldlr"
"GO:0045893","positive regulation of DNA-templated transcription",1767,7,0.00146679046453011,0.021335199903169,"Per2,Klf9,Klf15,Dbp,Six5,Zkscan3,Nr4a1"
"GO:1902680","positive regulation of RNA biosynthetic process",1769,7,0.00147648234695359,0.021335199903169,"Per2,Klf9,Klf15,Dbp,Six5,Zkscan3,Nr4a1"
"GO:0071383","cellular response to steroid hormone stimulus",225,3,0.00147868840063613,0.021335199903169,"Etnppl,Klf9,Sgk1"
"GO:0003008","system process",3520,10,0.00148022734484962,0.021335199903169,"Per2,Ncf2,Arrb2,Klf15,Gjc3,Ldlr,Sgk1,Kcna1,Slc1a5,Nr4a1"
"GO:0089718","amino acid import across plasma membrane",57,2,0.00151441179604729,0.0216200312597609,"Per2,Slc1a5"
"GO:0060538","skeletal muscle organ development",228,3,0.00153581691242209,0.0217187693558558,"Tsc22d3,Hspa8,Nr4a1"
"GO:0048713","regulation of oligodendrocyte differentiation",58,2,0.00156752513432542,0.0218464528589884,"Dusp15,Clcn2"
"GO:0006811","monoatomic ion transport",1299,6,0.0015755380980172,0.0218464528589884,"Arrb2,Sgk1,Clcn2,Kcna1,Slc9a9,Atp1b3"
"GO:0050896","response to stimulus",10946,19,0.00158856795305519,0.0218464528589884,"Otud7b,Etnppl,Per2,Tsc22d3,Dusp15,Ncf2,Klf9,Arrb2,Klf15,Hspa8,Ldlr,Sgk1,Mapk8ip1,Clcn2,Kcna1,Slc9a9,Zkscan3,Mat2a,Nr4a1"
"GO:0032965","regulation of collagen biosynthetic process",59,2,0.00162151976032872,0.0220968920066613,"Arrb2,Klf15"
"GO:0060537","muscle tissue development",522,4,0.00175629920859091,0.0237179505736737,"Tsc22d3,Arrb2,Hspa8,Nr4a1"
"GO:0006813","potassium ion transport",246,3,0.00190781577806761,0.024807865691,"Kcna1,Slc9a9,Atp1b3"
"GO:0051246","regulation of protein metabolic process",1358,6,0.00197647077579209,0.024807865691,"Per2,Arrb2,Klf15,Hspa8,Ldlr,Mapk8ip1"
"GO:1904262","negative regulation of TORC1 signaling",66,2,0.00202401600744773,0.024807865691,"Otud7b,Mat2a"
"GO:0009893","positive regulation of metabolic process",3674,10,0.00206174209766784,0.024807865691,"Per2,Klf9,Arrb2,Klf15,Hspa8,Ldlr,Dbp,Six5,Zkscan3,Nr4a1"
"GO:0044281","small molecule metabolic process",1875,7,0.00206734370809796,0.024807865691,"Per2,Ncf2,Klf9,Hspa8,Ldlr,Clcn2,Mat2a"
"GO:0010712","regulation of collagen metabolic process",67,2,0.00208500006501265,0.024807865691,"Arrb2,Klf15"
"GO:0061462","protein localization to lysosome",67,2,0.00208500006501265,0.024807865691,"Hspa8,Mat2a"
"GO:0050789","regulation of biological process",13279,21,0.00208525088530087,0.024807865691,"Otud7b,Per2,Tsc22d3,Dusp15,Ncf2,Klf9,Arrb2,Klf15,Hspa8,Gjc3,Ldlr,Sgk1,Mapk8ip1,Clcn2,Dbp,Kcna1,Six5,Zkscan3,Mat2a,Atp1b3,Nr4a1"
"GO:0030001","metal ion transport",941,5,0.00224459480516168,0.0264932882908454,"Arrb2,Sgk1,Kcna1,Slc9a9,Atp1b3"
"GO:0031397","negative regulation of protein ubiquitination",70,2,0.00227314216493102,0.0266206258221219,"Per2,Arrb2"
"GO:0006814","sodium ion transport",266,3,0.00238217279195446,0.0276812171716259,"Sgk1,Slc9a9,Atp1b3"
"GO:0032964","collagen biosynthetic process",72,2,0.0024028784435163,0.0277070368217764,"Arrb2,Klf15"
"GO:0071385","cellular response to glucocorticoid stimulus",73,2,0.00246903404012251,0.0282525345507148,"Etnppl,Klf9"
"GO:0032984","protein-containing complex disassembly",271,3,0.00251117259418081,0.0283696457993157,"Per2,Hspa8,Sgk1"
"GO:0035556","intracellular signal transduction",3119,9,0.00252030342617205,0.0283696457993157,"Otud7b,Dusp15,Klf9,Arrb2,Hspa8,Sgk1,Mapk8ip1,Mat2a,Nr4a1"
"GO:0010656","negative regulation of muscle cell apoptotic process",74,2,0.00253604572188679,0.0283696457993157,"Arrb2,Hspa8"
"GO:0060284","regulation of cell development",977,5,0.00264285804568307,0.0293455126702143,"Per2,Arrb2,Ldlr,Sgk1,Clcn2"
"GO:0002683","negative regulation of immune system process",590,4,0.00273949532863888,0.0300040788622678,"Tsc22d3,Arrb2,Hspa8,Ldlr"
"GO:1902475","L-alpha-amino acid transmembrane transport",77,2,0.00274220066986704,0.0300040788622678,"Per2,Slc1a5"
"GO:0046434","organophosphate catabolic process",282,3,0.00281004847434311,0.0300647390680206,"Etnppl,Ncf2,Ldlr"
"GO:1901654","response to ketone",282,3,0.00281004847434311,0.0300647390680206,"Klf9,Hspa8,Sgk1"
"GO:0002028","regulation of sodium ion transport",78,2,0.002812620095302,0.0300647390680206,"Sgk1,Atp1b3"
"GO:0031667","response to nutrient levels",617,4,0.00321783773924323,0.0317338077047737,"Etnppl,Hspa8,Ldlr,Mat2a"
"GO:1903321","negative regulation of protein modification by small protein conjugation or removal",84,2,0.00325288271033876,0.031869746292796,"Per2,Arrb2"
"GO:0042698","ovulation cycle",87,2,0.00348434822364151,0.0339158310859651,"Arrb2,Hspa8"
"GO:0051050","positive regulation of transport",1049,5,0.00359132638864802,0.0347316016553767,"Arrb2,Klf15,Hspa8,Sgk1,Atp1b3"
"GO:0032007","negative regulation of TOR signaling",89,2,0.00364282640410274,0.0347808712085988,"Otud7b,Mat2a"
"GO:1901874","negative regulation of post-translational protein modification",89,2,0.00364282640410274,0.0347808712085988,"Per2,Arrb2"
"GO:0043066","negative regulation of apoptotic process",1063,5,0.00380111056282055,0.0353806676529267,"Tsc22d3,Arrb2,Hspa8,Sgk1,Mapk8ip1"
"GO:0055080","monoatomic cation homeostasis",654,4,0.00396247276177684,0.0353806676529267,"Sgk1,Kcna1,Slc9a9,Atp1b3"
"GO:0001523","retinoid metabolic process",93,2,0.00396972693796609,0.0353806676529267,"Klf9,Ldlr"
"GO:0032008","positive regulation of TOR signaling",93,2,0.00396972693796609,0.0353806676529267,"Otud7b,Mat2a"
"GO:0051716","cellular response to stimulus",8819,16,0.0040646532142955,0.03542392539668,"Otud7b,Etnppl,Dusp15,Ncf2,Klf9,Arrb2,Klf15,Hspa8,Ldlr,Sgk1,Mapk8ip1,Clcn2,Kcna1,Zkscan3,Mat2a,Nr4a1"
"GO:0006915","apoptotic process",2116,7,0.0040999995829039,0.0355254299119824,"Tsc22d3,Ncf2,Arrb2,Hspa8,Sgk1,Mapk8ip1,Nr4a1"
"GO:0050769","positive regulation of neurogenesis",324,3,0.00414978844566232,0.0357501889657921,"Arrb2,Sgk1,Clcn2"
"GO:0051259","protein complex oligomerization",325,3,0.00418565671847072,0.0358531395485006,"Kcna1,Slc1a5,Mat2a"
"GO:0014015","positive regulation of gliogenesis",96,2,0.00422355239056693,0.0359721876901127,"Arrb2,Clcn2"
"GO:0050801","monoatomic ion homeostasis",667,4,0.00424980475328475,0.0359912843230161,"Sgk1,Kcna1,Slc9a9,Atp1b3"
"GO:0016101","diterpenoid metabolic process",97,2,0.00430979988158254,0.0362943259690574,"Klf9,Ldlr"
"GO:0006812","monoatomic cation transport",1100,5,0.00439819825843263,0.0368318390468744,"Arrb2,Sgk1,Kcna1,Slc9a9,Atp1b3"
"GO:0001818","negative regulation of cytokine production",333,3,0.00447944796442572,0.0370680344073503,"Otud7b,Arrb2,Klf15"
"GO:0072665","protein localization to vacuole",99,2,0.00448474370701508,0.0370680344073503,"Hspa8,Mat2a"
"GO:0043069","negative regulation of programmed cell death",1108,5,0.00453570341323093,0.0370680344073503,"Tsc22d3,Arrb2,Hspa8,Sgk1,Mapk8ip1"
"GO:0007417","central nervous system development",1110,5,0.00457055845634155,0.0370680344073503,"Dusp15,Hspa8,Ldlr,Clcn2,Kcna1"
"GO:0015807","L-amino acid transport",100,2,0.00457343682686794,0.0370680344073503,"Per2,Slc1a5"
"GO:0043068","positive regulation of programmed cell death",681,4,0.00457477409296852,0.0370680344073503,"Ncf2,Arrb2,Hspa8,Nr4a1"
"GO:0050794","regulation of cellular process",12856,20,0.00461268653261246,0.0371742855504628,"Otud7b,Per2,Tsc22d3,Dusp15,Ncf2,Klf9,Arrb2,Klf15,Hspa8,Ldlr,Sgk1,Mapk8ip1,Clcn2,Dbp,Kcna1,Six5,Zkscan3,Mat2a,Atp1b3,Nr4a1"
"GO:0042221","response to chemical",5610,12,0.00496429069473847,0.0373902390788574,"Etnppl,Ncf2,Klf9,Arrb2,Klf15,Hspa8,Ldlr,Sgk1,Clcn2,Kcna1,Mat2a,Nr4a1"
"GO:0043124","negative regulation of canonical NF-kappaB signal transduction",105,2,0.00502905040392077,0.0373902390788574,"Otud7b,Arrb2"
"GO:0097305","response to alcohol",348,3,0.00506352136958509,0.0373902390788574,"Klf9,Hspa8,Sgk1"
"GO:0008219","cell death",2202,7,0.00511352805544289,0.0373911149029702,"Tsc22d3,Ncf2,Arrb2,Hspa8,Sgk1,Mapk8ip1,Nr4a1"
"GO:0012501","programmed cell death",2202,7,0.00511352805544289,0.0373911149029702,"Tsc22d3,Ncf2,Arrb2,Hspa8,Sgk1,Mapk8ip1,Nr4a1"
"GO:0008283","cell population proliferation",2207,7,0.00517786088987795,0.0375537839025032,"Per2,Klf9,Arrb2,Mapk8ip1,Kcna1,Six5,Nr4a1"
"GO:0023057","negative regulation of signaling",1648,6,0.00518587943149977,0.0375537839025032,"Otud7b,Arrb2,Hspa8,Ldlr,Mapk8ip1,Mat2a"
"GO:1903432","regulation of TORC1 signaling",107,2,0.0052169350829603,0.0375970465834495,"Otud7b,Mat2a"
"GO:0016192","vesicle-mediated transport",1663,6,0.00541996221107143,0.0388733174851487,"Ncf2,Arrb2,Hspa8,Ldlr,Mapk8ip1,Clcn2"
"GO:0032774","RNA biosynthetic process",6471,13,0.0054823171711513,0.0389228387187067,"Otud7b,Per2,Tsc22d3,Dusp15,Klf9,Arrb2,Klf15,Hspa8,Mapk8ip1,Dbp,Six5,Zkscan3,Nr4a1"
"GO:0006721","terpenoid metabolic process",110,2,0.00550476438183177,0.0389228387187067,"Klf9,Ldlr"
"GO:0015914","phospholipid transport",110,2,0.00550476438183177,0.0389228387187067,"Etnppl,Ldlr"
"GO:0009056","catabolic process",2857,8,0.00567722279286079,0.0395909588939458,"Otud7b,Etnppl,Ncf2,Klf9,Arrb2,Hspa8,Ldlr,Zkscan3"
"GO:0009605","response to external stimulus",2865,8,0.00577478180772007,0.0395909588939458,"Per2,Ncf2,Arrb2,Hspa8,Ldlr,Kcna1,Slc9a9,Nr4a1"
"GO:0019233","sensory perception of pain",113,2,0.00579975840642764,0.0395909588939458,"Arrb2,Kcna1"
"GO:0016042","lipid catabolic process",366,3,0.00582276251309179,0.0395909588939458,"Etnppl,Klf9,Ldlr"
"GO:0007040","lysosome organization",114,2,0.00589967454106195,0.0395909588939458,"Hspa8,Zkscan3"
"GO:0080171","lytic vacuole organization",114,2,0.00589967454106195,0.0395909588939458,"Hspa8,Zkscan3"
"GO:0034504","protein localization to nucleus",369,3,0.00595559481879599,0.0395909588939458,"Otud7b,Hspa8,Nr4a1"
"GO:0003333","amino acid transmembrane transport",115,2,0.00600038044797645,0.0395909588939458,"Per2,Slc1a5"
"GO:0006970","response to osmotic stress",117,2,0.00620415529551892,0.0404349077738385,"Tsc22d3,Clcn2"
"GO:0009888","tissue development",2289,7,0.00632405099568549,0.0410283742310697,"Tsc22d3,Arrb2,Klf15,Hspa8,Megf9,Clcn2,Nr4a1"
"GO:0141187","nucleic acid biosynthetic process",6576,13,0.00634995518452846,0.0410283742310697,"Otud7b,Per2,Tsc22d3,Dusp15,Klf9,Arrb2,Klf15,Hspa8,Mapk8ip1,Dbp,Six5,Zkscan3,Nr4a1"
"GO:0010660","regulation of muscle cell apoptotic process",119,2,0.00641107040436049,0.0410721282270251,"Arrb2,Hspa8"
"GO:0071375","cellular response to peptide hormone stimulus",379,3,0.0064115263543188,0.0410721282270251,"Klf15,Sgk1,Nr4a1"
"GO:0032879","regulation of localization",2311,7,0.00666209857034774,0.0421205146323956,"Otud7b,Per2,Arrb2,Klf15,Hspa8,Sgk1,Atp1b3"
"GO:0007517","muscle organ development",385,3,0.00669487634643258,0.0421205146323956,"Tsc22d3,Hspa8,Nr4a1"
"GO:0006835","dicarboxylic acid transport",122,2,0.00672730370077357,0.0421205146323956,"Per2,Slc1a5"
"GO:0038202","TORC1 signaling",123,2,0.00683427139928138,0.0421205146323956,"Otud7b,Mat2a"
"GO:1902533","positive regulation of intracellular signal transduction",1225,5,0.00691782109301099,0.0421205146323956,"Otud7b,Dusp15,Arrb2,Mapk8ip1,Mat2a"
"GO:0051962","positive regulation of nervous system development",392,3,0.00703481573412649,0.0421205146323956,"Arrb2,Sgk1,Clcn2"
"GO:0042116","macrophage activation",125,2,0.00705053236785161,0.0421205146323956,"Ldlr,Nr4a1"
"GO:1901699","cellular response to nitrogen compound",772,4,0.00710611537092336,0.0422701069087862,"Klf15,Sgk1,Mat2a,Nr4a1"
"GO:0016070","RNA metabolic process",6674,13,0.00725975935848306,0.0429037628348564,"Otud7b,Per2,Tsc22d3,Dusp15,Klf9,Arrb2,Klf15,Hspa8,Mapk8ip1,Dbp,Six5,Zkscan3,Nr4a1"
"GO:0006720","isoprenoid metabolic process",127,2,0.00726988376254404,0.0429037628348564,"Klf9,Ldlr"
"GO:0010657","muscle cell apoptotic process",128,2,0.00738071450170198,0.0432421382942336,"Arrb2,Hspa8"
"GO:1902903","regulation of supramolecular fiber organization",399,3,0.00738491487880174,0.0432421382942336,"Hspa8,Ldlr,Sgk1"
"GO:0019218","regulation of steroid metabolic process",130,2,0.00760467834629916,0.0442590208260518,"Ldlr,Clcn2"
"GO:0061061","muscle structure development",791,4,0.00773212289195989,0.0442590208260518,"Tsc22d3,Arrb2,Hspa8,Nr4a1"
"GO:0051261","protein depolymerization",133,2,0.00794635694058454,0.0442590208260518,"Hspa8,Sgk1"
"GO:0098659","inorganic cation import across plasma membrane",133,2,0.00794635694058454,0.0442590208260518,"Slc9a9,Atp1b3"
"GO:0099587","inorganic ion import across plasma membrane",133,2,0.00794635694058454,0.0442590208260518,"Slc9a9,Atp1b3"
"GO:1901698","response to nitrogen compound",1271,5,0.00806051546731965,0.0442590208260518,"Klf15,Ldlr,Sgk1,Mat2a,Nr4a1"
"GO:0010959","regulation of metal ion transport",413,3,0.00811589367161084,0.0443077035285068,"Arrb2,Sgk1,Atp1b3"
"GO:0045595","regulation of cell differentiation",1809,6,0.00812849797887884,0.0443077035285068,"Per2,Dusp15,Arrb2,Ldlr,Sgk1,Clcn2"
"GO:0048709","oligodendrocyte differentiation",135,2,0.00817794664689699,0.0444094352861486,"Dusp15,Clcn2"
"GO:0071396","cellular response to lipid",805,4,0.00821617414706,0.0444094352861486,"Etnppl,Klf9,Ldlr,Sgk1"
"GO:0042127","regulation of cell population proliferation",1814,6,0.0082360393659435,0.0444094352861486,"Per2,Klf9,Arrb2,Mapk8ip1,Six5,Nr4a1"
"GO:0055082","intracellular chemical homeostasis",813,4,0.00850160221024835,0.0455088215649753,"Klf15,Sgk1,Slc9a9,Atp1b3"
"GO:0001910","regulation of leukocyte mediated cytotoxicity",138,2,0.00853100657755709,0.0455088215649753,"Arrb2,Hspa8"
"GO:0032963","collagen metabolic process",138,2,0.00853100657755709,0.0455088215649753,"Arrb2,Klf15"
"GO:0051241","negative regulation of multicellular organismal process",1306,5,0.00901473227126425,0.0463470953341489,"Otud7b,Tsc22d3,Arrb2,Klf15,Ldlr"
"GO:0034654","nucleobase-containing compound biosynthetic process",6878,13,0.00950150791213367,0.0484447631302326,"Otud7b,Per2,Tsc22d3,Dusp15,Klf9,Arrb2,Klf15,Hspa8,Mapk8ip1,Dbp,Six5,Zkscan3,Nr4a1"
"GO:0097306","cellular response to alcohol",147,2,0.00963066581137488,0.0489368408516981,"Klf9,Sgk1"
"GO:0051049","regulation of transport",1882,6,0.00980418999451383,0.0491245336712035,"Per2,Arrb2,Klf15,Hspa8,Sgk1,Atp1b3"
"GO:0009582","detection of abiotic stimulus",150,2,0.0100105759695879,0.0491245336712035,"Arrb2,Kcna1"
"GO:0009581","detection of external stimulus",151,2,0.0101386837785779,0.0493437889093774,"Arrb2,Kcna1"
"GO:0034762","regulation of transmembrane transport",449,3,0.0101874438777705,0.0494206419831003,"Per2,Klf15,Atp1b3"
"GO:0030522","intracellular receptor signaling pathway",451,3,0.0103107535608992,0.0498566454949741,"Klf9,Hspa8,Nr4a1"
"GO:0023052","signaling",7797,14,0.0103438403928866,0.0498566454949741,"Otud7b,Per2,Dusp15,Klf9,Arrb2,Klf15,Hspa8,Gjc3,Ldlr,Sgk1,Mapk8ip1,Kcna1,Mat2a,Nr4a1"
"GO:0031341","regulation of cell killing",153,2,0.010397097056591,0.0499527195122755,"Arrb2,Hspa8"
"GO:0023051","regulation of signaling",3853,9,0.0104453628352944,0.0500242776041737,"Otud7b,Per2,Dusp15,Arrb2,Klf15,Hspa8,Ldlr,Mapk8ip1,Mat2a"
"GO:1901655","cellular response to ketone",154,2,0.0105273995414084,0.0502565984476787,"Klf9,Sgk1"
"GO:0048585","negative regulation of response to stimulus",1918,6,0.0107171548497657,0.0508251592074136,"Otud7b,Arrb2,Hspa8,Ldlr,Mapk8ip1,Mat2a"
"GO:0006139","nucleobase-containing compound metabolic process",7843,14,0.0109330012614621,0.0508251592074136,"Otud7b,Per2,Tsc22d3,Dusp15,Ncf2,Klf9,Arrb2,Klf15,Hspa8,Mapk8ip1,Dbp,Six5,Zkscan3,Nr4a1"
"GO:0045944","positive regulation of transcription by RNA polymerase II",1371,5,0.0109924321516147,0.0508251592074136,"Klf9,Klf15,Dbp,Six5,Nr4a1"
"GO:0022411","cellular component disassembly",462,3,0.0110046254648173,0.0508251592074136,"Per2,Hspa8,Sgk1"
"GO:0009058","biosynthetic process",10605,17,0.0110872762246993,0.0508251592074136,"Otud7b,Per2,Tsc22d3,Dusp15,Ncf2,Klf9,Arrb2,Klf15,Hspa8,Ldlr,Mapk8ip1,Clcn2,Dbp,Six5,Zkscan3,Mat2a,Nr4a1"
"GO:0031333","negative regulation of protein-containing complex assembly",161,2,0.0114598339900424,0.0522136509151172,"Hspa8,Sgk1"
"GO:0032006","regulation of TOR signaling",161,2,0.0114598339900424,0.0522136509151172,"Otud7b,Mat2a"
"GO:0051384","response to glucocorticoid",162,2,0.0115959235783952,0.0526736043758013,"Etnppl,Klf9"
"GO:0003012","muscle system process",473,3,0.0117251601027102,0.0530202947488169,"Klf15,Kcna1,Nr4a1"
"GO:0016043","cellular component organization",7913,14,0.0118824101000546,0.0530202947488169,"Etnppl,Per2,Arrb2,Hspa8,Megf9,Ldlr,Sgk1,Clcn2,Kcna1,Slc9a9,Slc1a5,Zkscan3,Mat2a,Nr4a1"
"GO:0048584","positive regulation of response to stimulus",2578,7,0.0119474991954786,0.0530202947488169,"Otud7b,Dusp15,Arrb2,Hspa8,Ldlr,Mapk8ip1,Mat2a"
"GO:1905039","carboxylic acid transmembrane transport",165,2,0.0120084869023964,0.0530202947488169,"Per2,Slc1a5"
"GO:0002376","immune system process",3254,8,0.0123222894682955,0.0540090991607454,"Otud7b,Tsc22d3,Arrb2,Hspa8,Ldlr,Mapk8ip1,Slc1a5,Nr4a1"
"GO:1903825","organic acid transmembrane transport",169,2,0.0125685372052378,0.0549278054537945,"Per2,Slc1a5"
"GO:0043269","regulation of monoatomic ion transport",488,3,0.0127510162832685,0.0553024830513019,"Arrb2,Sgk1,Atp1b3"
"GO:0098660","inorganic ion transmembrane transport",924,4,0.0131583890185702,0.0555617609544697,"Clcn2,Kcna1,Slc9a9,Atp1b3"
"GO:0019725","cellular homeostasis",925,4,0.0132064924757281,0.0556082365761695,"Klf15,Sgk1,Slc9a9,Atp1b3"
"GO:0006937","regulation of muscle contraction",176,2,0.0135757691844133,0.0570030196286709,"Kcna1,Nr4a1"
"GO:0015748","organophosphate ester transport",178,2,0.0138698384899715,0.0578922584446349,"Etnppl,Ldlr"
"GO:0035725","sodium ion transmembrane transport",181,2,0.0143161397693952,0.0587942288063653,"Slc9a9,Atp1b3"
"GO:0043410","positive regulation of MAPK cascade",512,3,0.0144973117773206,0.0593756020606653,"Dusp15,Arrb2,Mapk8ip1"
"GO:0090304","nucleic acid metabolic process",7234,13,0.0147564746965451,0.059701140446309,"Otud7b,Per2,Tsc22d3,Dusp15,Klf9,Arrb2,Klf15,Hspa8,Mapk8ip1,Dbp,Six5,Zkscan3,Nr4a1"
"GO:0007613","memory",184,2,0.0147686433781624,0.059701140446309,"Ldlr,Sgk1"
"GO:0009266","response to temperature stimulus",184,2,0.0147686433781624,0.059701140446309,"Arrb2,Hspa8"
"GO:0071840","cellular component organization or biogenesis",8121,14,0.0151104790017294,0.0597641372654153,"Etnppl,Per2,Arrb2,Hspa8,Megf9,Ldlr,Sgk1,Clcn2,Kcna1,Slc9a9,Slc1a5,Zkscan3,Mat2a,Nr4a1"
"GO:1902531","regulation of intracellular signal transduction",2070,6,0.015258883255584,0.0601922789476853,"Otud7b,Dusp15,Arrb2,Hspa8,Mapk8ip1,Mat2a"
"GO:0001909","leukocyte mediated cytotoxicity",188,2,0.0153815628729769,0.0605169625894811,"Arrb2,Hspa8"
"GO:0006629","lipid metabolic process",1493,5,0.0154832782178812,0.0607571399035793,"Etnppl,Per2,Klf9,Ldlr,Clcn2"
"GO:0033365","protein localization to organelle",971,4,0.0155437179884414,0.0607571399035793,"Otud7b,Hspa8,Mat2a,Nr4a1"
"GO:0055088","lipid homeostasis",190,2,0.0156921032865399,0.0607571399035793,"Etnppl,Ldlr"
"GO:0031396","regulation of protein ubiquitination",191,2,0.0158483886942747,0.0607571399035793,"Per2,Arrb2"
"GO:0009968","negative regulation of signal transduction",1505,5,0.0159833513027545,0.0607571399035793,"Otud7b,Arrb2,Hspa8,Mapk8ip1,Mat2a"
"GO:0043434","response to peptide hormone",533,3,0.016132285365343,0.0609125837850103,"Klf15,Sgk1,Nr4a1"
"GO:0001508","action potential",194,2,0.0163212887557903,0.061317322919623,"Clcn2,Kcna1"
"GO:0031929","TOR signaling",194,2,0.0163212887557903,0.061317322919623,"Otud7b,Mat2a"
"GO:0006865","amino acid transport",195,2,0.0164802653546059,0.0616057799664695,"Per2,Slc1a5"
"GO:0071248","cellular response to metal ion",195,2,0.0164802653546059,0.0616057799664695,"Hspa8,Kcna1"
"GO:0042391","regulation of membrane potential",539,3,0.0166178865041445,0.0618938633602422,"Clcn2,Kcna1,Atp1b3"
"GO:0062207","regulation of pattern recognition receptor signaling pathway",196,2,0.0166399112302719,0.0618938633602422,"Arrb2,Hspa8"
"GO:0006606","protein import into nucleus",197,2,0.0168002249783554,0.0623354882241454,"Hspa8,Nr4a1"
"GO:0034220","monoatomic ion transmembrane transport",1008,4,0.0176043502815271,0.063926873156207,"Clcn2,Kcna1,Slc9a9,Atp1b3"
"GO:0000122","negative regulation of transcription by RNA polymerase II",1009,4,0.0176623245931466,0.063926873156207,"Otud7b,Per2,Tsc22d3,Dusp15"
"GO:0045807","positive regulation of endocytosis",203,2,0.0177760543865045,0.063926873156207,"Arrb2,Hspa8"
"GO:0051170","import into nucleus",204,2,0.0179410040820411,0.063926873156207,"Hspa8,Nr4a1"
"GO:0048468","cell development",3477,8,0.0180132254119338,0.063926873156207,"Per2,Arrb2,Megf9,Ldlr,Sgk1,Clcn2,Slc1a5,Six5"
"GO:0065008","regulation of biological quality",3488,8,0.0183370979278003,0.0648285608343696,"Per2,Ncf2,Klf9,Hspa8,Clcn2,Kcna1,Slc9a9,Atp1b3"
"GO:0030003","intracellular monoatomic cation homeostasis",563,3,0.0186428316619319,0.0652849283371251,"Sgk1,Slc9a9,Atp1b3"
"GO:0010720","positive regulation of cell development",565,3,0.0188175564821434,0.0652849283371251,"Arrb2,Sgk1,Clcn2"
"GO:0006796","phosphate-containing compound metabolic process",1573,5,0.0190256244380418,0.0652849283371251,"Etnppl,Ncf2,Hspa8,Ldlr,Mapk8ip1"
"GO:0006793","phosphorus metabolic process",1576,5,0.0191681758779655,0.0656006749796126,"Etnppl,Ncf2,Hspa8,Ldlr,Mapk8ip1"
"GO:0050793","regulation of developmental process",2829,7,0.0192884039764433,0.0658617712088577,"Per2,Tsc22d3,Dusp15,Arrb2,Ldlr,Sgk1,Clcn2"
"GO:0034764","positive regulation of transmembrane transport",213,2,0.019454937163406,0.066279433654422,"Klf15,Atp1b3"
"GO:0006873","intracellular monoatomic ion homeostasis",574,3,0.0196152347629799,0.0666740065979747,"Sgk1,Slc9a9,Atp1b3"
"GO:0098771","inorganic ion homeostasis",582,3,0.0203399861248795,0.0676045215104089,"Sgk1,Kcna1,Atp1b3"
"GO:0070374","positive regulation of ERK1 and ERK2 cascade",219,2,0.0204932813032627,0.0679633377734309,"Dusp15,Arrb2"
"GO:0043933","protein-containing complex organization",2890,7,0.0214784094059595,0.0701440864913578,"Per2,Hspa8,Sgk1,Kcna1,Slc1a5,Mat2a,Nr4a1"
"GO:0031349","positive regulation of defense response",598,3,0.0218339157652184,0.0710694677037666,"Arrb2,Hspa8,Ldlr"
"GO:0050905","neuromuscular process",228,2,0.0220936437291229,0.0710694677037666,"Kcna1,Nr4a1"
"GO:1903320","regulation of protein modification by small protein conjugation or removal",228,2,0.0220936437291229,0.0710694677037666,"Per2,Arrb2"
"GO:2000026","regulation of multicellular organismal development",1641,5,0.0224351916574322,0.0720136023436634,"Per2,Arrb2,Ldlr,Sgk1,Clcn2"
"GO:0010648","negative regulation of cell communication",1653,5,0.0230762662031382,0.0726708467195466,"Otud7b,Arrb2,Hspa8,Mapk8ip1,Mat2a"
"GO:1901873","regulation of post-translational protein modification",234,2,0.0231886908040862,0.0728717977260485,"Per2,Arrb2"
"GO:0003013","circulatory system process",613,3,0.0232883679252518,0.0730319320501097,"Per2,Ncf2,Slc1a5"
"GO:0046890","regulation of lipid biosynthetic process",238,2,0.0239310587754603,0.0736681620776136,"Ldlr,Clcn2"
"GO:0140352","export from cell",1114,4,0.024437938147864,0.0748252902242203,"Per2,Slc1a5,Atp1b3,Nr4a1"
"GO:0051260","protein homooligomerization",241,2,0.0244942510327965,0.0748252902242203,"Kcna1,Slc1a5"
"GO:0019637","organophosphate metabolic process",1115,4,0.0245091511007953,0.0748252902242203,"Etnppl,Ncf2,Hspa8,Ldlr"
"GO:0042594","response to starvation",248,2,0.0258295384948934,0.0776610571434286,"Hspa8,Mat2a"
"GO:0002706","regulation of lymphocyte mediated immunity",250,2,0.0262164462687566,0.0781281370911851,"Arrb2,Hspa8"
"GO:0007623","circadian rhythm",250,2,0.0262164462687566,0.0781281370911851,"Per2,Dbp"
"GO:0006836","neurotransmitter transport",252,2,0.0266057336026449,0.0791309418062793,"Per2,Nr4a1"
"GO:0036211","protein modification process",1729,5,0.0274192807321653,0.08043346735326,"Otud7b,Per2,Arrb2,Klf15,Mapk8ip1"
"GO:0009967","positive regulation of signal transduction",1733,5,0.0276616186274844,0.0804602949603144,"Otud7b,Dusp15,Arrb2,Mapk8ip1,Mat2a"
"GO:0043065","positive regulation of apoptotic process",658,3,0.0279651859068204,0.0804602949603144,"Ncf2,Arrb2,Nr4a1"
"GO:2001234","negative regulation of apoptotic signaling pathway",260,2,0.0281864711613807,0.0809416097143863,"Arrb2,Mapk8ip1"
"GO:0007154","cell communication",7834,13,0.0287012944202782,0.0816094140903572,"Otud7b,Per2,Dusp15,Klf9,Arrb2,Klf15,Hspa8,Gjc3,Sgk1,Mapk8ip1,Kcna1,Mat2a,Nr4a1"
"GO:0044057","regulation of system process",672,3,0.0295160862451481,0.0826701092003716,"Per2,Kcna1,Nr4a1"
"GO:0003018","vascular process in circulatory system",268,2,0.029804455687641,0.0826701092003716,"Per2,Slc1a5"
"GO:0007033","vacuole organization",273,2,0.0308343200917012,0.0842957504565634,"Hspa8,Zkscan3"
"GO:0002682","regulation of immune system process",1786,5,0.031005327056965,0.08450360956071,"Tsc22d3,Arrb2,Hspa8,Ldlr,Mapk8ip1"
"GO:0010817","regulation of hormone levels",691,3,0.0316935341275824,0.0858778842840349,"Per2,Klf9,Clcn2"
"GO:0010646","regulation of cell communication",3858,8,0.0319377622220607,0.0859509974342351,"Otud7b,Per2,Dusp15,Arrb2,Klf15,Hspa8,Mapk8ip1,Mat2a"
"GO:0090257","regulation of muscle system process",283,2,0.0329363016037145,0.0873107137295824,"Kcna1,Nr4a1"
"GO:0009987","cellular process",20947,25,0.0329672207944921,0.0873107137295824,"Otud7b,Etnppl,Per2,Tsc22d3,Dusp15,Ncf2,Klf9,Arrb2,Klf15,Hspa8,Gjc3,Megf9,Ldlr,Sgk1,Mapk8ip1,Clcn2,Dbp,Kcna1,Slc9a9,Slc1a5,Six5,Zkscan3,Mat2a,Atp1b3,Nr4a1"
"GO:0042445","hormone metabolic process",284,2,0.0331495615690067,0.0876387879928413,"Klf9,Clcn2"
"GO:0030163","protein catabolic process",1232,4,0.0337399450131883,0.0878393221339289,"Otud7b,Arrb2,Hspa8,Ldlr"
"GO:0043122","regulation of canonical NF-kappaB signal transduction",287,2,0.033792646814044,0.0878393221339289,"Otud7b,Arrb2"
"GO:0045444","fat cell differentiation",287,2,0.033792646814044,0.0878393221339289,"Per2,Nr4a1"
"GO:0002274","myeloid leukocyte activation",292,2,0.0348753992946168,0.0896710523887316,"Ldlr,Nr4a1"
"GO:0043408","regulation of MAPK cascade",722,3,0.0354252599626146,0.0909288778834919,"Dusp15,Arrb2,Mapk8ip1"
"GO:0009966","regulation of signal transduction",3214,7,0.0361640020069047,0.0919536658684342,"Otud7b,Dusp15,Arrb2,Klf15,Hspa8,Mapk8ip1,Mat2a"
"GO:0006898","receptor-mediated endocytosis",298,2,0.0361925702884431,0.0919536658684342,"Arrb2,Ldlr"
"GO:0032103","positive regulation of response to external stimulus",735,3,0.0370559779830572,0.0931995150949711,"Arrb2,Hspa8,Ldlr"
"GO:0043412","macromolecule modification",1884,5,0.0378525296975557,0.0944108852190284,"Otud7b,Per2,Arrb2,Klf15,Mapk8ip1"
"GO:0031348","negative regulation of defense response",306,2,0.0379786875567813,0.0945681937668026,"Arrb2,Ldlr"
"GO:0044238","primary metabolic process",11881,17,0.0383519916160422,0.0947651963003113,"Otud7b,Etnppl,Per2,Tsc22d3,Dusp15,Ncf2,Klf9,Arrb2,Klf15,Hspa8,Ldlr,Mapk8ip1,Clcn2,Dbp,Six5,Zkscan3,Nr4a1"
"GO:0008285","negative regulation of cell population proliferation",746,3,0.0384660497245998,0.0947651963003113,"Per2,Klf9,Six5"
"GO:0001906","cell killing",319,2,0.04095250321069,0.0986942159370166,"Arrb2,Hspa8"
"GO:0007249","canonical NF-kappaB signal transduction",319,2,0.04095250321069,0.0986942159370166,"Otud7b,Arrb2"
"GO:0050954","sensory perception of mechanical stimulus",319,2,0.04095250321069,0.0986942159370166,"Gjc3,Kcna1"
"GO:0002703","regulation of leukocyte mediated immunity",320,2,0.0411848572981609,0.0987895291290381,"Arrb2,Hspa8"
"GO:0032868","response to insulin",320,2,0.0411848572981609,0.0987895291290381,"Klf15,Sgk1"
"GO:0070372","regulation of ERK1 and ERK2 cascade",322,2,0.0416510889990341,0.0987895291290381,"Dusp15,Arrb2"
"GO:0002221","pattern recognition receptor signaling pathway",324,2,0.0421193442360856,0.0997423333489611,"Arrb2,Hspa8"
"GO:0010467","gene expression",9171,14,0.043834611482619,0.10265392595908,"Otud7b,Per2,Tsc22d3,Dusp15,Klf9,Arrb2,Klf15,Hspa8,Ldlr,Mapk8ip1,Dbp,Six5,Zkscan3,Nr4a1"
"GO:0033554","cellular response to stress",1962,5,0.0439357032593823,0.10265392595908,"Hspa8,Sgk1,Clcn2,Zkscan3,Mat2a"
"GO:0051707","response to other organism",1963,5,0.0440174004743226,0.10265392595908,"Ncf2,Arrb2,Hspa8,Slc9a9,Nr4a1"
"GO:0060326","cell chemotaxis",333,2,0.0442512833453979,0.10265392595908,"Arrb2,Nr4a1"
"GO:0043207","response to external biotic stimulus",1967,5,0.0443451343530588,0.10265392595908,"Ncf2,Arrb2,Hspa8,Slc9a9,Nr4a1"
"GO:0002758","innate immune response-activating signaling pathway",334,2,0.0444906463047649,0.10265392595908,"Arrb2,Hspa8"
"GO:0043523","regulation of neuron apoptotic process",336,2,0.0449708468401373,0.10355038312345,"Ncf2,Arrb2"
"GO:0006936","muscle contraction",338,2,0.0454530058561031,0.103925140540628,"Kcna1,Nr4a1"
"GO:0065003","protein-containing complex assembly",2682,6,0.0473099671134844,0.10703364528407,"Hspa8,Sgk1,Kcna1,Slc1a5,Mat2a,Nr4a1"
"GO:0009607","response to biotic stimulus",2007,5,0.0477058993621382,0.107535553599767,"Ncf2,Arrb2,Hspa8,Slc9a9,Nr4a1"
"GO:0098662","inorganic cation transmembrane transport",820,3,0.0486647646425342,0.108716068851205,"Kcna1,Slc9a9,Atp1b3"
"GO:0009416","response to light stimulus",354,2,0.0493796864559336,0.109497263309829,"Per2,Sgk1"
"GO:0070371","ERK1 and ERK2 cascade",354,2,0.0493796864559336,0.109497263309829,"Dusp15,Arrb2"
"GO:0097435","supramolecular fiber organization",827,3,0.0496930066403937,0.110029271719276,"Hspa8,Ldlr,Sgk1"
