"Annot","Term","Annotated","Significant","Pvalue","Padj","GeneID"
"GO:0040011","locomotion",1360,15,3.18349448603318e-10,5.49249635584442e-07,"Col1a1,Thbs1,Col3a1,Sfrp2,Fgf1,Rcan1,Rgcc,Fam107a,Chst2,Sorl1,Il17b,Tac1,Tacstd2,S100a9,Itgax"
"GO:0016477","cell migration",1685,16,5.96686187489888e-10,5.49249635584442e-07,"Col1a1,Thbs1,Col3a1,Sfrp2,Gpm6a,Fgf1,Rgcc,Fam107a,Chst2,Sorl1,Il17b,Tac1,Tacstd2,Svep1,S100a9,Itgax"
"GO:0048870","cell motility",1980,16,6.18768215653308e-09,2.54977863517915e-06,"Col1a1,Thbs1,Col3a1,Sfrp2,Gpm6a,Fgf1,Rgcc,Fam107a,Chst2,Sorl1,Il17b,Tac1,Tacstd2,Svep1,S100a9,Itgax"
"GO:0051240","positive regulation of multicellular organismal process",1980,16,6.18768215653308e-09,2.54977863517915e-06,"Mbp,Col1a1,Thbs1,Sfrp2,Mme,Fgf1,Rgcc,Sorl1,Egr2,Il17b,S100a1,Tac1,Lrrn1,Svep1,S100a9,Itgax"
"GO:0051239","regulation of multicellular organismal process",3381,20,6.92498271368592e-09,2.54977863517915e-06,"Mbp,Col1a1,Thbs1,Sfrp2,Mme,Fgf1,Rgcc,Mlip,Sorl1,Egr2,Adam33,Il17b,Tnnt2,S100a1,Tac1,Lrrn1,Tacstd2,Svep1,S100a9,Itgax"
"GO:0048731","system development",4438,22,1.9647648794208e-08,5.12780529379752e-06,"Mbp,Col1a1,Thbs1,Col3a1,Sfrp2,Mme,Gpm6a,Tmem59l,Fgf1,Rgcc,Fam107a,Sorl1,Egr2,Klk6,Tnnt2,S100a1,Lrrn1,Tacstd2,Svep1,S100a9,Itgax,Dact1"
"GO:0030334","regulation of cell migration",1048,12,1.98844927200643e-08,5.12780529379752e-06,"Col1a1,Thbs1,Col3a1,Sfrp2,Fgf1,Rgcc,Fam107a,Chst2,Sorl1,Tac1,Tacstd2,Itgax"
"GO:0065007","biological regulation",13697,36,2.2282695464628e-08,5.12780529379752e-06,"Mbp,Col1a1,Thbs1,Col3a1,Sfrp2,Mme,Gpm6a,Fgf1,Rcan1,Rgcc,Sv2b,Mlip,C7,Ptgfr,Fam107a,Chst2,Sorl1,Egr2,Nnmt,Rnd3,Adam33,Klk6,Il17b,Tubb4a,Tnnt2,S100a1,Tac1,Lrrn1,Tacstd2,Kcnk5,Svep1,S100a9,Itgax,Dact1,Rbm11,Dclk3"
"GO:2000145","regulation of cell motility",1109,12,3.70956363947697e-08,7.588118511419e-06,"Col1a1,Thbs1,Col3a1,Sfrp2,Fgf1,Rgcc,Fam107a,Chst2,Sorl1,Tac1,Tacstd2,Itgax"
"GO:0040012","regulation of locomotion",1162,12,6.18823990424089e-08,1.07273268532175e-05,"Col1a1,Thbs1,Col3a1,Sfrp2,Fgf1,Rgcc,Fam107a,Chst2,Sorl1,Tac1,Tacstd2,Itgax"
"GO:0009719","response to endogenous stimulus",1706,14,6.40959236205281e-08,1.07273268532175e-05,"Mbp,Col1a1,Thbs1,Col3a1,Sfrp2,Mme,Fgf1,Rcan1,Rgcc,Ptgfr,Fam107a,Sorl1,Egr2,Tac1"
"GO:0048518","positive regulation of biological process",6819,26,7.88254894810036e-08,1.2093143844544e-05,"Mbp,Col1a1,Thbs1,Col3a1,Sfrp2,Mme,Gpm6a,Fgf1,Rgcc,C7,Ptgfr,Fam107a,Chst2,Sorl1,Egr2,Nnmt,Klk6,Il17b,S100a1,Tac1,Lrrn1,Tacstd2,Svep1,S100a9,Itgax,Dact1"
"GO:0050789","regulation of biological process",13279,35,9.05923428407335e-08,1.28292694745993e-05,"Mbp,Col1a1,Thbs1,Col3a1,Sfrp2,Mme,Gpm6a,Fgf1,Rcan1,Rgcc,Sv2b,Mlip,C7,Ptgfr,Fam107a,Chst2,Sorl1,Egr2,Nnmt,Rnd3,Adam33,Klk6,Il17b,Tubb4a,Tnnt2,S100a1,Tac1,Lrrn1,Tacstd2,Svep1,S100a9,Itgax,Dact1,Rbm11,Dclk3"
"GO:0051094","positive regulation of developmental process",1574,13,2.04659925988472e-07,2.69127802674841e-05,"Col1a1,Thbs1,Sfrp2,Mme,Fgf1,Rgcc,Sorl1,Egr2,S100a1,Lrrn1,Tacstd2,Itgax,Dact1"
"GO:0050794","regulation of cellular process",12856,34,2.9059306477554e-07,3.52409057268387e-05,"Mbp,Col1a1,Thbs1,Col3a1,Sfrp2,Mme,Gpm6a,Fgf1,Rcan1,Rgcc,Sv2b,Mlip,Ptgfr,Fam107a,Chst2,Sorl1,Egr2,Nnmt,Rnd3,Adam33,Klk6,Il17b,Tubb4a,Tnnt2,S100a1,Tac1,Lrrn1,Tacstd2,Svep1,S100a9,Itgax,Dact1,Rbm11,Dclk3"
"GO:0001944","vasculature development",852,10,3.06276204035535e-07,3.52409057268387e-05,"Col1a1,Thbs1,Col3a1,Sfrp2,Fgf1,Rgcc,Egr2,S100a1,Svep1,Itgax"
"GO:0009888","tissue development",2289,15,3.53488164325426e-07,3.78368018916537e-05,"Col1a1,Thbs1,Col3a1,Sfrp2,Tmem59l,Fgf1,Rcan1,Rgcc,Sorl1,Egr2,Tnnt2,Tacstd2,Svep1,Itgax,Dact1"
"GO:0007275","multicellular organism development",5197,22,3.69941571998787e-07,3.78368018916537e-05,"Mbp,Col1a1,Thbs1,Col3a1,Sfrp2,Mme,Gpm6a,Tmem59l,Fgf1,Rgcc,Fam107a,Sorl1,Egr2,Klk6,Tnnt2,S100a1,Lrrn1,Tacstd2,Svep1,S100a9,Itgax,Dact1"
"GO:0048522","positive regulation of cellular process",6410,24,6.84241697943903e-07,6.62994192586697e-05,"Mbp,Col1a1,Thbs1,Col3a1,Sfrp2,Mme,Gpm6a,Fgf1,Rgcc,Ptgfr,Fam107a,Chst2,Sorl1,Egr2,Nnmt,Klk6,Il17b,Tac1,Lrrn1,Tacstd2,Svep1,S100a9,Itgax,Dact1"
"GO:0031589","cell-substrate adhesion",383,7,1.29999624376034e-06,0.000116589757018166,"Col1a1,Thbs1,Col3a1,Fam107a,Tacstd2,Svep1,Itgax"
"GO:0035239","tube morphogenesis",1001,10,1.32992118271672e-06,0.000116589757018166,"Thbs1,Col3a1,Sfrp2,Tmem59l,Fgf1,Rgcc,S100a1,Tacstd2,Itgax,Dact1"
"GO:0035295","tube development",1282,11,1.56038858725315e-06,0.000130576154051502,"Thbs1,Col3a1,Sfrp2,Mme,Tmem59l,Fgf1,Rgcc,S100a1,Tacstd2,Itgax,Dact1"
"GO:0072359","circulatory system development",1316,11,2.01377383837105e-06,0.000160317160452816,"Col1a1,Thbs1,Col3a1,Sfrp2,Fgf1,Rgcc,Egr2,Tnnt2,S100a1,Svep1,Itgax"
"GO:0001568","blood vessel development",814,9,2.1714061536169e-06,0.000160317160452816,"Col1a1,Thbs1,Col3a1,Sfrp2,Fgf1,Rgcc,Egr2,S100a1,Itgax"
"GO:0009653","anatomical structure morphogenesis",3026,16,2.23293570117474e-06,0.000160317160452816,"Mbp,Col1a1,Thbs1,Col3a1,Sfrp2,Gpm6a,Tmem59l,Fgf1,Rgcc,Egr2,Tnnt2,S100a1,Tacstd2,Svep1,Itgax,Dact1"
"GO:0009725","response to hormone",1062,10,2.264120679942e-06,0.000160317160452816,"Mbp,Col1a1,Col3a1,Mme,Rcan1,Ptgfr,Fam107a,Sorl1,Egr2,Tac1"
"GO:0010812","negative regulation of cell-substrate adhesion",67,4,2.89911946967761e-06,0.000197676997913944,"Col1a1,Thbs1,Fam107a,Tacstd2"
"GO:0050793","regulation of developmental process",2829,15,5.21811343349518e-06,0.000343090958252308,"Mbp,Col1a1,Thbs1,Sfrp2,Mme,Fgf1,Rcan1,Rgcc,Sorl1,Egr2,S100a1,Lrrn1,Tacstd2,Itgax,Dact1"
"GO:0048856","anatomical structure development",6654,23,6.71809691070476e-06,0.000414277832396486,"Mbp,Col1a1,Thbs1,Col3a1,Sfrp2,Mme,Gpm6a,Tmem59l,Fgf1,Rcan1,Rgcc,Fam107a,Sorl1,Egr2,Klk6,Tnnt2,S100a1,Lrrn1,Tacstd2,Svep1,S100a9,Itgax,Dact1"
"GO:0045765","regulation of angiogenesis",320,6,6.97139662398475e-06,0.000414277832396486,"Thbs1,Sfrp2,Fgf1,Rgcc,S100a1,Itgax"
"GO:0032502","developmental process",7236,24,7.11212318585072e-06,0.000414277832396486,"Mbp,Col1a1,Thbs1,Col3a1,Sfrp2,Mme,Gpm6a,Tmem59l,Fgf1,Rcan1,Rgcc,Fam107a,Sorl1,Egr2,Klk6,Tnnt2,S100a1,Lrrn1,Tacstd2,Svep1,S100a9,Itgax,Dact1,Rbm11"
"GO:0032501","multicellular organismal process",9056,27,7.20091832519694e-06,0.000414277832396486,"Mbp,Col1a1,Thbs1,Col3a1,Sfrp2,Mme,Gpm6a,Tmem59l,Fgf1,Rcan1,Rgcc,Mlip,Fam107a,Sorl1,Egr2,Adam33,Klk6,Il17b,Tnnt2,S100a1,Tac1,Lrrn1,Tacstd2,Svep1,S100a9,Itgax,Dact1"
"GO:0007162","negative regulation of cell adhesion",327,6,7.886656387942e-06,0.000427039247358859,"Mbp,Col1a1,Thbs1,Rgcc,Fam107a,Tacstd2"
"GO:1901342","regulation of vasculature development",327,6,7.886656387942e-06,0.000427039247358859,"Thbs1,Sfrp2,Fgf1,Rgcc,S100a1,Itgax"
"GO:0045766","positive regulation of angiogenesis",188,5,8.1489874755573e-06,0.000428636741214314,"Thbs1,Sfrp2,Fgf1,S100a1,Itgax"
"GO:1904018","positive regulation of vasculature development",191,5,8.79945815001689e-06,0.000449994512616141,"Thbs1,Sfrp2,Fgf1,S100a1,Itgax"
"GO:0007155","cell adhesion",1547,11,9.52157169961746e-06,0.000473762526999885,"Mbp,Col1a1,Thbs1,Col3a1,Rgcc,Fam107a,Chst2,Tacstd2,Svep1,S100a9,Itgax"
"GO:0071363","cellular response to growth factor stimulus",769,8,1.35592936454379e-05,0.000656912094769768,"Col1a1,Thbs1,Col3a1,Sfrp2,Fgf1,Rgcc,Sorl1,Tac1"
"GO:2000026","regulation of multicellular organismal development",1641,11,1.66063117108759e-05,0.000754574286213132,"Mbp,Thbs1,Sfrp2,Mme,Fgf1,Rgcc,Sorl1,Egr2,S100a1,Lrrn1,Itgax"
"GO:0051128","regulation of cellular component organization",2712,14,1.67705664622566e-05,0.000754574286213132,"Mbp,Sfrp2,Gpm6a,Rgcc,Fam107a,Sorl1,Rnd3,Klk6,Tubb4a,Tac1,Lrrn1,Tacstd2,S100a9,Dact1"
"GO:0048646","anatomical structure formation involved in morphogenesis",1333,10,1.68047505348932e-05,0.000754574286213132,"Col1a1,Thbs1,Col3a1,Sfrp2,Fgf1,Rgcc,Egr2,Tnnt2,S100a1,Itgax"
"GO:0070848","response to growth factor",801,8,1.81916206981201e-05,0.000797399373934263,"Col1a1,Thbs1,Col3a1,Sfrp2,Fgf1,Rgcc,Sorl1,Tac1"
"GO:0097435","supramolecular fiber organization",827,8,2.28783657745152e-05,0.000963761227494668,"Col3a1,Rgcc,Fam107a,Rnd3,Tubb4a,Tnnt2,Tac1,Tacstd2"
"GO:0071495","cellular response to endogenous stimulus",1383,10,2.30993906823603e-05,0.000963761227494668,"Col1a1,Thbs1,Col3a1,Sfrp2,Fgf1,Rgcc,Ptgfr,Fam107a,Sorl1,Tac1"
"GO:0007399","nervous system development",2794,14,2.35574444526127e-05,0.000963761227494668,"Mbp,Col3a1,Sfrp2,Mme,Gpm6a,Fgf1,Fam107a,Sorl1,Egr2,Klk6,Lrrn1,S100a9,Itgax,Dact1"
"GO:0007160","cell-matrix adhesion",244,5,2.86167084772109e-05,0.00114529044144663,"Thbs1,Col3a1,Fam107a,Svep1,Itgax"
"GO:0044087","regulation of cellular component biogenesis",1128,9,2.98938249131564e-05,0.00117094748223662,"Gpm6a,Rgcc,Fam107a,Sorl1,Tubb4a,Tac1,Lrrn1,Tacstd2,Dact1"
"GO:0032970","regulation of actin filament-based process",421,6,3.2814839953768e-05,0.00120425410329505,"Rgcc,Fam107a,Rnd3,Tnnt2,Tac1,Tacstd2"
"GO:0010647","positive regulation of cell communication",2115,12,3.29630579640991e-05,0.00120425410329505,"Col1a1,Thbs1,Col3a1,Sfrp2,Mme,Fgf1,Fam107a,Sorl1,Klk6,Tac1,S100a9,Dact1"
"GO:0023056","positive regulation of signaling",2115,12,3.29630579640991e-05,0.00120425410329505,"Col1a1,Thbs1,Col3a1,Sfrp2,Mme,Fgf1,Fam107a,Sorl1,Klk6,Tac1,S100a9,Dact1"
"GO:0010604","positive regulation of macromolecule metabolic process",3294,15,3.3360651422079e-05,0.00120425410329505,"Mbp,Col1a1,Thbs1,Sfrp2,Fgf1,Rgcc,Ptgfr,Fam107a,Sorl1,Egr2,Nnmt,Il17b,Tac1,Itgax,Dact1"
"GO:1901509","regulation of endothelial tube morphogenesis",7,2,4.43931236863309e-05,0.00157168732127952,"Fgf1,Itgax"
"GO:0001816","cytokine production",913,8,4.62488529781617e-05,0.00160649317609048,"Mbp,Thbs1,Col3a1,Rgcc,Sorl1,Adam33,Il17b,Tac1"
"GO:0044057","regulation of system process",672,7,5.01067023809349e-05,0.0017082673904315,"Mlip,Egr2,Tnnt2,S100a1,Tac1,Svep1,Itgax"
"GO:1903670","regulation of sprouting angiogenesis",49,3,5.22427590437133e-05,0.00174870762544502,"Thbs1,Fgf1,S100a1"
"GO:0022603","regulation of anatomical structure morphogenesis",958,8,6.48970705317392e-05,0.00210814828445181,"Mbp,Thbs1,Sfrp2,Fgf1,Rgcc,S100a1,Tacstd2,Itgax"
"GO:0048514","blood vessel morphogenesis",701,7,6.53832176458621e-05,0.00210814828445181,"Thbs1,Col3a1,Sfrp2,Fgf1,Rgcc,S100a1,Itgax"
"GO:0007015","actin filament organization",478,6,6.64164043988076e-05,0.00210814828445181,"Rgcc,Fam107a,Rnd3,Tnnt2,Tac1,Tacstd2"
"GO:0031646","positive regulation of nervous system process",56,3,7.8043669009538e-05,0.00243522702790779,"Egr2,Tac1,Itgax"
"GO:0051241","negative regulation of multicellular organismal process",1306,9,9.31982996890078e-05,0.00284025258777739,"Mbp,Thbs1,Sfrp2,Rgcc,Mlip,Sorl1,Tac1,Tacstd2,Svep1"
"GO:0030036","actin cytoskeleton organization",743,7,9.41094013331999e-05,0.00284025258777739,"Rgcc,Fam107a,Rnd3,Tnnt2,Tac1,Tacstd2,S100a9"
"GO:0048729","tissue morphogenesis",745,7,9.56997918798033e-05,0.00284166640081803,"Col3a1,Sfrp2,Tmem59l,Fgf1,Tnnt2,Tacstd2,Itgax"
"GO:0050896","response to stimulus",10946,28,9.82704038387419e-05,0.00287167957884323,"Mbp,Col1a1,Thbs1,Col3a1,Sfrp2,Mme,Gpm6a,Fgf1,Rcan1,Rgcc,Mlip,C7,Ptgfr,Fam107a,Chst2,Sorl1,Egr2,Rnd3,Klk6,Il17b,Tnnt2,Tac1,Svep1,S100a9,Itgax,Dact1,Rbm11,Dclk3"
"GO:0097530","granulocyte migration",166,4,0.000103934378994122,0.00298973737075278,"Thbs1,Il17b,Tac1,S100a9"
"GO:0060255","regulation of macromolecule metabolic process",6099,20,0.000107527836406334,0.00304551918190863,"Mbp,Col1a1,Thbs1,Sfrp2,Fgf1,Rgcc,Mlip,Ptgfr,Fam107a,Sorl1,Egr2,Nnmt,Adam33,Il17b,S100a1,Tac1,S100a9,Itgax,Dact1,Rbm11"
"GO:0030336","negative regulation of cell migration",328,5,0.000116041732079658,0.00323686104179773,"Thbs1,Col3a1,Sfrp2,Rgcc,Tacstd2"
"GO:0009893","positive regulation of metabolic process",3674,15,0.000120248875191504,0.00330415192876954,"Mbp,Col1a1,Thbs1,Sfrp2,Fgf1,Rgcc,Ptgfr,Fam107a,Sorl1,Egr2,Nnmt,Il17b,Tac1,Itgax,Dact1"
"GO:0009628","response to abiotic stimulus",1354,9,0.000122765367874589,0.00332369179789881,"Col1a1,Thbs1,Col3a1,Sfrp2,Mme,Fgf1,Rcan1,Rgcc,Tac1"
"GO:0030199","collagen fibril organization",67,3,0.000133370297884723,0.00355847417979384,"Col1a1,Col3a1,Sfrp2"
"GO:0007167","enzyme-linked receptor protein signaling pathway",1066,8,0.000136454862712067,0.00358876288932736,"Col1a1,Thbs1,Col3a1,Sfrp2,Fgf1,Rgcc,Sorl1,Svep1"
"GO:2000146","negative regulation of cell motility",344,5,0.000144951864709289,0.00369520705428194,"Thbs1,Col3a1,Sfrp2,Rgcc,Tacstd2"
"GO:0061448","connective tissue development",345,5,0.000146926222457502,0.00369520705428194,"Col1a1,Thbs1,Col3a1,Sfrp2,Sorl1"
"GO:0051017","actin filament bundle assembly",182,4,0.000148141500477564,0.00369520705428194,"Rgcc,Fam107a,Tac1,Tacstd2"
"GO:0001658","branching involved in ureteric bud morphogenesis",70,3,0.000151934460899122,0.00369520705428194,"Tmem59l,Fgf1,Tacstd2"
"GO:0051493","regulation of cytoskeleton organization",556,6,0.000151969736958743,0.00369520705428194,"Rgcc,Fam107a,Rnd3,Tubb4a,Tac1,Tacstd2"
"GO:0009889","regulation of biosynthetic process",5711,19,0.000152545212452704,0.00369520705428194,"Mbp,Col1a1,Thbs1,Sfrp2,Fgf1,Rgcc,Mlip,Ptgfr,Sorl1,Egr2,Nnmt,Adam33,Il17b,S100a1,Tac1,S100a9,Itgax,Dact1,Rbm11"
"GO:0022008","neurogenesis",2099,11,0.000157579077446088,0.00372303762464267,"Mbp,Col3a1,Sfrp2,Mme,Gpm6a,Fgf1,Sorl1,Egr2,Klk6,S100a9,Dact1"
"GO:0061572","actin filament bundle organization",185,4,0.000157738693493823,0.00372303762464267,"Rgcc,Fam107a,Tac1,Tacstd2"
"GO:0040013","negative regulation of locomotion",363,5,0.000186124047696615,0.00424129312611672,"Thbs1,Col3a1,Sfrp2,Rgcc,Tacstd2"
"GO:0060350","endochondral bone morphogenesis",75,3,0.00018646835120023,0.00424129312611672,"Col1a1,Thbs1,Col3a1"
"GO:0006950","response to stress",4288,16,0.000188094622332025,0.00424129312611672,"Col1a1,Thbs1,Col3a1,Fgf1,Rcan1,Rgcc,Mlip,C7,Ptgfr,Chst2,Il17b,Tac1,Svep1,S100a9,Itgax,Rbm11"
"GO:0009891","positive regulation of biosynthetic process",2942,13,0.000188911480902537,0.00424129312611672,"Mbp,Col1a1,Thbs1,Sfrp2,Fgf1,Rgcc,Ptgfr,Sorl1,Egr2,Nnmt,Il17b,Tac1,Itgax"
"GO:1905330","regulation of morphogenesis of an epithelium",76,3,0.000193933896207333,0.00430159401105663,"Fgf1,Tacstd2,Itgax"
"GO:0032956","regulation of actin cytoskeleton organization",368,5,0.000198312021404056,0.00434186582343432,"Rgcc,Fam107a,Rnd3,Tac1,Tacstd2"
"GO:0048754","branching morphogenesis of an epithelial tube",197,4,0.000200671331518716,0.00434186582343432,"Sfrp2,Tmem59l,Fgf1,Tacstd2"
"GO:0001819","positive regulation of cytokine production",587,6,0.000203852673397773,0.00434186582343432,"Mbp,Thbs1,Rgcc,Sorl1,Il17b,Tac1"
"GO:0030029","actin filament-based process",845,7,0.000208386011636065,0.00434186582343432,"Rgcc,Fam107a,Rnd3,Tnnt2,Tac1,Tacstd2,S100a9"
"GO:0060675","ureteric bud morphogenesis",78,3,0.000209441065521847,0.00434186582343432,"Tmem59l,Fgf1,Tacstd2"
"GO:0030155","regulation of cell adhesion",846,7,0.000209900085978085,0.00434186582343432,"Mbp,Col1a1,Thbs1,Rgcc,Fam107a,Chst2,Tacstd2"
"GO:0051960","regulation of nervous system development",593,6,0.000215344146286297,0.00439706642711088,"Mbp,Mme,Sorl1,Egr2,Lrrn1,Itgax"
"GO:0001525","angiogenesis",595,6,0.000219286487257191,0.00439706642711088,"Thbs1,Sfrp2,Fgf1,Rgcc,S100a1,Itgax"
"GO:0045595","regulation of cell differentiation",1809,10,0.000219837463226622,0.00439706642711088,"Mbp,Col1a1,Sfrp2,Mme,Rcan1,Rgcc,Sorl1,Egr2,Tacstd2,Dact1"
"GO:0048584","positive regulation of response to stimulus",2578,12,0.000224247958052004,0.00439706642711088,"Col1a1,Thbs1,Col3a1,Sfrp2,Fgf1,Rgcc,C7,Sorl1,Klk6,Tac1,S100a9,Dact1"
"GO:0141091","transforming growth factor beta receptor superfamily signaling pathway",378,5,0.000224510724686813,0.00439706642711088,"Thbs1,Col3a1,Sfrp2,Rgcc,Sorl1"
"GO:0072171","mesonephric tubule morphogenesis",82,3,0.000242819480626512,0.00470558593508852,"Tmem59l,Fgf1,Tacstd2"
"GO:0010468","regulation of gene expression",5386,18,0.000246739564236842,0.00473174518500027,"Mbp,Col1a1,Thbs1,Sfrp2,Fgf1,Rgcc,Mlip,Ptgfr,Sorl1,Egr2,Adam33,Il17b,S100a1,Tac1,S100a9,Itgax,Dact1,Rbm11"
"GO:0048513","animal organ development",3492,14,0.000274156831008288,0.00518359919100278,"Col1a1,Thbs1,Col3a1,Sfrp2,Mme,Gpm6a,Tmem59l,Fgf1,Rcan1,Rgcc,Sorl1,Egr2,Tnnt2,Tacstd2"
"GO:0030335","positive regulation of cell migration",621,6,0.000275933036783418,0.00518359919100278,"Col1a1,Thbs1,Fgf1,Fam107a,Tac1,Itgax"
"GO:0009887","animal organ morphogenesis",1188,8,0.000286035970838686,0.00531911335670728,"Col1a1,Thbs1,Col3a1,Sfrp2,Tmem59l,Fgf1,Tnnt2,Tacstd2"
"GO:0060562","epithelial tube morphogenesis",407,5,0.000315573322746021,0.00572202642882499,"Sfrp2,Tmem59l,Fgf1,Tacstd2,Itgax"
"GO:0001817","regulation of cytokine production",906,7,0.000318538894488137,0.00572202642882499,"Mbp,Thbs1,Rgcc,Sorl1,Adam33,Il17b,Tac1"
"GO:0010556","regulation of macromolecule biosynthetic process",5493,18,0.000319386876566112,0.00572202642882499,"Mbp,Col1a1,Thbs1,Sfrp2,Fgf1,Rgcc,Mlip,Ptgfr,Sorl1,Egr2,Adam33,Il17b,S100a1,Tac1,S100a9,Itgax,Dact1,Rbm11"
"GO:0070486","leukocyte aggregation",18,2,0.000320135101667015,0.00572202642882499,"Thbs1,S100a9"
"GO:0031032","actomyosin structure organization",224,4,0.000327231041576666,0.00578702703478438,"Rgcc,Tnnt2,Tac1,Tacstd2"
"GO:0072078","nephron tubule morphogenesis",91,3,0.000330058576128386,0.00578702703478438,"Tmem59l,Fgf1,Tacstd2"
"GO:0050900","leukocyte migration",414,5,0.000341239446997615,0.00592662096153405,"Thbs1,Chst2,Il17b,Tac1,S100a9"
"GO:2000147","positive regulation of cell motility",649,6,0.00034924132508554,0.00597945183447309,"Col1a1,Thbs1,Fgf1,Fam107a,Tac1,Itgax"
"GO:0072088","nephron epithelium morphogenesis",93,3,0.000351840291032859,0.00597945183447309,"Tmem59l,Fgf1,Tacstd2"
"GO:0003159","morphogenesis of an endothelium",19,2,0.000357464757088128,0.00597945183447309,"Fgf1,Itgax"
"GO:0061154","endothelial tube morphogenesis",19,2,0.000357464757088128,0.00597945183447309,"Fgf1,Itgax"
"GO:0042060","wound healing",419,5,0.000360520995994847,0.00597945183447309,"Thbs1,Col3a1,Fgf1,Svep1,S100a9"
"GO:0007178","cell surface receptor protein serine/threonine kinase signaling pathway",420,5,0.000364474479720165,0.00599104926040021,"Thbs1,Col3a1,Sfrp2,Rgcc,Sorl1"
"GO:0072028","nephron morphogenesis",95,3,0.000374527894940219,0.00608680675147014,"Tmem59l,Fgf1,Tacstd2"
"GO:0023052","signaling",7797,22,0.000376912531052469,0.00608680675147014,"Mbp,Col1a1,Thbs1,Col3a1,Sfrp2,Mme,Fgf1,Rcan1,Rgcc,Sv2b,Ptgfr,Fam107a,Sorl1,Rnd3,Klk6,Il17b,Tac1,Svep1,S100a9,Itgax,Dact1,Dclk3"
"GO:0019222","regulation of metabolic process",6656,20,0.000384353456027851,0.00615299750041107,"Mbp,Col1a1,Thbs1,Sfrp2,Fgf1,Rgcc,Mlip,Ptgfr,Fam107a,Sorl1,Egr2,Nnmt,Adam33,Il17b,S100a1,Tac1,S100a9,Itgax,Dact1,Rbm11"
"GO:0061138","morphogenesis of a branching epithelium",235,4,0.000392324722483773,0.0062264639145916,"Sfrp2,Tmem59l,Fgf1,Tacstd2"
"GO:0061333","renal tubule morphogenesis",97,3,0.000398137205169014,0.00626470593774492,"Tmem59l,Fgf1,Tacstd2"
"GO:0007154","cell communication",7834,22,0.000405818532628103,0.00632651250616301,"Mbp,Col1a1,Thbs1,Col3a1,Sfrp2,Mme,Fgf1,Rcan1,Rgcc,Sv2b,Ptgfr,Fam107a,Sorl1,Rnd3,Klk6,Il17b,Tac1,Svep1,S100a9,Itgax,Dact1,Dclk3"
"GO:0050678","regulation of epithelial cell proliferation",431,5,0.000410168129944514,0.00632651250616301,"Thbs1,Sfrp2,Fgf1,Rgcc,Tacstd2"
"GO:0040017","positive regulation of locomotion",670,6,0.000413649019629906,0.00632651250616301,"Col1a1,Thbs1,Fgf1,Fam107a,Tac1,Itgax"
"GO:0051216","cartilage development",239,4,0.000418139652838992,0.00632651250616301,"Col1a1,Thbs1,Col3a1,Sfrp2"
"GO:0042221","response to chemical",5610,18,0.000420015484582066,0.00632651250616301,"Mbp,Col1a1,Thbs1,Col3a1,Sfrp2,Mme,Fgf1,Rcan1,Rgcc,Ptgfr,Fam107a,Sorl1,Egr2,Il17b,Tnnt2,Tac1,S100a9,Rbm11"
"GO:0051492","regulation of stress fiber assembly",99,3,0.00042268388824446,0.00632651250616301,"Rgcc,Tac1,Tacstd2"
"GO:2000027","regulation of animal organ morphogenesis",100,3,0.000435313599362463,0.00635336656251654,"Sfrp2,Fgf1,Tacstd2"
"GO:0030154","cell differentiation",5107,17,0.00043653873031536,0.00635336656251654,"Mbp,Col1a1,Col3a1,Sfrp2,Mme,Gpm6a,Fgf1,Rcan1,Rgcc,Sorl1,Egr2,Klk6,Tnnt2,Tacstd2,S100a9,Dact1,Rbm11"
"GO:0048869","cellular developmental process",5108,17,0.000437589912154889,0.00635336656251654,"Mbp,Col1a1,Col3a1,Sfrp2,Mme,Gpm6a,Fgf1,Rcan1,Rgcc,Sorl1,Egr2,Klk6,Tnnt2,Tacstd2,S100a9,Dact1,Rbm11"
"GO:0010810","regulation of cell-substrate adhesion",242,4,0.000438282212623357,0.00635336656251654,"Col1a1,Thbs1,Fam107a,Tacstd2"
"GO:0043542","endothelial cell migration",247,4,0.000473380814359322,0.00680854749402743,"Thbs1,Fgf1,Rgcc,S100a9"
"GO:0010557","positive regulation of macromolecule biosynthetic process",2796,12,0.000477389405592319,0.00681297593562372,"Mbp,Col1a1,Thbs1,Sfrp2,Fgf1,Rgcc,Ptgfr,Sorl1,Egr2,Il17b,Tac1,Itgax"
"GO:0097529","myeloid leukocyte migration",252,4,0.000510442544783962,0.00722865173036365,"Thbs1,Il17b,Tac1,S100a9"
"GO:0051247","positive regulation of protein metabolic process",701,6,0.000525373422963797,0.00727737327792,"Thbs1,Fgf1,Fam107a,Sorl1,Nnmt,Dact1"
"GO:2001026","regulation of endothelial cell chemotaxis",23,2,0.000526913129938671,0.00727737327792,"Thbs1,Fgf1"
"GO:0010717","regulation of epithelial to mesenchymal transition",107,3,0.000530552448555197,0.00727737327792,"Col1a1,Sfrp2,Rgcc"
"GO:0098609","cell-cell adhesion",987,7,0.000532907503413505,0.00727737327792,"Mbp,Thbs1,Rgcc,Chst2,Svep1,S100a9,Itgax"
"GO:0001763","morphogenesis of a branching structure",255,4,0.000533647687408582,0.00727737327792,"Sfrp2,Tmem59l,Fgf1,Tacstd2"
"GO:2000353","positive regulation of endothelial cell apoptotic process",24,2,0.000574279106386341,0.00772860015694338,"Thbs1,Rgcc"
"GO:0044344","cellular response to fibroblast growth factor stimulus",110,3,0.000575132113797525,0.00772860015694338,"Col1a1,Thbs1,Fgf1"
"GO:0009605","response to external stimulus",2865,12,0.000596664477027992,0.00795985001600386,"Col1a1,Thbs1,Gpm6a,Fgf1,Rcan1,C7,Ptgfr,Il17b,Tnnt2,Tac1,S100a9,Itgax"
"GO:0001657","ureteric bud development",113,3,0.000622041816292421,0.00817984988424533,"Tmem59l,Fgf1,Tacstd2"
"GO:0110020","regulation of actomyosin structure organization",113,3,0.000622041816292421,0.00817984988424533,"Rgcc,Tac1,Tacstd2"
"GO:0060993","kidney morphogenesis",114,3,0.000638204664389557,0.00821632718280541,"Tmem59l,Fgf1,Tacstd2"
"GO:0090263","positive regulation of canonical Wnt signaling pathway",114,3,0.000638204664389557,0.00821632718280541,"Col1a1,Sfrp2,Dact1"
"GO:0090288","negative regulation of cellular response to growth factor stimulus",114,3,0.000638204664389557,0.00821632718280541,"Thbs1,Sfrp2,Sorl1"
"GO:0072080","nephron tubule development",116,3,0.000671330581714429,0.00856185933476588,"Tmem59l,Fgf1,Tacstd2"
"GO:0032231","regulation of actin filament bundle assembly",117,3,0.000688297219742179,0.00856185933476588,"Rgcc,Tac1,Tacstd2"
"GO:0060349","bone morphogenesis",117,3,0.000688297219742179,0.00856185933476588,"Col1a1,Thbs1,Col3a1"
"GO:0072163","mesonephric epithelium development",117,3,0.000688297219742179,0.00856185933476588,"Tmem59l,Fgf1,Tacstd2"
"GO:0072164","mesonephric tubule development",117,3,0.000688297219742179,0.00856185933476588,"Tmem59l,Fgf1,Tacstd2"
"GO:0051246","regulation of protein metabolic process",1358,8,0.000697960757602813,0.00857241474603096,"Thbs1,Sfrp2,Fgf1,Fam107a,Sorl1,Nnmt,S100a9,Dact1"
"GO:0045597","positive regulation of cell differentiation",1033,7,0.00069845856159948,0.00857241474603096,"Col1a1,Sfrp2,Mme,Rgcc,Egr2,Tacstd2,Dact1"
"GO:0071774","response to fibroblast growth factor",118,3,0.000705535341719786,0.00860192426560349,"Col1a1,Thbs1,Fgf1"
"GO:0030194","positive regulation of blood coagulation",27,2,0.000728295402246474,0.00876334533029907,"Thbs1,S100a9"
"GO:1900048","positive regulation of hemostasis",27,2,0.000728295402246474,0.00876334533029907,"Thbs1,S100a9"
"GO:0030038","contractile actin filament bundle assembly",120,3,0.000740833077476465,0.00879918513312369,"Rgcc,Tac1,Tacstd2"
"GO:0043149","stress fiber assembly",120,3,0.000740833077476465,0.00879918513312369,"Rgcc,Tac1,Tacstd2"
"GO:0001823","mesonephros development",121,3,0.000758896189165883,0.00890250789865952,"Tmem59l,Fgf1,Tacstd2"
"GO:0009967","positive regulation of signal transduction",1733,9,0.000763843739267781,0.00890250789865952,"Col1a1,Thbs1,Col3a1,Sfrp2,Fgf1,Sorl1,Klk6,S100a9,Dact1"
"GO:0023051","regulation of signaling",3853,14,0.000764039243882783,0.00890250789865952,"Col1a1,Thbs1,Col3a1,Sfrp2,Mme,Fgf1,Rcan1,Sv2b,Fam107a,Sorl1,Klk6,Tac1,S100a9,Dact1"
"GO:0010646","regulation of cell communication",3858,14,0.00077422472400662,0.00890484989721897,"Col1a1,Thbs1,Col3a1,Sfrp2,Mme,Fgf1,Rcan1,Sv2b,Fam107a,Sorl1,Klk6,Tac1,S100a9,Dact1"
"GO:0061326","renal tubule development",122,3,0.000777237780675621,0.00890484989721897,"Tmem59l,Fgf1,Tacstd2"
"GO:0031643","positive regulation of myelination",28,2,0.000783588095246862,0.00890484989721897,"Egr2,Itgax"
"GO:1903672","positive regulation of sprouting angiogenesis",28,2,0.000783588095246862,0.00890484989721897,"Fgf1,S100a1"
"GO:1903522","regulation of blood circulation",286,4,0.000819380405848653,0.00925447439979982,"Tnnt2,S100a1,Tac1,Svep1"
"GO:0071560","cellular response to transforming growth factor beta stimulus",287,4,0.000830086630182714,0.00931822857418522,"Col1a1,Thbs1,Col3a1,Rgcc"
"GO:0010628","positive regulation of gene expression",1400,8,0.000852091610761525,0.00950727669946648,"Mbp,Thbs1,Rgcc,Ptgfr,Sorl1,Il17b,Tac1,Itgax"
"GO:1990266","neutrophil migration",127,3,0.000873183075306534,0.00968391591348993,"Il17b,Tac1,S100a9"
"GO:0071621","granulocyte chemotaxis",129,3,0.000913570326591829,0.0100711555165003,"Thbs1,Il17b,S100a9"
"GO:0008284","positive regulation of cell population proliferation",1083,7,0.00092249650347691,0.0100815572583322,"Thbs1,Sfrp2,Fgf1,Rgcc,Ptgfr,Tac1,Itgax"
"GO:0120035","regulation of plasma membrane bounded cell projection organization",782,6,0.000930214327551837,0.0100815572583322,"Mbp,Sfrp2,Gpm6a,Klk6,Tacstd2,S100a9"
"GO:0071559","response to transforming growth factor beta",296,4,0.000930942278064356,0.0100815572583322,"Col1a1,Thbs1,Col3a1,Rgcc"
"GO:0050673","epithelial cell proliferation",522,5,0.000973686782194659,0.0104218451512812,"Thbs1,Sfrp2,Fgf1,Rgcc,Tacstd2"
"GO:0060537","muscle tissue development",522,5,0.000973686782194659,0.0104218451512812,"Col3a1,Fgf1,Rcan1,Egr2,Tnnt2"
"GO:0065008","regulation of biological quality",3488,13,0.00100537358072555,0.0106988020931546,"Thbs1,Mme,Gpm6a,Ptgfr,Fam107a,Tnnt2,S100a1,Tac1,Lrrn1,Kcnk5,Svep1,S100a9,Dact1"
"GO:0035767","endothelial cell chemotaxis",32,2,0.00102437831334266,0.0107347455835709,"Thbs1,Fgf1"
"GO:0050820","positive regulation of coagulation",32,2,0.00102437831334266,0.0107347455835709,"Thbs1,S100a9"
"GO:0051129","negative regulation of cellular component organization",797,6,0.00102624401016212,0.0107347455835709,"Mbp,Fam107a,Sorl1,Tubb4a,Tacstd2,Dact1"
"GO:0031344","regulation of cell projection organization",798,6,0.00103290814373477,0.0107434118226876,"Mbp,Sfrp2,Gpm6a,Klk6,Tacstd2,S100a9"
"GO:0042127","regulation of cell population proliferation",1814,9,0.00105865844100383,0.0109493830892587,"Thbs1,Sfrp2,Fgf1,Rgcc,Ptgfr,Adam33,Tac1,Tacstd2,Itgax"
"GO:0008283","cell population proliferation",2207,10,0.00106521163520617,0.0109556124045506,"Thbs1,Col3a1,Sfrp2,Fgf1,Rgcc,Ptgfr,Adam33,Tac1,Tacstd2,Itgax"
"GO:0051093","negative regulation of developmental process",1112,7,0.00107648826319166,0.0110100827363103,"Mbp,Thbs1,Sfrp2,Rcan1,Rgcc,Sorl1,Tacstd2"
"GO:0070887","cellular response to chemical stimulus",2640,11,0.0011314000138942,0.0114636858236644,"Col1a1,Thbs1,Col3a1,Fgf1,Rgcc,Ptgfr,Fam107a,Sorl1,Il17b,S100a9,Rbm11"
"GO:0072009","nephron epithelium development",139,3,0.00113329213465884,0.0114636858236644,"Tmem59l,Fgf1,Tacstd2"
"GO:0048519","negative regulation of biological process",6085,18,0.00117582925815812,0.0118289708430005,"Mbp,Col1a1,Thbs1,Col3a1,Sfrp2,Rcan1,Rgcc,Mlip,Ptgfr,Fam107a,Sorl1,Tubb4a,S100a1,Tac1,Tacstd2,Svep1,Dact1,Dclk3"
"GO:0030030","cell projection organization",1854,9,0.00123538032561522,0.0123605172796609,"Mbp,Sfrp2,Gpm6a,Egr2,Klk6,Tubb4a,Tacstd2,S100a9,Dact1"
"GO:0030198","extracellular matrix organization",323,4,0.00128515798522974,0.012789058653016,"Col1a1,Col3a1,Sfrp2,Rgcc"
"GO:0003401","axis elongation",36,2,0.00129629096272824,0.012796947761016,"Sfrp2,Fgf1"
"GO:0045229","external encapsulating structure organization",324,4,0.00129985292303639,0.012796947761016,"Col1a1,Col3a1,Sfrp2,Rgcc"
"GO:0043062","extracellular structure organization",325,4,0.00131466534717465,0.0128739303412156,"Col1a1,Col3a1,Sfrp2,Rgcc"
"GO:0002040","sprouting angiogenesis",147,3,0.0013311836338451,0.0129667146556023,"Thbs1,Fgf1,S100a1"
"GO:0043537","negative regulation of blood vessel endothelial cell migration",37,2,0.00136909023899899,0.013134914599961,"Thbs1,Rgcc"
"GO:0060485","mesenchyme development",329,4,0.00137510008896254,0.013134914599961,"Col1a1,Thbs1,Sfrp2,Rgcc"
"GO:0060326","cell chemotaxis",333,4,0.00143745532608058,0.013134914599961,"Thbs1,Fgf1,Il17b,S100a9"
"GO:0016043","cellular component organization",7913,21,0.00144877973235258,0.013134914599961,"Mbp,Pmp2,Col1a1,Thbs1,Col3a1,Sfrp2,Gpm6a,Rgcc,Fam107a,Sorl1,Egr2,Rnd3,Klk6,Tubb4a,Tnnt2,Tac1,Lrrn1,Tacstd2,Svep1,S100a9,Dact1"
"GO:0030177","positive regulation of Wnt signaling pathway",152,3,0.00146523531354547,0.013134914599961,"Col1a1,Sfrp2,Dact1"
"GO:0001100","negative regulation of exit from mitosis",1,1,0.00147687524290707,0.013134914599961,"Rgcc"
"GO:0021594","rhombomere formation",1,1,0.00147687524290707,0.013134914599961,"Egr2"
"GO:0021595","rhombomere structural organization",1,1,0.00147687524290707,0.013134914599961,"Egr2"
"GO:0021659","rhombomere 3 structural organization",1,1,0.00147687524290707,0.013134914599961,"Egr2"
"GO:0021660","rhombomere 3 formation",1,1,0.00147687524290707,0.013134914599961,"Egr2"
"GO:0021664","rhombomere 5 morphogenesis",1,1,0.00147687524290707,0.013134914599961,"Egr2"
"GO:0021665","rhombomere 5 structural organization",1,1,0.00147687524290707,0.013134914599961,"Egr2"
"GO:0021666","rhombomere 5 formation",1,1,0.00147687524290707,0.013134914599961,"Egr2"
"GO:0061185","negative regulation of dermatome development",1,1,0.00147687524290707,0.013134914599961,"Sfrp2"
"GO:0061837","neuropeptide processing",1,1,0.00147687524290707,0.013134914599961,"Mme"
"GO:0071306","cellular response to vitamin E",1,1,0.00147687524290707,0.013134914599961,"Col1a1"
"GO:1902955","positive regulation of early endosome to recycling endosome transport",1,1,0.00147687524290707,0.013134914599961,"Sorl1"
"GO:1902997","negative regulation of neurofibrillary tangle assembly",1,1,0.00147687524290707,0.013134914599961,"Sorl1"
"GO:0048565","digestive tract development",153,3,0.00149302391412679,0.0132146972399395,"Col3a1,Sfrp2,Dact1"
"GO:0071604","transforming growth factor beta production",39,2,0.00152043536716381,0.0133929258897061,"Thbs1,Col3a1"
"GO:0090287","regulation of cellular response to growth factor stimulus",341,4,0.00156805739376487,0.0137466364853387,"Thbs1,Sfrp2,Fgf1,Sorl1"
"GO:0008015","blood circulation",584,5,0.00160037248607133,0.0139634395585655,"Mme,Tnnt2,S100a1,Tac1,Svep1"
"GO:0007010","cytoskeleton organization",1550,8,0.00164216455859135,0.0142604950583334,"Rgcc,Fam107a,Rnd3,Tubb4a,Tnnt2,Tac1,Tacstd2,S100a9"
"GO:0001953","negative regulation of cell-matrix adhesion",41,2,0.0016794058518528,0.0145154280434789,"Thbs1,Fam107a"
"GO:0031333","negative regulation of protein-containing complex assembly",161,3,0.00172731741833836,0.0148597727437426,"Sorl1,Tubb4a,Dact1"
"GO:2000045","regulation of G1/S transition of mitotic cell cycle",162,3,0.00175812366836459,0.0150544449928335,"Rgcc,Fam107a,Dact1"
"GO:0009611","response to wounding",600,5,0.0018016964678273,0.0153561259132873,"Thbs1,Col3a1,Fgf1,Svep1,S100a9"
"GO:0060351","cartilage development involved in endochondral bone morphogenesis",44,2,0.00193206306589847,0.0163913737526225,"Col1a1,Thbs1"
"GO:0055123","digestive system development",168,3,0.00195019948081715,0.0164064325938801,"Col3a1,Sfrp2,Dact1"
"GO:0031175","neuron projection development",1233,7,0.00195166145467666,0.0164064325938801,"Mbp,Sfrp2,Gpm6a,Egr2,Klk6,S100a9,Dact1"
"GO:0003013","circulatory system process",613,5,0.0019785399543746,0.016522610798188,"Mme,Tnnt2,S100a1,Tac1,Svep1"
"GO:0031644","regulation of nervous system process",169,3,0.0019834312799563,0.016522610798188,"Egr2,Tac1,Itgax"
"GO:0050680","negative regulation of epithelial cell proliferation",170,3,0.00201701501634073,0.0167266875904652,"Thbs1,Sfrp2,Rgcc"
"GO:0002009","morphogenesis of an epithelium",619,5,0.0020643266187553,0.0170422659422803,"Sfrp2,Tmem59l,Fgf1,Tacstd2,Itgax"
"GO:0071840","cellular component organization or biogenesis",8121,21,0.00208400638898914,0.0171279275095045,"Mbp,Pmp2,Col1a1,Thbs1,Col3a1,Sfrp2,Gpm6a,Rgcc,Fam107a,Sorl1,Egr2,Rnd3,Klk6,Tubb4a,Tnnt2,Tac1,Lrrn1,Tacstd2,Svep1,S100a9,Dact1"
"GO:0001937","negative regulation of endothelial cell proliferation",46,2,0.00210990512590235,0.0171873244990541,"Thbs1,Rgcc"
"GO:0085029","extracellular matrix assembly",46,2,0.00210990512590235,0.0171873244990541,"Col3a1,Rgcc"
"GO:0001837","epithelial to mesenchymal transition",173,3,0.00211989115648035,0.0171925974408825,"Col1a1,Sfrp2,Rgcc"
"GO:0072073","kidney epithelium development",175,3,0.00219025920042711,0.0176853824034487,"Tmem59l,Fgf1,Tacstd2"
"GO:0048583","regulation of response to stimulus",4311,14,0.00233889904247772,0.018803114136251,"Col1a1,Thbs1,Col3a1,Sfrp2,Fgf1,Rcan1,Rgcc,Mlip,C7,Sorl1,Klk6,Tac1,S100a9,Dact1"
"GO:0006954","inflammatory response",938,6,0.00235033188250883,0.0188128738943424,"Thbs1,Ptgfr,Chst2,Il17b,Tac1,S100a9"
"GO:0001822","kidney development",382,4,0.00236965399513635,0.0188854242642685,"Mme,Tmem59l,Fgf1,Tacstd2"
"GO:0051716","cellular response to stimulus",8819,22,0.00240594861766566,0.0190424209807991,"Mbp,Col1a1,Thbs1,Col3a1,Sfrp2,Mme,Fgf1,Rcan1,Rgcc,Ptgfr,Fam107a,Sorl1,Rnd3,Klk6,Il17b,Tac1,Svep1,S100a9,Itgax,Dact1,Rbm11,Dclk3"
"GO:0072006","nephron development",181,3,0.00241004024363182,0.0190424209807991,"Tmem59l,Fgf1,Tacstd2"
"GO:0007517","muscle organ development",385,4,0.00243757119554712,0.0191776434658215,"Col3a1,Rcan1,Egr2,Tnnt2"
"GO:0010594","regulation of endothelial cell migration",183,3,0.00248622677765747,0.0194772063730527,"Thbs1,Fgf1,Rgcc"
"GO:0007613","memory",184,3,0.002524874330579,0.0196961595025252,"Mme,Rcan1,Tac1"
"GO:1901991","negative regulation of mitotic cell cycle phase transition",185,3,0.00256389304987161,0.0199161481215765,"Rgcc,Fam107a,Dact1"
"GO:1902041","regulation of extrinsic apoptotic signaling pathway via death domain receptors",51,2,0.00258710725280457,0.0200120355143412,"Thbs1,Sfrp2"
"GO:0072001","renal system development",395,4,0.00267366573359611,0.0205822909910404,"Mme,Tmem59l,Fgf1,Tacstd2"
"GO:1902806","regulation of cell cycle G1/S phase transition",188,3,0.00268318839644199,0.0205822909910404,"Rgcc,Fam107a,Dact1"
"GO:1902903","regulation of supramolecular fiber organization",399,4,0.00277236144224535,0.0211780805608867,"Rgcc,Tubb4a,Tac1,Tacstd2"
"GO:0048265","response to pain",53,2,0.00279091357581724,0.0212317020375188,"Thbs1,Tac1"
"GO:0007169","cell surface receptor protein tyrosine kinase signaling pathway",680,5,0.00309869383959936,0.0221943090308804,"Col1a1,Thbs1,Fgf1,Sorl1,Svep1"
"GO:0048546","digestive tract morphogenesis",56,2,0.0031103377131815,0.0221943090308804,"Sfrp2,Dact1"
"GO:1900271","regulation of long-term synaptic potentiation",56,2,0.0031103377131815,0.0221943090308804,"Mme,Fam107a"
"GO:0050807","regulation of synapse organization",415,4,0.00319225289731624,0.0224586708925473,"Gpm6a,Fam107a,Lrrn1,Dact1"
"GO:0050890","cognition",415,4,0.00319225289731624,0.0224586708925473,"Mme,Rcan1,Fam107a,Tac1"
"GO:0042552","myelination",200,3,0.00319452802646984,0.0224586708925473,"Mbp,Egr2,Itgax"
"GO:0007165","signal transduction",7185,19,0.00319618238666344,0.0224586708925473,"Mbp,Col1a1,Thbs1,Col3a1,Sfrp2,Fgf1,Rcan1,Rgcc,Ptgfr,Sorl1,Rnd3,Klk6,Il17b,Tac1,Svep1,S100a9,Itgax,Dact1,Dclk3"
"GO:0010596","negative regulation of endothelial cell migration",57,2,0.00322044833759032,0.0225431383631323,"Thbs1,Rgcc"
"GO:0007596","blood coagulation",202,3,0.00328515653057374,0.022908989290857,"Thbs1,Svep1,S100a9"
"GO:0051496","positive regulation of stress fiber assembly",58,2,0.00333236806318046,0.0231505268087367,"Rgcc,Tac1"
"GO:0007272","ensheathment of neurons",204,3,0.00337735333817377,0.0232872939909285,"Mbp,Egr2,Itgax"
"GO:0008366","axon ensheathment",204,3,0.00337735333817377,0.0232872939909285,"Mbp,Egr2,Itgax"
"GO:0050817","coagulation",205,3,0.00342404258851071,0.0235008387477147,"Thbs1,Svep1,S100a9"
"GO:0010718","positive regulation of epithelial to mesenchymal transition",59,2,0.00344609159359059,0.0235008387477147,"Col1a1,Rgcc"
"GO:0050803","regulation of synapse structure or activity",424,4,0.00344661947956707,0.0235008387477147,"Gpm6a,Fam107a,Lrrn1,Dact1"
"GO:0007599","hemostasis",206,3,0.00347112718019821,0.0235806093680624,"Thbs1,Svep1,S100a9"
"GO:0007369","gastrulation",207,3,0.00351860818739515,0.0238152855624797,"Mbp,Sfrp2,Dact1"
"GO:0034113","heterotypic cell-cell adhesion",60,2,0.00356161364344273,0.023930404078752,"Mbp,Itgax"
"GO:2000351","regulation of endothelial cell apoptotic process",60,2,0.00356161364344273,0.023930404078752,"Thbs1,Rgcc"
"GO:0003008","system process",3520,12,0.00361982277980123,0.0242330681367784,"Mbp,Col1a1,Mme,Rcan1,Mlip,Fam107a,Egr2,Tnnt2,S100a1,Tac1,Svep1,Itgax"
"GO:0035567","non-canonical Wnt signaling pathway",61,2,0.00367892893832272,0.0244509320413434,"Sfrp2,Dact1"
"GO:2000134","negative regulation of G1/S transition of mitotic cell cycle",61,2,0.00367892893832272,0.0244509320413434,"Fam107a,Dact1"
"GO:0008016","regulation of heart contraction",212,3,0.00376199657365451,0.0249130780291294,"Tnnt2,S100a1,Tac1"
"GO:0009987","cellular process",20947,37,0.00388712023814497,0.0256494206395157,"Mbp,Pmp2,Col1a1,Thbs1,Col3a1,Sfrp2,Mme,Gpm6a,Fgf1,Rcan1,Rgcc,Sv2b,Mlip,C7,Ptgfr,Fam107a,Chst2,Sorl1,Egr2,Nnmt,Rnd3,Adam33,Klk6,Il17b,Tubb4a,Tnnt2,S100a1,Tac1,Lrrn1,Tacstd2,Kcnk5,Svep1,S100a9,Itgax,Dact1,Rbm11,Dclk3"
"GO:0007507","heart development",720,5,0.00395443591675792,0.0260004161526833,"Thbs1,Col3a1,Sfrp2,Fgf1,Tnnt2"
"GO:0030514","negative regulation of BMP signaling pathway",64,2,0.00404158171303595,0.0264788325042676,"Sfrp2,Sorl1"
"GO:0031641","regulation of myelination",65,2,0.00416601746248001,0.0267929521278769,"Egr2,Itgax"
"GO:0010467","gene expression",9171,22,0.00419601443451762,0.0267929521278769,"Mbp,Col1a1,Thbs1,Col3a1,Sfrp2,Mme,Fgf1,Rgcc,Mlip,Ptgfr,Sorl1,Egr2,Adam33,Klk6,Il17b,S100a1,Tac1,Svep1,S100a9,Itgax,Dact1,Rbm11"
"GO:0048666","neuron development",1416,7,0.0042324244385265,0.0267929521278769,"Mbp,Sfrp2,Gpm6a,Egr2,Klk6,S100a9,Dact1"
"GO:0048699","generation of neurons",1806,8,0.00425155069514112,0.0267929521278769,"Mbp,Col3a1,Sfrp2,Gpm6a,Egr2,Klk6,S100a9,Dact1"
"GO:0031399","regulation of protein modification process",450,4,0.00425863447026535,0.0267929521278769,"Sfrp2,Fgf1,Fam107a,Nnmt"
"GO:0050435","amyloid-beta metabolic process",66,2,0.00429222024865685,0.0267929521278769,"Mme,Sorl1"
"GO:0072577","endothelial cell apoptotic process",66,2,0.00429222024865685,0.0267929521278769,"Thbs1,Rgcc"
"GO:0120036","plasma membrane bounded cell projection organization",1809,8,0.00429464198616369,0.0267929521278769,"Mbp,Sfrp2,Gpm6a,Egr2,Klk6,Tacstd2,S100a9,Dact1"
"GO:0007179","transforming growth factor beta receptor signaling pathway",224,3,0.00438744489928371,0.0267929521278769,"Thbs1,Col3a1,Rgcc"
"GO:0090303","positive regulation of wound healing",68,2,0.00454990610587803,0.0273737815062792,"Thbs1,S100a9"
"GO:1902807","negative regulation of cell cycle G1/S phase transition",68,2,0.00454990610587803,0.0273737815062792,"Fam107a,Dact1"
"GO:0000082","G1/S transition of mitotic cell cycle",231,3,0.00477975135303656,0.028662938895571,"Rgcc,Fam107a,Dact1"
"GO:0032233","positive regulation of actin filament bundle assembly",70,2,0.004814597742202,0.0287781637772529,"Rgcc,Tac1"
"GO:0030193","regulation of blood coagulation",72,2,0.00508625378776268,0.030205784591197,"Thbs1,S100a9"
"GO:0032964","collagen biosynthetic process",72,2,0.00508625378776268,0.030205784591197,"Col1a1,Rgcc"
"GO:0030595","leukocyte chemotaxis",238,3,0.00519269034990666,0.030738723261023,"Thbs1,Il17b,S100a9"
"GO:0045600","positive regulation of fat cell differentiation",73,2,0.00522468058297625,0.0308008903158528,"Sfrp2,Dact1"
"GO:0042325","regulation of phosphorylation",239,3,0.00525338379097109,0.0308008903158528,"Thbs1,Sfrp2,Fgf1"
"GO:0045930","negative regulation of mitotic cell cycle",239,3,0.00525338379097109,0.0308008903158528,"Rgcc,Fam107a,Dact1"
"GO:0006935","chemotaxis",479,4,0.0053074494741456,0.0310190935933398,"Thbs1,Fgf1,Il17b,S100a9"
"GO:1900046","regulation of hemostasis",74,2,0.00536483304471087,0.0312552456813693,"Thbs1,S100a9"
"GO:0042330","taxis",481,4,0.00538560865106533,0.031277304500351,"Thbs1,Fgf1,Il17b,S100a9"
"GO:0050767","regulation of neurogenesis",483,4,0.00546453898041197,0.0316359001979196,"Mbp,Mme,Sorl1,Egr2"
"GO:0050818","regulation of coagulation",76,2,0.00565029448660185,0.0319184446590507,"Thbs1,S100a9"
"GO:0040007","growth",1122,6,0.0056630688406377,0.0319184446590507,"Thbs1,Col3a1,Sfrp2,Mme,Fgf1,Fam107a"
"GO:0002685","regulation of leukocyte migration",249,3,0.00588400475816024,0.0319184446590507,"Thbs1,Chst2,Tac1"
"GO:0014706","striated muscle tissue development",494,4,0.00591259360770994,0.0319210698879589,"Fgf1,Rcan1,Egr2,Tnnt2"
"GO:0035904","aorta development",78,2,0.00594259725778486,0.0319892443028712,"Col3a1,Egr2"
"GO:0060348","bone development",253,3,0.00614842663041998,0.0330007388530705,"Col1a1,Thbs1,Col3a1"
"GO:0010632","regulation of epithelial cell migration",80,2,0.00624170067279453,0.0334039852866707,"Tac1,Tacstd2"
"GO:0030324","lung development",255,3,0.00628327160530969,0.0334320896687143,"Col3a1,Mme,Fgf1"
"GO:0060047","heart contraction",255,3,0.00628327160530969,0.0334320896687143,"Tnnt2,S100a1,Tac1"
"GO:0031401","positive regulation of protein modification process",256,3,0.00635135529542117,0.0336969599391077,"Fgf1,Fam107a,Nnmt"
"GO:0030323","respiratory tube development",258,3,0.00648884886160258,0.0343275021672711,"Col3a1,Mme,Fgf1"
"GO:0001503","ossification",508,4,0.0065176252820475,0.0343809402414024,"Col1a1,Sfrp2,Egr2,Tac1"
"GO:0044843","cell cycle G1/S phase transition",259,3,0.00655826023230326,0.0343981683409411,"Rgcc,Fam107a,Dact1"
"GO:0060828","regulation of canonical Wnt signaling pathway",259,3,0.00655826023230326,0.0343981683409411,"Col1a1,Sfrp2,Dact1"
"GO:0003208","cardiac ventricle morphogenesis",83,2,0.00670301842020265,0.0350575480442985,"Sfrp2,Tnnt2"
"GO:0003015","heart process",265,3,0.00698407884576898,0.0359564756373146,"Tnnt2,S100a1,Tac1"
"GO:0048762","mesenchymal cell differentiation",265,3,0.00698407884576898,0.0359564756373146,"Col1a1,Sfrp2,Rgcc"
"GO:0008543","fibroblast growth factor receptor signaling pathway",85,2,0.00701894655724176,0.0359564756373146,"Thbs1,Fgf1"
"GO:0008625","extrinsic apoptotic signaling pathway via death domain receptors",85,2,0.00701894655724176,0.0359564756373146,"Thbs1,Sfrp2"
"GO:0141124","intracellular signaling cassette",1967,8,0.00709041906748057,0.0359564756373146,"Mbp,Thbs1,Col3a1,Fgf1,Rcan1,Rgcc,Rnd3,Dact1"
"GO:0060415","muscle tissue morphogenesis",86,2,0.00717941046618686,0.0359564756373146,"Col3a1,Tnnt2"
"GO:0009612","response to mechanical stimulus",268,3,0.00720303130976301,0.0359564756373146,"Col1a1,Thbs1,Rcan1"
"GO:0048705","skeletal system morphogenesis",268,3,0.00720303130976301,0.0359564756373146,"Col1a1,Thbs1,Col3a1"
"GO:1901988","negative regulation of cell cycle phase transition",268,3,0.00720303130976301,0.0359564756373146,"Rgcc,Fam107a,Dact1"
"GO:1903036","positive regulation of response to wounding",87,2,0.00734153427044924,0.0359564756373146,"Thbs1,S100a9"
"GO:0009059","macromolecule biosynthetic process",9556,22,0.00738410037241231,0.0359633036656377,"Mbp,Col1a1,Thbs1,Col3a1,Sfrp2,Mme,Fgf1,Rgcc,Mlip,Ptgfr,Sorl1,Egr2,Adam33,Klk6,Il17b,S100a1,Tac1,Svep1,S100a9,Itgax,Dact1,Rbm11"
"GO:0060322","head development",844,5,0.00768224405967642,0.0372961302919056,"Col1a1,Col3a1,Sfrp2,Mme,Egr2"
"GO:0043434","response to peptide hormone",533,4,0.00769827784406525,0.0372961302919056,"Col1a1,Col3a1,Sorl1,Egr2"
"GO:0032722","positive regulation of chemokine production",90,2,0.007837815250671,0.0378724878647908,"Mbp,Tac1"
"GO:0090092","regulation of transmembrane receptor protein serine/threonine kinase signaling pathway",278,3,0.00796225230338338,0.0383730536401277,"Thbs1,Sfrp2,Sorl1"
"GO:0018193","peptidyl-amino acid modification",280,3,0.00811955984050309,0.0390290069617916,"Sfrp2,Egr2,S100a9"
"GO:0003151","outflow tract morphogenesis",92,2,0.00817687758807025,0.0392021657282222,"Thbs1,Sfrp2"
"GO:0110053","regulation of actin filament organization",283,3,0.00835895944791207,0.0396463982663981,"Rgcc,Tac1,Tacstd2"
"GO:0032886","regulation of microtubule-based process",284,3,0.00843967863953373,0.0396463982663981,"Fam107a,Tubb4a,Tac1"
"GO:0030593","neutrophil chemotaxis",94,2,0.00852246048552487,0.0396463982663981,"Il17b,S100a9"
"GO:0033043","regulation of organelle organization",1227,6,0.0086613109902768,0.0396463982663981,"Rgcc,Fam107a,Rnd3,Tubb4a,Tac1,Tacstd2"
"GO:0001667","ameboidal-type cell migration",287,3,0.00868460255854185,0.0396463982663981,"Thbs1,Tac1,Tacstd2"
"GO:0045444","fat cell differentiation",287,3,0.00868460255854185,0.0396463982663981,"Sfrp2,Egr2,Dact1"
"GO:0048644","muscle organ morphogenesis",95,2,0.00869768484231164,0.0396463982663981,"Col3a1,Tnnt2"
"GO:1901700","response to oxygen-containing compound",2039,8,0.00875273901236634,0.0396463982663981,"Mbp,Col1a1,Thbs1,Col3a1,Ptgfr,Sorl1,Egr2,Tac1"
"GO:0060541","respiratory system development",290,3,0.00893368827695548,0.0399761575444063,"Col3a1,Mme,Fgf1"
"GO:0048589","developmental growth",876,5,0.00894632097137176,0.0399761575444063,"Thbs1,Col3a1,Sfrp2,Mme,Fgf1"
"GO:0007166","cell surface receptor signaling pathway",2960,10,0.00909920551241108,0.0405608652502392,"Col1a1,Thbs1,Col3a1,Sfrp2,Fgf1,Rgcc,Sorl1,Svep1,Itgax,Dact1"
"GO:0033002","muscle cell proliferation",293,3,0.0091869512280691,0.0408060141680162,"Thbs1,Fgf1,Rgcc"
"GO:0007610","behavior",882,5,0.00919853116769513,0.0408060141680162,"Thbs1,Mme,Rcan1,Egr2,Tac1"
"GO:0006952","defense response",2058,8,0.00923717251197133,0.0408789293137962,"Thbs1,C7,Ptgfr,Chst2,Il17b,Tac1,S100a9,Itgax"
"GO:0048468","cell development",3477,11,0.00978943232976614,0.0432190525637877,"Mbp,Sfrp2,Mme,Gpm6a,Rcan1,Sorl1,Egr2,Klk6,Tnnt2,S100a9,Dact1"
"GO:0043535","regulation of blood vessel endothelial cell migration",102,2,0.00996921323121978,0.0439074678437216,"Thbs1,Rgcc"
"GO:0010975","regulation of neuron projection development",579,4,0.0102245499312434,0.0441738287816078,"Mbp,Sfrp2,Klk6,S100a9"
"GO:0003007","heart morphogenesis",305,3,0.010242069141644,0.0441738287816078,"Thbs1,Sfrp2,Tnnt2"
"GO:0048863","stem cell differentiation",305,3,0.010242069141644,0.0441738287816078,"Sfrp2,Gpm6a,Tacstd2"
"GO:0006959","humoral immune response",307,3,0.0104245068527503,0.0446314351532869,"C7,Tac1,S100a9"
"GO:0044089","positive regulation of cellular component biogenesis",583,4,0.0104668221098423,0.0447086299401849,"Gpm6a,Rgcc,Tac1,Lrrn1"
"GO:0001501","skeletal system development",586,4,0.0106509641313281,0.0453898726059608,"Col1a1,Thbs1,Col3a1,Sfrp2"
"GO:0080090","regulation of primary metabolic process",5085,14,0.0107894038467861,0.0458736546926866,"Col1a1,Thbs1,Sfrp2,Fgf1,Rgcc,Mlip,Fam107a,Sorl1,Egr2,Nnmt,S100a1,S100a9,Dact1,Rbm11"
"GO:0010948","negative regulation of cell cycle process",312,3,0.0108888863652534,0.0461899534526071,"Rgcc,Fam107a,Dact1"
"GO:0019538","protein metabolic process",4035,12,0.0109171390123466,0.0462033400499541,"Thbs1,Sfrp2,Mme,Fgf1,Fam107a,Sorl1,Egr2,Nnmt,Adam33,Klk6,S100a9,Dact1"
"GO:0060070","canonical Wnt signaling pathway",317,3,0.0113651479434456,0.0476701421222187,"Col1a1,Sfrp2,Dact1"
"GO:0030510","regulation of BMP signaling pathway",110,2,0.0115171768077942,0.0476701421222187,"Sfrp2,Sorl1"
"GO:0007416","synapse assembly",320,3,0.0116566312517232,0.0476701421222187,"Gpm6a,Fam107a,Lrrn1"
"GO:0032868","response to insulin",320,3,0.0116566312517232,0.0476701421222187,"Col1a1,Sorl1,Egr2"
"GO:0010631","epithelial cell migration",112,2,0.0119196938436226,0.0482289150903501,"Tac1,Tacstd2"
"GO:0030182","neuron differentiation",1721,7,0.0119662719742199,0.0483111989134622,"Mbp,Sfrp2,Gpm6a,Egr2,Klk6,S100a9,Dact1"
"GO:0007218","neuropeptide signaling pathway",113,2,0.0121232551414124,0.048625082168497,"Sorl1,Tac1"
"GO:0007229","integrin-mediated signaling pathway",113,2,0.0121232551414124,0.048625082168497,"Col3a1,Itgax"
"GO:0019233","sensory perception of pain",113,2,0.0121232551414124,0.048625082168497,"Mme,Tac1"
"GO:0043627","response to estrogen",115,2,0.0125349596943768,0.050058266371687,"Mme,Rcan1"
"GO:0090132","epithelium migration",115,2,0.0125349596943768,0.050058266371687,"Tac1,Tacstd2"
"GO:0009058","biosynthetic process",10605,23,0.012664295937581,0.0504121231755582,"Mbp,Col1a1,Thbs1,Col3a1,Sfrp2,Mme,Fgf1,Rgcc,Mlip,Ptgfr,Sorl1,Egr2,Nnmt,Adam33,Klk6,Il17b,S100a1,Tac1,Svep1,S100a9,Itgax,Dact1,Rbm11"
"GO:0031667","response to nutrient levels",617,4,0.0126783340740269,0.0504121231755582,"Col1a1,Sfrp2,Fam107a,Sorl1"
"GO:0010595","positive regulation of endothelial cell migration",116,2,0.0127430935384586,0.0505604206989274,"Thbs1,Fgf1"
"GO:0016525","negative regulation of angiogenesis",117,2,0.0129527421700885,0.0508996749881194,"Thbs1,Rgcc"
"GO:0035556","intracellular signal transduction",3119,10,0.0129684416166659,0.0508996749881194,"Mbp,Thbs1,Col3a1,Fgf1,Rcan1,Rgcc,Rnd3,S100a9,Dact1,Dclk3"
"GO:0032602","chemokine production",118,2,0.0131639009085086,0.0508996749881194,"Mbp,Tac1"
"GO:0032642","regulation of chemokine production",118,2,0.0131639009085086,0.0508996749881194,"Mbp,Tac1"
"GO:0002532","production of molecular mediator involved in inflammatory response",119,2,0.0133765650828448,0.0511433928210756,"Il17b,S100a9"
"GO:0035282","segmentation",119,2,0.0133765650828448,0.0511433928210756,"Sfrp2,Egr2"
"GO:2000181","negative regulation of blood vessel morphogenesis",119,2,0.0133765650828448,0.0511433928210756,"Thbs1,Rgcc"
"GO:0030111","regulation of Wnt signaling pathway",337,3,0.0133900680824326,0.0511433928210756,"Col1a1,Sfrp2,Dact1"
"GO:1901343","negative regulation of vasculature development",120,2,0.0135907300320883,0.0518023478034669,"Thbs1,Rgcc"
"GO:0050806","positive regulation of synaptic transmission",340,3,0.0137104717170248,0.0521507818823194,"Mme,Fam107a,Tac1"
"GO:0090130","tissue migration",121,2,0.0138063911050786,0.0524073526277312,"Tac1,Tacstd2"
"GO:0032355","response to estradiol",123,2,0.0142421830667907,0.0538395462545415,"Col1a1,Ptgfr"
"GO:0048661","positive regulation of smooth muscle cell proliferation",123,2,0.0142421830667907,0.0538395462545415,"Thbs1,Rgcc"
"GO:1901990","regulation of mitotic cell cycle phase transition",346,3,0.0143644110864683,0.0541903295290741,"Rgcc,Fam107a,Dact1"
"GO:0002682","regulation of immune system process",1786,7,0.0144669462190675,0.054465537810436,"Thbs1,Col3a1,Rgcc,C7,Chst2,Tac1,S100a9"
"GO:0034330","cell junction organization",988,5,0.0145063759106049,0.0545025266355585,"Gpm6a,Fam107a,Lrrn1,Svep1,Dact1"
"GO:0048523","negative regulation of cellular process",5830,15,0.0147658024422017,0.0548061336614784,"Mbp,Col1a1,Thbs1,Col3a1,Sfrp2,Rcan1,Rgcc,Mlip,Ptgfr,Fam107a,Sorl1,Tubb4a,S100a1,Tacstd2,Dact1"
"GO:0015908","fatty acid transport",126,2,0.0149069762227413,0.0552187992476192,"Pmp2,Thbs1"
"GO:0060840","artery development",127,2,0.0151315169131003,0.0559379972630875,"Col3a1,Egr2"
"GO:0050886","endocrine process",129,2,0.0155849852404567,0.0573244227593035,"Mme,Tac1"
"GO:0043065","positive regulation of apoptotic process",658,4,0.0157200603759951,0.0573244227593035,"Thbs1,Sfrp2,Rgcc,S100a9"
"GO:0009966","regulation of signal transduction",3214,10,0.0158211191972193,0.0573244227593035,"Col1a1,Thbs1,Col3a1,Sfrp2,Fgf1,Rcan1,Sorl1,Klk6,S100a9,Dact1"
"GO:0002062","chondrocyte differentiation",131,2,0.0160442723916871,0.0573244227593035,"Col3a1,Sfrp2"
"GO:0048545","response to steroid hormone",362,3,0.0161942799662005,0.0574444497452313,"Mbp,Col1a1,Fam107a"
"GO:0033555","multicellular organismal response to stress",132,2,0.01627608664816,0.0576236067678128,"Thbs1,Tac1"
"GO:0043170","macromolecule metabolic process",11482,24,0.0164849022222901,0.0582508733037162,"Mbp,Col1a1,Thbs1,Col3a1,Sfrp2,Mme,Fgf1,Rgcc,Mlip,Ptgfr,Fam107a,Sorl1,Egr2,Nnmt,Adam33,Klk6,Il17b,S100a1,Tac1,Svep1,S100a9,Itgax,Dact1,Rbm11"
"GO:0043534","blood vessel endothelial cell migration",134,2,0.0167440338510203,0.0590531921833878,"Thbs1,Rgcc"
"GO:0007611","learning or memory",369,3,0.0170343973449089,0.0596709123263158,"Mme,Rcan1,Tac1"
"GO:0001952","regulation of cell-matrix adhesion",136,2,0.0172177091901873,0.0596709123263158,"Thbs1,Fam107a"
"GO:0043068","positive regulation of programmed cell death",681,4,0.0176127499251595,0.0596709123263158,"Thbs1,Sfrp2,Rgcc,S100a9"
"GO:0060429","epithelium development",1434,6,0.0176930695199306,0.0596709123263158,"Sfrp2,Tmem59l,Fgf1,Tacstd2,Itgax,Dact1"
"GO:0032963","collagen metabolic process",138,2,0.0176970766595157,0.0596709123263158,"Col1a1,Rgcc"
"GO:0061041","regulation of wound healing",138,2,0.0176970766595157,0.0596709123263158,"Thbs1,S100a9"
"GO:0090090","negative regulation of canonical Wnt signaling pathway",138,2,0.0176970766595157,0.0596709123263158,"Sfrp2,Dact1"
"GO:0032879","regulation of localization",2311,8,0.01780337154079,0.0599195740522748,"Thbs1,Rgcc,Sv2b,Sorl1,Tnnt2,Tac1,S100a9,Dclk3"
"GO:0031640","killing of cells of another organism",139,2,0.0179388837328713,0.0601557102954755,"C7,Tac1"
"GO:0141061","disruption of cell in another organism",139,2,0.0179388837328713,0.0601557102954755,"C7,Tac1"
"GO:0003073","regulation of systemic arterial blood pressure",141,2,0.018426722220058,0.0616792647402305,"Mme,Tac1"
"GO:0051049","regulation of transport",1882,7,0.0188262412204247,0.0623534427888361,"Thbs1,Rgcc,Sv2b,Sorl1,Tnnt2,Tac1,S100a9"
"GO:0042327","positive regulation of phosphorylation",145,2,0.019419172067263,0.0634452505673554,"Thbs1,Fgf1"
"GO:0045786","negative regulation of cell cycle",388,3,0.0194367850733234,0.0634452505673554,"Rgcc,Fam107a,Dact1"
"GO:0050808","synapse organization",705,4,0.0197347482752804,0.0643038434952058,"Gpm6a,Fam107a,Lrrn1,Dact1"
"GO:0050878","regulation of body fluid levels",392,3,0.0199653585782048,0.0648257939020724,"Thbs1,Svep1,S100a9"
"GO:0051962","positive regulation of nervous system development",392,3,0.0199653585782048,0.0648257939020724,"Mme,Egr2,Lrrn1"
"GO:0061844","antimicrobial humoral immune response mediated by antimicrobial peptide",148,2,0.0201780464099733,0.0651315316612127,"Tac1,S100a9"
"GO:0048585","negative regulation of response to stimulus",1918,7,0.0206804420443384,0.0654498245225851,"Thbs1,Col3a1,Sfrp2,Rcan1,Mlip,Sorl1,Dact1"
"GO:0001936","regulation of endothelial cell proliferation",150,2,0.0206908190505945,0.0654498245225851,"Thbs1,Rgcc"
"GO:0030278","regulation of ossification",150,2,0.0206908190505945,0.0654498245225851,"Egr2,Tac1"
"GO:0003158","endothelium development",152,2,0.0212090360265668,0.066745017649418,"Fgf1,Itgax"
"GO:0032368","regulation of lipid transport",152,2,0.0212090360265668,0.066745017649418,"Thbs1,Tac1"
"GO:0051592","response to calcium ion",152,2,0.0212090360265668,0.066745017649418,"Thbs1,Tnnt2"
"GO:0071214","cellular response to abiotic stimulus",404,3,0.0215988126785716,0.0674054079560736,"Col1a1,Sfrp2,Mme"
"GO:0104004","cellular response to environmental stimulus",404,3,0.0215988126785716,0.0674054079560736,"Col1a1,Sfrp2,Mme"
"GO:0045598","regulation of fat cell differentiation",154,2,0.0217326625389791,0.0674054079560736,"Sfrp2,Dact1"
"GO:0050867","positive regulation of cell activation",406,3,0.0218780233815433,0.0674054079560736,"Thbs1,Tac1,Svep1"
"GO:0141060","disruption of anatomical structure in another organism",155,2,0.0219964935373012,0.0674925743369525,"C7,Tac1"
"GO:0003206","cardiac chamber morphogenesis",156,2,0.0222616639373858,0.0680792745992147,"Sfrp2,Tnnt2"
"GO:0003231","cardiac ventricle development",156,2,0.0222616639373858,0.0680792745992147,"Sfrp2,Tnnt2"
"GO:0007417","central nervous system development",1110,5,0.0228235481566652,0.0689504122398987,"Col3a1,Sfrp2,Mme,Egr2,S100a9"
"GO:0019220","regulation of phosphate metabolic process",415,3,0.0231591328889419,0.0689504122398987,"Thbs1,Sfrp2,Fgf1"
"GO:0042063","gliogenesis",415,3,0.0231591328889419,0.0689504122398987,"Col3a1,Egr2,S100a9"
"GO:0051707","response to other organism",1963,7,0.0231762661027936,0.0689504122398987,"Gpm6a,C7,Ptgfr,Tnnt2,Tac1,S100a9,Itgax"
"GO:0043207","response to external biotic stimulus",1967,7,0.0234079346278852,0.0689504122398987,"Gpm6a,C7,Ptgfr,Tnnt2,Tac1,S100a9,Itgax"
"GO:0051174","regulation of phosphorus metabolic process",418,3,0.0235951403539373,0.0693908201143746,"Thbs1,Sfrp2,Fgf1"
"GO:0090101","negative regulation of transmembrane receptor protein serine/threonine kinase signaling pathway",162,2,0.0238805731598535,0.070118237938262,"Sfrp2,Sorl1"
"GO:0050768","negative regulation of neurogenesis",167,2,0.0252657132759209,0.0729062353306746,"Mbp,Sorl1"
"GO:0070507","regulation of microtubule cytoskeleton organization",168,2,0.0255466230806812,0.0736014602371425,"Fam107a,Tubb4a"
"GO:0009607","response to biotic stimulus",2007,7,0.0258149849197178,0.0738120671411491,"Gpm6a,C7,Ptgfr,Tnnt2,Tac1,S100a9,Itgax"
"GO:0048812","neuron projection morphogenesis",766,4,0.0258240438470746,0.0738120671411491,"Mbp,Gpm6a,Egr2,Dact1"
"GO:0050804","modulation of chemical synaptic transmission",768,4,0.0260409437557895,0.0738120671411491,"Mme,Sv2b,Fam107a,Tac1"
"GO:0099177","regulation of trans-synaptic signaling",769,4,0.0261498096650065,0.0738120671411491,"Mme,Sv2b,Fam107a,Tac1"
"GO:0006979","response to oxidative stress",436,3,0.026305400149784,0.0738235391398663,"Col1a1,Rcan1,Rbm11"
"GO:0002687","positive regulation of leukocyte migration",171,2,0.0263970403991685,0.0738555492019288,"Thbs1,Tac1"
"GO:0030178","negative regulation of Wnt signaling pathway",171,2,0.0263970403991685,0.0738555492019288,"Sfrp2,Dact1"
"GO:0007159","leukocyte cell-cell adhesion",438,3,0.0266165074576325,0.0743565860842206,"Thbs1,Chst2,S100a9"
"GO:0033993","response to lipid",1161,5,0.0270712037448697,0.075512251658038,"Mbp,Col1a1,Ptgfr,Fam107a,Tac1"
"GO:0001935","endothelial cell proliferation",174,2,0.0272589018727407,0.0757745652099881,"Thbs1,Rgcc"
"GO:0007420","brain development",782,4,0.0275903704793949,0.0757745652099881,"Col3a1,Sfrp2,Mme,Egr2"
"GO:0120039","plasma membrane bounded cell projection morphogenesis",782,4,0.0275903704793949,0.0757745652099881,"Mbp,Gpm6a,Egr2,Dact1"
"GO:0007584","response to nutrient",176,2,0.0278397786379323,0.0759299637579056,"Col1a1,Sfrp2"
"GO:0050729","positive regulation of inflammatory response",176,2,0.0278397786379323,0.0759299637579056,"Tac1,S100a9"
"GO:2001233","regulation of apoptotic signaling pathway",446,3,0.0278808557850865,0.0759299637579056,"Thbs1,Sfrp2,S100a9"
"GO:0030509","BMP signaling pathway",177,2,0.0281320953473916,0.0763881822043479,"Sfrp2,Sorl1"
"GO:0051961","negative regulation of nervous system development",177,2,0.0281320953473916,0.0763881822043479,"Mbp,Sorl1"
"GO:0048858","cell projection morphogenesis",789,4,0.0283855888263118,0.0769582909052457,"Mbp,Gpm6a,Egr2,Dact1"
"GO:1902904","negative regulation of supramolecular fiber organization",178,2,0.0284256587808621,0.0769582909052457,"Tubb4a,Tacstd2"
"GO:0061061","muscle structure development",791,4,0.0286153139449039,0.0773579926175743,"Col3a1,Rcan1,Egr2,Tnnt2"
"GO:2001235","positive regulation of apoptotic signaling pathway",179,2,0.0287204648290096,0.0774052642811923,"Thbs1,S100a9"
"GO:0044772","mitotic cell cycle phase transition",453,3,0.0290132837149154,0.0774052642811923,"Rgcc,Fam107a,Dact1"
"GO:0051494","negative regulation of cytoskeleton organization",180,2,0.029016509391352,0.0774052642811923,"Tubb4a,Tacstd2"
"GO:0035107","appendage morphogenesis",181,2,0.0293137883762427,0.0776499056124646,"Col3a1,Sfrp2"
"GO:0035108","limb morphogenesis",181,2,0.0293137883762427,0.0776499056124646,"Col3a1,Sfrp2"
"GO:2001236","regulation of extrinsic apoptotic signaling pathway",182,2,0.0296122977008553,0.0783279311311416,"Thbs1,Sfrp2"
"GO:0051047","positive regulation of secretion",457,3,0.0296713202929404,0.0783714500133476,"Rgcc,Tac1,S100a9"
"GO:0045596","negative regulation of cell differentiation",801,4,0.0297807853896497,0.0784714968134462,"Mbp,Sfrp2,Rcan1,Sorl1"
"GO:0016310","phosphorylation",458,3,0.0298370710317286,0.0784714968134462,"Thbs1,Sfrp2,Fgf1"
"GO:1901987","regulation of cell cycle phase transition",458,3,0.0298370710317286,0.0784714968134462,"Rgcc,Fam107a,Dact1"
"GO:0009266","response to temperature stimulus",184,2,0.0302129910819425,0.0788285806690186,"Fgf1,Tac1"
"GO:0071478","cellular response to radiation",184,2,0.0302129910819425,0.0788285806690186,"Sfrp2,Mme"
"GO:1905952","regulation of lipid localization",184,2,0.0302129910819425,0.0788285806690186,"Thbs1,Tac1"
"GO:0051046","regulation of secretion",805,4,0.030254852825667,0.0788285806690186,"Rgcc,Sv2b,Tac1,S100a9"
"GO:0003002","regionalization",461,3,0.0303373012820001,0.0788285806690186,"Sfrp2,Fgf1,Egr2"
"GO:1902905","positive regulation of supramolecular fiber organization",186,2,0.0308185570477899,0.0791912339580895,"Rgcc,Tac1"
"GO:1903034","regulation of response to wounding",186,2,0.0308185570477899,0.0791912339580895,"Thbs1,S100a9"
"GO:0043254","regulation of protein-containing complex assembly",464,3,0.0308419960608094,0.0791912339580895,"Sorl1,Tubb4a,Dact1"
"GO:0006810","transport",4642,12,0.0309365831478204,0.079323467374843,"Pmp2,Col1a1,Thbs1,Gpm6a,Rgcc,Sv2b,Sorl1,Egr2,Tnnt2,Tac1,Kcnk5,S100a9"
"GO:0051302","regulation of cell division",187,2,0.0311231571361873,0.0796908654905713,"Sfrp2,Fgf1"
"GO:0006869","lipid transport",468,3,0.0315218612764482,0.0805996480693627,"Pmp2,Thbs1,Tac1"
"GO:0044419","biological process involved in interspecies interaction between organisms",2098,7,0.0319246522106586,0.0811591777824975,"Gpm6a,C7,Ptgfr,Tnnt2,Tac1,S100a9,Itgax"
"GO:0071772","response to BMP",191,2,0.0323535775887133,0.0818172202483807,"Sfrp2,Sorl1"
"GO:0071773","cellular response to BMP stimulus",191,2,0.0323535775887133,0.0818172202483807,"Sfrp2,Sorl1"
"GO:0015718","monocarboxylic acid transport",192,2,0.0326641676840274,0.082489345276124,"Pmp2,Thbs1"
"GO:0019730","antimicrobial humoral response",193,2,0.0329759437855179,0.0831626198755322,"Tac1,S100a9"
"GO:0009314","response to radiation",479,3,0.0334323093934661,0.0832959714319054,"Col3a1,Sfrp2,Mme"
"GO:0000165","MAPK cascade",832,4,0.0335731748433371,0.0834860906168808,"Mbp,Thbs1,Fgf1,Dact1"
"GO:0071230","cellular response to amino acid stimulus",195,2,0.0336030381027206,0.0834860906168808,"Col1a1,Col3a1"
"GO:0016055","Wnt signaling pathway",482,3,0.033963711042627,0.084268452869914,"Col1a1,Sfrp2,Dact1"
"GO:0001932","regulation of protein phosphorylation",199,2,0.034871284345345,0.0853697267018352,"Sfrp2,Fgf1"
"GO:0021915","neural tube development",199,2,0.034871284345345,0.0853697267018352,"Sfrp2,Dact1"
"GO:0099175","regulation of postsynapse organization",200,2,0.0351912515808892,0.0860386376632364,"Fam107a,Dact1"
"GO:0048660","regulation of smooth muscle cell proliferation",202,2,0.0358346454041381,0.0872228117773039,"Thbs1,Rgcc"
"GO:0010876","lipid localization",493,3,0.0359500943320501,0.0872228117773039,"Pmp2,Thbs1,Tac1"
"GO:0007204","positive regulation of cytosolic calcium ion concentration",203,2,0.0361580641808144,0.0872228117773039,"Ptgfr,Tac1"
"GO:0071229","cellular response to acid chemical",203,2,0.0361580641808144,0.0872228117773039,"Col1a1,Col3a1"
"GO:0035296","regulation of tube diameter",204,2,0.0364826256743059,0.0873400700473306,"S100a1,Svep1"
"GO:0051495","positive regulation of cytoskeleton organization",204,2,0.0364826256743059,0.0873400700473306,"Rgcc,Tac1"
"GO:0097746","blood vessel diameter maintenance",204,2,0.0364826256743059,0.0873400700473306,"S100a1,Svep1"
"GO:0035150","regulation of tube size",205,2,0.0368083260002744,0.0880053612552015,"S100a1,Svep1"
"GO:0002684","positive regulation of immune system process",1262,5,0.036919733452079,0.0881572364270783,"Thbs1,Rgcc,C7,Tac1,S100a9"
"GO:0003205","cardiac chamber development",206,2,0.0371351612828241,0.0885567771006208,"Sfrp2,Tnnt2"
"GO:0045732","positive regulation of protein catabolic process",208,2,0.037792221256206,0.088744233842698,"Sorl1,Dact1"
"GO:1901698","response to nitrogen compound",1271,5,0.0378928040311819,0.0888670728935107,"Col1a1,Thbs1,Col3a1,Sorl1,Egr2"
"GO:0043603","amide metabolic process",506,3,0.0383741592498174,0.0898814595151575,"Mme,Sorl1,Nnmt"
"GO:0048659","smooth muscle cell proliferation",210,2,0.0384537747555544,0.0899534934243656,"Thbs1,Rgcc"
"GO:0055002","striated muscle cell development",211,2,0.0387862269769918,0.0906160455135049,"Rcan1,Tnnt2"
"GO:0007389","pattern specification process",509,3,0.0389452833420432,0.0906345935159171,"Sfrp2,Fgf1,Egr2"
"GO:0007519","skeletal muscle tissue development",213,2,0.0394544632355655,0.0912508377093922,"Rcan1,Egr2"
"GO:0036211","protein modification process",1729,6,0.039641863482688,0.0915692229255065,"Sfrp2,Fgf1,Fam107a,Egr2,Nnmt,S100a9"
"GO:0061024","membrane organization",880,4,0.039985479907173,0.0922472036454955,"Mbp,Pmp2,Thbs1,S100a9"
"GO:0021543","pallium development",215,2,0.0401271165084764,0.0924580994894931,"Col3a1,Mme"
"GO:0062013","positive regulation of small molecule metabolic process",217,2,0.040804156424037,0.0930860619289369,"Fgf1,Nnmt"
"GO:0007346","regulation of mitotic cell cycle",520,3,0.04107685086857,0.0935921812488086,"Rgcc,Fam107a,Dact1"
"GO:0022607","cellular component assembly",4286,11,0.0413327194692709,0.0940587596327907,"Col3a1,Gpm6a,Rgcc,Fam107a,Sorl1,Tubb4a,Tnnt2,Tac1,Lrrn1,Tacstd2,Dact1"
"GO:0098739","import across plasma membrane",220,2,0.0418278751399749,0.0941306325111417,"Thbs1,Kcnk5"
"GO:0120032","regulation of plasma membrane bounded cell projection assembly",220,2,0.0418278751399749,0.0941306325111417,"Gpm6a,Tacstd2"
"GO:0022408","negative regulation of cell-cell adhesion",221,2,0.0421712753578455,0.0943345296886921,"Mbp,Rgcc"
"GO:0051963","regulation of synapse assembly",221,2,0.0421712753578455,0.0943345296886921,"Fam107a,Lrrn1"
"GO:0022407","regulation of cell-cell adhesion",526,3,0.0422642356311512,0.0944277400448415,"Mbp,Rgcc,Chst2"
"GO:0048736","appendage development",222,2,0.0425157496536751,0.094744724647372,"Col3a1,Sfrp2"
"GO:0060173","limb development",222,2,0.0425157496536751,0.094744724647372,"Col3a1,Sfrp2"
"GO:0043009","chordate embryonic development",898,4,0.0425605036846152,0.094744724647372,"Col1a1,Col3a1,Sfrp2,Dact1"
"GO:0000278","mitotic cell cycle",899,4,0.0427062937732559,0.0949544527011645,"Rgcc,Fam107a,Tubb4a,Dact1"
"GO:0060491","regulation of cell projection assembly",223,2,0.042861294292757,0.0951841288214303,"Gpm6a,Tacstd2"
"GO:0001764","neuron migration",224,2,0.0432079055485541,0.0954468112254974,"Col3a1,Gpm6a"
"GO:0031345","negative regulation of cell projection organization",224,2,0.0432079055485541,0.0954468112254974,"Mbp,Tacstd2"
"GO:0050877","nervous system process",2737,8,0.0435301178841055,0.0955730896694158,"Mbp,Col1a1,Mme,Rcan1,Fam107a,Egr2,Tac1,Itgax"
"GO:0050920","regulation of chemotaxis",225,2,0.0435555797026832,0.0955730896694158,"Thbs1,Fgf1"
"GO:0051234","establishment of localization",4883,12,0.0439211646994564,0.0962605526329752,"Pmp2,Col1a1,Thbs1,Gpm6a,Rgcc,Sv2b,Sorl1,Egr2,Tnnt2,Tac1,Kcnk5,S100a9"
"GO:0010562","positive regulation of phosphorus metabolic process",227,2,0.0442541018730883,0.0967092126353179,"Thbs1,Fgf1"
"GO:0045937","positive regulation of phosphate metabolic process",227,2,0.0442541018730883,0.0967092126353179,"Thbs1,Fgf1"
"GO:0060538","skeletal muscle organ development",228,2,0.0446049424932358,0.0967092126353179,"Rcan1,Egr2"
"GO:0051130","positive regulation of cellular component organization",1331,5,0.0447890105500435,0.0967092126353179,"Gpm6a,Rgcc,Tac1,Lrrn1,S100a9"
"GO:0009792","embryo development ending in birth or egg hatching",916,4,0.0452287754055429,0.0975013764889981,"Col1a1,Col3a1,Sfrp2,Dact1"
"GO:0035265","organ growth",234,2,0.0467318679988356,0.0992311060967201,"Thbs1,Fgf1"
"GO:0008217","regulation of blood pressure",239,2,0.0485325591708201,0.101995937709452,"Mme,Tac1"
"GO:0043200","response to amino acid",239,2,0.0485325591708201,0.101995937709452,"Col1a1,Col3a1"
"GO:0009636","response to toxic substance",240,2,0.048895736093469,0.102129431164022,"Mbp,S100a9"
"GO:0051248","negative regulation of protein metabolic process",561,3,0.0495346170682268,0.103043197765656,"Thbs1,Sfrp2,Sorl1"
"GO:0009790","embryo development",1372,5,0.049915195890251,0.103717692589111,"Mbp,Col1a1,Col3a1,Sfrp2,Dact1"
