"Annot","Term","Annotated","Significant","RichFactor","FoldEnrichment","zscore","Pvalue","Padj","GeneID","ko","Level3","Level2","Level1"
"04670","Leukocyte transendothelial migration",120,1,0.00833333333333333,55.0416666666667,7.35130373924698,0.0181680545041636,0.0222558667676003,"Cldn19","04670","Leukocyte transendothelial migration","Immune system","Organismal Systems"
"04530","Tight junction",135,1,0.00740740740740741,48.9259259259259,6.9228553304201,0.0204390613171841,0.0222558667676003,"Cldn19","04530","Tight junction","Cellular community - eukaryotes","Cellular Processes"
"05160","Hepatitis C",137,1,0.0072992700729927,48.2116788321168,6.8710755222248,0.0207418622255866,0.0222558667676003,"Cldn19","05160","Hepatitis C","Infectious disease: viral","Human Diseases"
"04514","Cell adhesion molecules",147,1,0.00680272108843537,44.9319727891156,6.62811985325519,0.0222558667676003,0.0222558667676003,"Cldn19","04514","Cell adhesion molecules","Signaling molecules and interaction","Environmental Information Processing"
