"Annot","Term","Annotated","Significant","Pvalue","Padj","GeneID"
"GO:0048731","system development",4438,29,1.9846868807347e-10,4.51119327990997e-07,"Cntf,Arid5b,Insig1,Cryab,Gldn,Pmp22,Ldlr,Sgk1,Mfsd2a,Slc7a5,Nr4a2,Col1a1,Egr2,Hspa8,Tgfa,Klf9,Slc39a1,Tiparp,Errfi1,Cdkn1a,Ifngr1,Odc1,Itm2c,B3gnt5,Slc12a2,Klf15,Gjc3,Megf9,Sdc4"
"GO:0007275","multicellular organism development",5197,30,1.66287778599629e-09,1.5263088285662e-06,"Cntf,Arid5b,Insig1,Cryab,Gldn,Nfkbia,Pmp22,Ldlr,Sgk1,Mfsd2a,Slc7a5,Nr4a2,Col1a1,Egr2,Hspa8,Tgfa,Klf9,Slc39a1,Tiparp,Errfi1,Cdkn1a,Ifngr1,Odc1,Itm2c,B3gnt5,Slc12a2,Klf15,Gjc3,Megf9,Sdc4"
"GO:0051179","localization",5607,31,2.01448591539753e-09,1.5263088285662e-06,"Cntf,Cadm3,Insig1,Cryab,Nfkbia,Ldlr,Hmgcr,Sgk1,Mfsd2a,Slc7a5,Fxyd6,Col1a1,Egr2,Slc6a6,Sptbn5,Hspa8,Prkcq,Cmtm6,Atp1b3,Slc39a1,Efr3b,Errfi1,Mapk8ip1,Cdkn1a,Atp1a1,Slc12a2,Slc9a9,Klf15,Gjb1,Gjc3,Sdc4"
"GO:0006810","transport",4642,28,3.50358590442681e-09,1.99091269019053e-06,"Cntf,Insig1,Cryab,Nfkbia,Ldlr,Hmgcr,Sgk1,Mfsd2a,Slc7a5,Fxyd6,Col1a1,Egr2,Slc6a6,Sptbn5,Hspa8,Prkcq,Cmtm6,Atp1b3,Slc39a1,Mapk8ip1,Cdkn1a,Atp1a1,Slc12a2,Slc9a9,Klf15,Gjb1,Gjc3,Sdc4"
"GO:0048856","anatomical structure development",6654,33,6.21962100740166e-09,2.82743970996479e-06,"Cntf,Arid5b,Tsc22d3,Insig1,Cryab,Gldn,Nfkbia,Pmp22,Ldlr,Hmgcr,Sgk1,Mfsd2a,Slc7a5,Nr4a2,Col1a1,Egr2,Hspa8,Tgfa,Klf9,Slc39a1,Tiparp,Errfi1,Cdkn1a,Ifngr1,Odc1,Itm2c,B3gnt5,Slc12a2,Klf15,Arhgef26,Gjc3,Megf9,Sdc4"
"GO:0051234","establishment of localization",4883,28,1.12869909454594e-08,3.84434217384622e-06,"Cntf,Insig1,Cryab,Nfkbia,Ldlr,Hmgcr,Sgk1,Mfsd2a,Slc7a5,Fxyd6,Col1a1,Egr2,Slc6a6,Sptbn5,Hspa8,Prkcq,Cmtm6,Atp1b3,Slc39a1,Mapk8ip1,Cdkn1a,Atp1a1,Slc12a2,Slc9a9,Klf15,Gjb1,Gjc3,Sdc4"
"GO:0032502","developmental process",7236,34,1.18391531970627e-08,3.84434217384622e-06,"Cntf,Arid5b,Tsc22d3,Insig1,Cryab,Gldn,Nfkbia,Pmp22,Ldlr,Hmgcr,Sgk1,Mfsd2a,Slc7a5,Nr4a2,Col1a1,Egr2,Slc6a6,Hspa8,Tgfa,Klf9,Slc39a1,Tiparp,Errfi1,Cdkn1a,Ifngr1,Odc1,Itm2c,B3gnt5,Slc12a2,Klf15,Arhgef26,Gjc3,Megf9,Sdc4"
"GO:0009628","response to abiotic stimulus",1354,15,3.23061101529402e-08,9.17897354720414e-06,"Tsc22d3,Cryab,Nfkbia,Pmp22,Hmgcr,Sgk1,Slc7a5,Nr4a2,Col1a1,Hspa8,Errfi1,Cdkn1a,Atp1a1,Ppp1cb,Slc12a2"
"GO:0048513","animal organ development",3492,23,4.35935881137294e-08,1.1009802864723e-05,"Cntf,Arid5b,Tsc22d3,Insig1,Cryab,Pmp22,Hmgcr,Mfsd2a,Slc7a5,Nr4a2,Col1a1,Egr2,Hspa8,Tgfa,Slc39a1,Tiparp,Errfi1,Cdkn1a,Odc1,Slc12a2,Klf15,Megf9,Sdc4"
"GO:1901700","response to oxygen-containing compound",2039,17,1.95137247575861e-07,4.43546963739933e-05,"Insig1,Cryab,Nfkbia,Ldlr,Hmgcr,Sgk1,Slc7a5,Nr4a2,Col1a1,Egr2,Hspa8,Klf9,Prkcq,Errfi1,Atp1a1,Slc12a2,Klf15"
"GO:0006883","intracellular sodium ion homeostasis",27,4,2.3226915958785e-07,4.52084769105438e-05,"Sgk1,Atp1b3,Atp1a1,Slc12a2"
"GO:0048518","positive regulation of biological process",6819,31,2.70388418404386e-07,4.52084769105438e-05,"Cntf,Arid5b,Insig1,Nfkbia,Pmp22,Ldlr,Hmgcr,Sgk1,Mfsd2a,Slc7a5,Fxyd6,Nr4a2,Col1a1,Egr2,Slc6a6,Hspa8,Tgfa,Klf9,Prkcq,Atp1b3,Tiparp,Mapk8ip1,Cdkn1a,Ifngr1,Odc1,Itm2c,Chst2,Atp1a1,Slc12a2,Klf15,Sdc4"
"GO:0048522","positive regulation of cellular process",6410,30,2.70947385104211e-07,4.52084769105438e-05,"Cntf,Arid5b,Insig1,Nfkbia,Pmp22,Ldlr,Hmgcr,Sgk1,Mfsd2a,Slc7a5,Fxyd6,Nr4a2,Col1a1,Egr2,Slc6a6,Hspa8,Tgfa,Klf9,Prkcq,Atp1b3,Tiparp,Mapk8ip1,Cdkn1a,Ifngr1,Odc1,Itm2c,Chst2,Slc12a2,Klf15,Sdc4"
"GO:0032501","multicellular organismal process",9056,36,2.78450803672509e-07,4.52084769105438e-05,"Cntf,Arid5b,Tsc22d3,Insig1,Cryab,Gldn,Nfkbia,Pmp22,Ldlr,Hmgcr,Sgk1,Mfsd2a,Slc7a5,Nr4a2,Col1a1,Egr2,Hspa8,Tgfa,Klf9,Prkcq,Slc39a1,Tiparp,Efr3b,Errfi1,Mapk8ip1,Cdkn1a,Ifngr1,Odc1,Itm2c,Atp1a1,B3gnt5,Slc12a2,Klf15,Gjc3,Megf9,Sdc4"
"GO:0006950","response to stress",4288,24,4.32619602815945e-07,6.55562904800429e-05,"Cntf,Tsc22d3,Insig1,Cryab,Nfkbia,Pmp22,Ldlr,Hmgcr,Sgk1,Mfsd2a,Slc7a5,Nr4a2,Col1a1,Hspa8,Prkcq,Errfi1,Cdkn1a,Ifngr1,Chst2,Atp1a1,Slc12a2,Slc9a9,Klf15,Sdc4"
"GO:1901701","cellular response to oxygen-containing compound",1469,14,6.45882656130093e-07,9.17557048364813e-05,"Insig1,Nfkbia,Ldlr,Hmgcr,Sgk1,Slc7a5,Nr4a2,Col1a1,Hspa8,Klf9,Prkcq,Errfi1,Slc12a2,Klf15"
"GO:0043066","negative regulation of apoptotic process",1063,12,8.30395710556946e-07,0.000107141450374519,"Cntf,Tsc22d3,Cryab,Hmgcr,Sgk1,Slc7a5,Nr4a2,Hspa8,Tgfa,Prkcq,Mapk8ip1,Cdkn1a"
"GO:0007517","muscle organ development",385,8,8.48458471949556e-07,0.000107141450374519,"Cntf,Arid5b,Tsc22d3,Cryab,Pmp22,Hmgcr,Egr2,Hspa8"
"GO:0006814","sodium ion transport",266,7,9.15788496244393e-07,0.000109557223787553,"Sgk1,Fxyd6,Slc6a6,Atp1b3,Atp1a1,Slc12a2,Slc9a9"
"GO:0043069","negative regulation of programmed cell death",1108,12,1.2831809864815e-06,0.000145833519113622,"Cntf,Tsc22d3,Cryab,Hmgcr,Sgk1,Slc7a5,Nr4a2,Hspa8,Tgfa,Prkcq,Mapk8ip1,Cdkn1a"
"GO:0048519","negative regulation of biological process",6085,28,1.49056855999366e-06,0.000159564842221236,"Cntf,Arid5b,Tsc22d3,Insig1,Cryab,Nfkbia,Pmp22,Ldlr,Hmgcr,Sgk1,Mfsd2a,Slc7a5,Nr4a2,Col1a1,Hspa8,Tgfa,Klf9,Prkcq,Tiparp,Errfi1,Mapk8ip1,Cdkn1a,Ifngr1,Itm2c,Atp1a1,Slc12a2,Klf15,Sdc4"
"GO:0035725","sodium ion transmembrane transport",181,6,1.54440234442023e-06,0.000159564842221236,"Fxyd6,Slc6a6,Atp1b3,Atp1a1,Slc12a2,Slc9a9"
"GO:0055078","sodium ion homeostasis",44,4,1.75254272808041e-06,0.000173196940040295,"Sgk1,Atp1b3,Atp1a1,Slc12a2"
"GO:0033993","response to lipid",1161,12,2.08812715272413e-06,0.000197763042422582,"Insig1,Cryab,Nfkbia,Ldlr,Sgk1,Slc7a5,Col1a1,Hspa8,Klf9,Errfi1,Atp1a1,Slc12a2"
"GO:0051049","regulation of transport",1882,15,2.22431925310147e-06,0.000202235106491985,"Cntf,Insig1,Cryab,Nfkbia,Hmgcr,Sgk1,Slc7a5,Fxyd6,Hspa8,Prkcq,Atp1b3,Atp1a1,Slc12a2,Klf15,Sdc4"
"GO:0009653","anatomical structure morphogenesis",3026,19,2.36314240428084e-06,0.000206593180189629,"Cntf,Arid5b,Insig1,Cryab,Pmp22,Ldlr,Sgk1,Mfsd2a,Nr4a2,Col1a1,Egr2,Tgfa,Slc39a1,Tiparp,Errfi1,Slc12a2,Arhgef26,Megf9,Sdc4"
"GO:0080090","regulation of primary metabolic process",5085,25,2.58568648880621e-06,0.000217676495890982,"Arid5b,Tsc22d3,Insig1,Cryab,Nfkbia,Ldlr,Hmgcr,Mfsd2a,Nr4a2,Col1a1,Egr2,Hspa8,Klf9,Prkcq,Tiparp,Errfi1,Mapk8ip1,Cdkn1a,Ifngr1,Odc1,Itm2c,Atp1a1,Zfhx4,Ppp1cb,Klf15"
"GO:0051239","regulation of multicellular organismal process",3381,20,2.88192194306064e-06,0.000233950306306316,"Cntf,Tsc22d3,Nfkbia,Ldlr,Hmgcr,Sgk1,Mfsd2a,Slc7a5,Nr4a2,Col1a1,Egr2,Prkcq,Errfi1,Mapk8ip1,Cdkn1a,Ifngr1,Atp1a1,Slc12a2,Klf15,Sdc4"
"GO:0032868","response to insulin",320,7,3.12121990524238e-06,0.000241320336642984,"Insig1,Sgk1,Col1a1,Egr2,Prkcq,Errfi1,Klf15"
"GO:0042981","regulation of apoptotic process",1683,14,3.23294428695637e-06,0.000241320336642984,"Cntf,Tsc22d3,Cryab,Pmp22,Hmgcr,Sgk1,Slc7a5,Nr4a2,Hspa8,Tgfa,Prkcq,Mapk8ip1,Cdkn1a,Itm2c"
"GO:0007399","nervous system development",2794,18,3.39178202983237e-06,0.000241320336642984,"Cntf,Gldn,Pmp22,Ldlr,Sgk1,Mfsd2a,Slc7a5,Nr4a2,Egr2,Hspa8,Klf9,Ifngr1,Itm2c,B3gnt5,Klf15,Gjc3,Megf9,Sdc4"
"GO:0071396","cellular response to lipid",805,10,3.39738265401474e-06,0.000241320336642984,"Insig1,Nfkbia,Ldlr,Sgk1,Slc7a5,Col1a1,Klf9,Errfi1,Atp1a1,Slc12a2"
"GO:0098739","import across plasma membrane",220,6,4.76762892506044e-06,0.000320553724256707,"Slc7a5,Slc6a6,Atp1b3,Atp1a1,Slc12a2,Slc9a9"
"GO:0043067","regulation of programmed cell death",1741,14,4.79490832588123e-06,0.000320553724256707,"Cntf,Tsc22d3,Cryab,Pmp22,Hmgcr,Sgk1,Slc7a5,Nr4a2,Hspa8,Tgfa,Prkcq,Mapk8ip1,Cdkn1a,Itm2c"
"GO:0009888","tissue development",2289,16,5.12063481081061e-06,0.000332548654999215,"Arid5b,Tsc22d3,Pmp22,Hmgcr,Mfsd2a,Col1a1,Egr2,Hspa8,Tiparp,Errfi1,Cdkn1a,Slc12a2,Klf15,Arhgef26,Megf9,Sdc4"
"GO:0009725","response to hormone",1062,11,5.87313438285382e-06,0.000370823179228521,"Insig1,Sgk1,Nr4a2,Col1a1,Egr2,Hspa8,Klf9,Prkcq,Errfi1,Atp1a1,Klf15"
"GO:0009889","regulation of biosynthetic process",5711,26,6.19023577430844e-06,0.000380281240946029,"Cntf,Arid5b,Tsc22d3,Insig1,Cryab,Nfkbia,Pmp22,Ldlr,Mfsd2a,Slc7a5,Nr4a2,Col1a1,Egr2,Hspa8,Klf9,Prkcq,Tiparp,Errfi1,Mapk8ip1,Cdkn1a,Ifngr1,Itm2c,Atp1a1,Zfhx4,Ppp1cb,Klf15"
"GO:0030007","intracellular potassium ion homeostasis",19,3,6.95129445632484e-06,0.000415797165769115,"Atp1b3,Atp1a1,Slc12a2"
"GO:0009892","negative regulation of metabolic process",3295,19,8.39524432162762e-06,0.000482540424151181,"Arid5b,Tsc22d3,Insig1,Cryab,Nfkbia,Pmp22,Ldlr,Hmgcr,Mfsd2a,Slc7a5,Nr4a2,Hspa8,Tiparp,Errfi1,Mapk8ip1,Cdkn1a,Itm2c,Atp1a1,Klf15"
"GO:0022008","neurogenesis",2099,15,8.49169246196534e-06,0.000482540424151181,"Cntf,Gldn,Pmp22,Ldlr,Sgk1,Mfsd2a,Slc7a5,Nr4a2,Egr2,Klf9,Ifngr1,Itm2c,Klf15,Megf9,Sdc4"
"GO:0055085","transmembrane transport",1580,13,8.8872431307362e-06,0.000483669305464678,"Mfsd2a,Slc7a5,Fxyd6,Slc6a6,Hspa8,Atp1b3,Slc39a1,Atp1a1,Slc12a2,Slc9a9,Klf15,Gjb1,Gjc3"
"GO:0048523","negative regulation of cellular process",5830,26,9.20990623993188e-06,0.000483669305464678,"Cntf,Arid5b,Tsc22d3,Insig1,Cryab,Nfkbia,Pmp22,Ldlr,Hmgcr,Sgk1,Mfsd2a,Slc7a5,Nr4a2,Col1a1,Hspa8,Tgfa,Klf9,Prkcq,Tiparp,Errfi1,Mapk8ip1,Cdkn1a,Itm2c,Atp1a1,Klf15,Sdc4"
"GO:0006915","apoptotic process",2116,15,9.36204413763753e-06,0.000483669305464678,"Cntf,Tsc22d3,Cryab,Pmp22,Hmgcr,Sgk1,Slc7a5,Nr4a2,Hspa8,Tgfa,Prkcq,Errfi1,Mapk8ip1,Cdkn1a,Itm2c"
"GO:0043434","response to peptide hormone",533,8,9.36271422808879e-06,0.000483669305464678,"Insig1,Sgk1,Nr4a2,Col1a1,Egr2,Prkcq,Errfi1,Klf15"
"GO:0019222","regulation of metabolic process",6656,28,9.74244785036697e-06,0.000492101865864091,"Cntf,Arid5b,Tsc22d3,Insig1,Cryab,Nfkbia,Pmp22,Ldlr,Hmgcr,Mfsd2a,Slc7a5,Nr4a2,Col1a1,Egr2,Hspa8,Klf9,Prkcq,Tiparp,Errfi1,Mapk8ip1,Cdkn1a,Ifngr1,Odc1,Itm2c,Atp1a1,Zfhx4,Ppp1cb,Klf15"
"GO:0008202","steroid metabolic process",385,7,1.0446096543876e-05,0.000510321091433139,"Insig1,Pmp22,Ldlr,Hmgcr,Tiparp,Errfi1,Atp1a1"
"GO:0030154","cell differentiation",5107,24,1.07986863452035e-05,0.000510321091433139,"Cntf,Arid5b,Insig1,Gldn,Nfkbia,Pmp22,Ldlr,Sgk1,Mfsd2a,Slc7a5,Nr4a2,Col1a1,Egr2,Slc6a6,Klf9,Tiparp,Errfi1,Cdkn1a,Ifngr1,Itm2c,Klf15,Arhgef26,Megf9,Sdc4"
"GO:0048869","cellular developmental process",5108,24,1.08363634572573e-05,0.000510321091433139,"Cntf,Arid5b,Insig1,Gldn,Nfkbia,Pmp22,Ldlr,Sgk1,Mfsd2a,Slc7a5,Nr4a2,Col1a1,Egr2,Slc6a6,Klf9,Tiparp,Errfi1,Cdkn1a,Ifngr1,Itm2c,Klf15,Arhgef26,Megf9,Sdc4"
"GO:0036376","sodium ion export across plasma membrane",22,3,1.1001202586988e-05,0.000510321091433139,"Fxyd6,Atp1b3,Atp1a1"
"GO:0065007","biological regulation",13697,42,1.31282745477522e-05,0.000596811360940817,"Cntf,Arid5b,Tsc22d3,Insig1,Cryab,Gldn,Nfkbia,Pmp22,Ldlr,Hmgcr,Sgk1,Mfsd2a,Slc7a5,Fxyd6,Nr4a2,Col1a1,Egr2,Slc6a6,Hspa8,Tgfa,Klf9,Prkcq,Cmtm6,Atp1b3,Tiparp,Errfi1,Mapk8ip1,Cdkn1a,Ifngr1,Odc1,Itm2c,Chst2,Atp1a1,Zfhx4,Ppp1cb,Slc12a2,Slc9a9,Klf15,Gjb1,Arhgef26,Gjc3,Sdc4"
"GO:0048143","astrocyte activation",24,3,1.44183367142181e-05,0.000642605477478779,"Cntf,Ldlr,Ifngr1"
"GO:0008219","cell death",2202,15,1.51117340801686e-05,0.000648093803098552,"Cntf,Tsc22d3,Cryab,Pmp22,Hmgcr,Sgk1,Slc7a5,Nr4a2,Hspa8,Tgfa,Prkcq,Errfi1,Mapk8ip1,Cdkn1a,Itm2c"
"GO:0012501","programmed cell death",2202,15,1.51117340801686e-05,0.000648093803098552,"Cntf,Tsc22d3,Cryab,Pmp22,Hmgcr,Sgk1,Slc7a5,Nr4a2,Hspa8,Tgfa,Prkcq,Errfi1,Mapk8ip1,Cdkn1a,Itm2c"
"GO:0048878","chemical homeostasis",1182,11,1.60760630064962e-05,0.000676683170625295,"Insig1,Ldlr,Hmgcr,Sgk1,Col1a1,Atp1b3,Errfi1,Atp1a1,Slc12a2,Slc9a9,Klf15"
"GO:0009887","animal organ morphogenesis",1188,11,1.68517469602459e-05,0.000688056086356114,"Cntf,Arid5b,Insig1,Mfsd2a,Col1a1,Tgfa,Slc39a1,Tiparp,Errfi1,Slc12a2,Megf9"
"GO:0042063","gliogenesis",415,7,1.69516677676825e-05,0.000688056086356114,"Cntf,Pmp22,Ldlr,Slc7a5,Egr2,Ifngr1,Klf15"
"GO:0002028","regulation of sodium ion transport",78,4,1.7523193568901e-05,0.000698775771616001,"Sgk1,Fxyd6,Atp1b3,Atp1a1"
"GO:0008203","cholesterol metabolic process",165,5,1.88879022732666e-05,0.000740210377019568,"Insig1,Pmp22,Ldlr,Hmgcr,Errfi1"
"GO:0016125","sterol metabolic process",174,5,2.43824826501272e-05,0.000939345475656597,"Insig1,Pmp22,Ldlr,Hmgcr,Errfi1"
"GO:0032879","regulation of localization",2311,15,2.68158582840414e-05,0.00101317906075765,"Cntf,Insig1,Cryab,Nfkbia,Hmgcr,Sgk1,Slc7a5,Fxyd6,Hspa8,Prkcq,Atp1b3,Atp1a1,Slc12a2,Klf15,Sdc4"
"GO:1902652","secondary alcohol metabolic process",178,5,2.71904631351591e-05,0.00101317906075765,"Insig1,Pmp22,Ldlr,Hmgcr,Errfi1"
"GO:0010001","glial cell differentiation",305,6,3.03758940157909e-05,0.00111361946932085,"Cntf,Pmp22,Ldlr,Egr2,Ifngr1,Klf15"
"GO:1901698","response to nitrogen compound",1271,11,3.14488916721067e-05,0.00113465604397934,"Insig1,Nfkbia,Ldlr,Sgk1,Slc7a5,Nr4a2,Col1a1,Egr2,Prkcq,Errfi1,Klf15"
"GO:0051050","positive regulation of transport",1049,10,3.38700584668145e-05,0.00120291629523546,"Cntf,Sgk1,Slc7a5,Fxyd6,Hspa8,Prkcq,Atp1b3,Slc12a2,Klf15,Sdc4"
"GO:0042127","regulation of cell population proliferation",1814,13,3.84553199530775e-05,0.00134475295774377,"Cntf,Nfkbia,Pmp22,Hmgcr,Slc7a5,Tgfa,Klf9,Prkcq,Errfi1,Mapk8ip1,Cdkn1a,Odc1,Sdc4"
"GO:0051241","negative regulation of multicellular organismal process",1306,11,4.03194752117043e-05,0.00138857829024551,"Cntf,Tsc22d3,Nfkbia,Ldlr,Hmgcr,Errfi1,Ifngr1,Atp1a1,Slc12a2,Klf15,Sdc4"
"GO:0006606","protein import into nucleus",197,5,4.41325403701724e-05,0.00149721289942391,"Insig1,Nfkbia,Hspa8,Prkcq,Cdkn1a"
"GO:0051170","import into nucleus",204,5,5.20982347704605e-05,0.00174146011225378,"Insig1,Nfkbia,Hspa8,Prkcq,Cdkn1a"
"GO:0051246","regulation of protein metabolic process",1358,11,5.74741617353924e-05,0.00189331550180503,"Cryab,Ldlr,Hmgcr,Hspa8,Tiparp,Errfi1,Mapk8ip1,Ifngr1,Odc1,Itm2c,Klf15"
"GO:0055075","potassium ion homeostasis",38,3,5.89307597713555e-05,0.00191356595657559,"Atp1b3,Atp1a1,Slc12a2"
"GO:0007519","skeletal muscle tissue development",213,5,6.39245139589093e-05,0.00204648479195212,"Tsc22d3,Pmp22,Hmgcr,Egr2,Hspa8"
"GO:0033036","macromolecule localization",3143,17,6.96279951716431e-05,0.00216096254649231,"Cadm3,Insig1,Nfkbia,Ldlr,Hmgcr,Sgk1,Mfsd2a,Col1a1,Egr2,Hspa8,Prkcq,Cmtm6,Atp1b3,Efr3b,Errfi1,Cdkn1a,Slc12a2"
"GO:0050789","regulation of biological process",13279,40,7.12021073293763e-05,0.00216096254649231,"Cntf,Arid5b,Tsc22d3,Insig1,Cryab,Gldn,Nfkbia,Pmp22,Ldlr,Hmgcr,Sgk1,Mfsd2a,Slc7a5,Fxyd6,Nr4a2,Col1a1,Egr2,Slc6a6,Hspa8,Tgfa,Klf9,Prkcq,Atp1b3,Tiparp,Errfi1,Mapk8ip1,Cdkn1a,Ifngr1,Odc1,Itm2c,Chst2,Atp1a1,Zfhx4,Ppp1cb,Slc12a2,Klf15,Gjb1,Arhgef26,Gjc3,Sdc4"
"GO:0060255","regulation of macromolecule metabolic process",6099,25,7.21290248250254e-05,0.00216096254649231,"Cntf,Arid5b,Tsc22d3,Cryab,Nfkbia,Pmp22,Ldlr,Hmgcr,Slc7a5,Nr4a2,Col1a1,Egr2,Hspa8,Klf9,Prkcq,Tiparp,Errfi1,Mapk8ip1,Cdkn1a,Ifngr1,Odc1,Itm2c,Zfhx4,Ppp1cb,Klf15"
"GO:0009890","negative regulation of biosynthetic process",2834,16,7.38804061517099e-05,0.00216096254649231,"Arid5b,Tsc22d3,Insig1,Cryab,Nfkbia,Pmp22,Ldlr,Slc7a5,Nr4a2,Hspa8,Tiparp,Errfi1,Cdkn1a,Itm2c,Atp1a1,Klf15"
"GO:0010765","positive regulation of sodium ion transport",41,3,7.41553359553016e-05,0.00216096254649231,"Sgk1,Fxyd6,Atp1b3"
"GO:0060325","face morphogenesis",41,3,7.41553359553016e-05,0.00216096254649231,"Arid5b,Col1a1,Tiparp"
"GO:0097242","amyloid-beta clearance",41,3,7.41553359553016e-05,0.00216096254649231,"Ldlr,Hmgcr,Ifngr1"
"GO:0048545","response to steroid hormone",362,6,7.85648709854408e-05,0.00226048040189756,"Sgk1,Col1a1,Hspa8,Klf9,Errfi1,Atp1a1"
"GO:0014002","astrocyte development",42,3,7.97481123710578e-05,0.00226584324274268,"Cntf,Ldlr,Ifngr1"
"GO:0006970","response to osmotic stress",117,4,8.60389947182883e-05,0.00238469531732216,"Tsc22d3,Errfi1,Atp1a1,Slc12a2"
"GO:0033554","cellular response to stress",1962,13,8.63276082353727e-05,0.00238469531732216,"Cntf,Insig1,Cryab,Pmp22,Hmgcr,Sgk1,Mfsd2a,Slc7a5,Nr4a2,Hspa8,Errfi1,Cdkn1a,Atp1a1"
"GO:0034504","protein localization to nucleus",369,6,8.72805572160598e-05,0.00238469531732216,"Insig1,Nfkbia,Col1a1,Hspa8,Prkcq,Cdkn1a"
"GO:0060538","skeletal muscle organ development",228,5,8.81277635965954e-05,0.00238469531732216,"Tsc22d3,Pmp22,Hmgcr,Egr2,Hspa8"
"GO:0032870","cellular response to hormone stimulus",741,8,9.70588109617579e-05,0.00257786774894279,"Insig1,Sgk1,Nr4a2,Klf9,Prkcq,Errfi1,Atp1a1,Klf15"
"GO:0009719","response to endogenous stimulus",1706,12,9.75348114426219e-05,0.00257786774894279,"Insig1,Ldlr,Sgk1,Nr4a2,Col1a1,Egr2,Hspa8,Klf9,Prkcq,Errfi1,Atp1a1,Klf15"
"GO:0071375","cellular response to peptide hormone stimulus",379,6,0.000101052542642538,0.00263530696290966,"Insig1,Sgk1,Nr4a2,Prkcq,Errfi1,Klf15"
"GO:0006913","nucleocytoplasmic transport",381,6,0.000104003849286666,0.00263530696290966,"Insig1,Nfkbia,Egr2,Hspa8,Prkcq,Cdkn1a"
"GO:0051169","nuclear transport",381,6,0.000104003849286666,0.00263530696290966,"Insig1,Nfkbia,Egr2,Hspa8,Prkcq,Cdkn1a"
"GO:0032355","response to estradiol",123,4,0.000104443731057358,0.00263530696290966,"Cryab,Col1a1,Hspa8,Errfi1"
"GO:0001822","kidney development",382,6,0.00010550503019128,0.00263530696290966,"Arid5b,Hspa8,Tiparp,Odc1,Klf15,Sdc4"
"GO:0051248","negative regulation of protein metabolic process",561,7,0.000113768213669766,0.0028108168442541,"Cryab,Ldlr,Hmgcr,Errfi1,Mapk8ip1,Itm2c,Klf15"
"GO:0009891","positive regulation of biosynthetic process",2942,16,0.000115658057651322,0.00282678241980059,"Cntf,Arid5b,Insig1,Nfkbia,Pmp22,Ldlr,Mfsd2a,Slc7a5,Nr4a2,Col1a1,Egr2,Hspa8,Klf9,Prkcq,Ifngr1,Klf15"
"GO:0060323","head morphogenesis",48,3,0.000119147504458039,0.00287490644432604,"Arid5b,Col1a1,Tiparp"
"GO:0042592","homeostatic process",2027,13,0.00012015667057236,0.00287490644432604,"Tsc22d3,Insig1,Ldlr,Hmgcr,Sgk1,Mfsd2a,Col1a1,Atp1b3,Errfi1,Atp1a1,Slc12a2,Slc9a9,Klf15"
"GO:0070887","cellular response to chemical stimulus",2640,15,0.000124580014707315,0.00287851697122349,"Insig1,Nfkbia,Ldlr,Hmgcr,Sgk1,Slc7a5,Nr4a2,Col1a1,Hspa8,Klf9,Prkcq,Errfi1,Atp1a1,Slc12a2,Klf15"
"GO:0008104","intracellular protein localization",2642,15,0.000125648678222218,0.00287851697122349,"Cadm3,Insig1,Nfkbia,Hmgcr,Sgk1,Col1a1,Egr2,Hspa8,Prkcq,Cmtm6,Atp1b3,Efr3b,Errfi1,Cdkn1a,Slc12a2"
"GO:0006813","potassium ion transport",246,5,0.000125863351979242,0.00287851697122349,"Fxyd6,Atp1b3,Atp1a1,Slc12a2,Slc9a9"
"GO:0010556","regulation of macromolecule biosynthetic process",5493,23,0.000126292070992275,0.00287851697122349,"Cntf,Arid5b,Tsc22d3,Cryab,Nfkbia,Pmp22,Ldlr,Slc7a5,Nr4a2,Col1a1,Egr2,Hspa8,Klf9,Prkcq,Tiparp,Errfi1,Mapk8ip1,Cdkn1a,Ifngr1,Itm2c,Zfhx4,Ppp1cb,Klf15"
"GO:0072001","renal system development",395,6,0.000126639549987835,0.00287851697122349,"Arid5b,Hspa8,Tiparp,Odc1,Klf15,Sdc4"
"GO:1902903","regulation of supramolecular fiber organization",399,6,0.000133777806527007,0.00298732177574419,"Cryab,Ldlr,Sgk1,Hspa8,Prkcq,Sdc4"
"GO:0006629","lipid metabolic process",1493,11,0.000134054914705635,0.00298732177574419,"Insig1,Pmp22,Ldlr,Hmgcr,Mfsd2a,Klf9,Tiparp,Efr3b,Errfi1,Atp1a1,B3gnt5"
"GO:0098659","inorganic cation import across plasma membrane",133,4,0.000141241629746661,0.00308694446552078,"Atp1b3,Atp1a1,Slc12a2,Slc9a9"
"GO:0099587","inorganic ion import across plasma membrane",133,4,0.000141241629746661,0.00308694446552078,"Atp1b3,Atp1a1,Slc12a2,Slc9a9"
"GO:0009893","positive regulation of metabolic process",3674,18,0.000143807736917251,0.00311309510488487,"Cntf,Arid5b,Insig1,Nfkbia,Pmp22,Ldlr,Mfsd2a,Slc7a5,Nr4a2,Col1a1,Egr2,Hspa8,Klf9,Prkcq,Tiparp,Cdkn1a,Ifngr1,Klf15"
"GO:1990573","potassium ion import across plasma membrane",52,3,0.000151393127750743,0.00323241552198479,"Atp1b3,Atp1a1,Slc12a2"
"GO:0061061","muscle structure development",791,8,0.000152163863111471,0.00323241552198479,"Cntf,Arid5b,Tsc22d3,Cryab,Pmp22,Hmgcr,Egr2,Hspa8"
"GO:0051641","cellular localization",2691,15,0.000154475816051347,0.00325114379522881,"Insig1,Cryab,Nfkbia,Ldlr,Hmgcr,Egr2,Sptbn5,Hspa8,Prkcq,Cmtm6,Atp1b3,Efr3b,Errfi1,Cdkn1a,Sdc4"
"GO:0071705","nitrogen compound transport",2082,13,0.000157261065012782,0.00327939817223903,"Insig1,Nfkbia,Hmgcr,Slc7a5,Col1a1,Egr2,Slc6a6,Hspa8,Prkcq,Cmtm6,Cdkn1a,Slc12a2,Gjb1"
"GO:0120036","plasma membrane bounded cell projection organization",1809,12,0.000169843169557095,0.00345142811537217,"Cntf,Gldn,Pmp22,Sgk1,Mfsd2a,Nr4a2,Egr2,Prkcq,Itm2c,Arhgef26,Megf9,Sdc4"
"GO:0150172","regulation of phosphatidylcholine metabolic process",10,2,0.000171584415766412,0.00345142811537217,"Ldlr,Mfsd2a"
"GO:1900222","negative regulation of amyloid-beta clearance",10,2,0.000171584415766412,0.00345142811537217,"Hmgcr,Ifngr1"
"GO:1903278","positive regulation of sodium ion export across plasma membrane",10,2,0.000171584415766412,0.00345142811537217,"Fxyd6,Atp1b3"
"GO:0010605","negative regulation of macromolecule metabolic process",3052,16,0.000178452529134801,0.00355809297125792,"Arid5b,Tsc22d3,Cryab,Nfkbia,Pmp22,Ldlr,Hmgcr,Slc7a5,Nr4a2,Hspa8,Tiparp,Errfi1,Mapk8ip1,Cdkn1a,Itm2c,Klf15"
"GO:0055082","intracellular chemical homeostasis",813,8,0.000183517752691988,0.00362726827712076,"Hmgcr,Sgk1,Col1a1,Atp1b3,Atp1a1,Slc12a2,Slc9a9,Klf15"
"GO:0048705","skeletal system morphogenesis",268,5,0.000187567679819739,0.00367535634681264,"Arid5b,Insig1,Col1a1,Slc39a1,Tiparp"
"GO:0060613","fat pad development",11,2,0.000209448290041229,0.00403454206155689,"Arid5b,Errfi1"
"GO:1903276","regulation of sodium ion export across plasma membrane",11,2,0.000209448290041229,0.00403454206155689,"Fxyd6,Atp1b3"
"GO:0030030","cell projection organization",1854,12,0.000213689535208739,0.00408164969352491,"Cntf,Gldn,Pmp22,Sgk1,Mfsd2a,Nr4a2,Egr2,Prkcq,Itm2c,Arhgef26,Megf9,Sdc4"
"GO:0023052","signaling",7797,28,0.000218340861945825,0.00410879228213685,"Cntf,Arid5b,Insig1,Cryab,Gldn,Nfkbia,Pmp22,Ldlr,Hmgcr,Sgk1,Nr4a2,Col1a1,Slc6a6,Hspa8,Tgfa,Klf9,Prkcq,Tiparp,Errfi1,Mapk8ip1,Cdkn1a,Ifngr1,Itm2c,Atp1a1,Slc12a2,Klf15,Gjb1,Gjc3"
"GO:0010171","body morphogenesis",59,3,0.000220533505684424,0.00410879228213685,"Arid5b,Col1a1,Tiparp"
"GO:0031098","stress-activated protein kinase signaling cascade",59,3,0.000220533505684424,0.00410879228213685,"Cryab,Hmgcr,Errfi1"
"GO:0021782","glial cell development",150,4,0.000224091630574183,0.00414114045768389,"Cntf,Pmp22,Ldlr,Ifngr1"
"GO:0007154","cell communication",7834,28,0.000238544393497062,0.00437267263240986,"Cntf,Arid5b,Insig1,Cryab,Gldn,Nfkbia,Pmp22,Hmgcr,Sgk1,Nr4a2,Col1a1,Slc6a6,Hspa8,Tgfa,Klf9,Prkcq,Tiparp,Efr3b,Errfi1,Mapk8ip1,Cdkn1a,Ifngr1,Itm2c,Atp1a1,Slc12a2,Klf15,Gjb1,Gjc3"
"GO:0048468","cell development",3477,17,0.000244409183409447,0.00444433659111739,"Cntf,Arid5b,Gldn,Nfkbia,Pmp22,Ldlr,Sgk1,Mfsd2a,Slc7a5,Nr4a2,Egr2,Tiparp,Ifngr1,Itm2c,Arhgef26,Megf9,Sdc4"
"GO:1905907","negative regulation of amyloid fibril formation",12,2,0.000251019199403878,0.00452830666861123,"Cryab,Ldlr"
"GO:0061900","glial cell activation",62,3,0.000255490462059817,0.0045726757500942,"Cntf,Ldlr,Ifngr1"
"GO:0060324","face development",63,3,0.000267891007216247,0.00474073954619193,"Arid5b,Col1a1,Tiparp"
"GO:0050793","regulation of developmental process",2829,15,0.000269052090391007,0.00474073954619193,"Cntf,Tsc22d3,Insig1,Nfkbia,Ldlr,Hmgcr,Sgk1,Mfsd2a,Slc7a5,Col1a1,Egr2,Slc6a6,Errfi1,Cdkn1a,Slc12a2"
"GO:0008283","cell population proliferation",2207,13,0.000280306617521258,0.00490105339712169,"Cntf,Nfkbia,Pmp22,Hmgcr,Slc7a5,Tgfa,Klf9,Prkcq,Errfi1,Mapk8ip1,Cdkn1a,Odc1,Sdc4"
"GO:0010468","regulation of gene expression",5386,22,0.000285997636342884,0.00496238646875858,"Cntf,Arid5b,Tsc22d3,Cryab,Nfkbia,Pmp22,Ldlr,Slc7a5,Nr4a2,Col1a1,Egr2,Hspa8,Klf9,Prkcq,Tiparp,Errfi1,Mapk8ip1,Cdkn1a,Ifngr1,Zfhx4,Ppp1cb,Klf15"
"GO:0032387","negative regulation of intracellular transport",65,3,0.000293845029014718,0.00505992235568526,"Insig1,Cryab,Nfkbia"
"GO:0043589","skin morphogenesis",13,2,0.000296282877723125,0.00506354121101251,"Col1a1,Errfi1"
"GO:0050794","regulation of cellular process",12856,38,0.000301270155205818,0.00511035121479719,"Cntf,Arid5b,Tsc22d3,Insig1,Cryab,Gldn,Nfkbia,Pmp22,Ldlr,Hmgcr,Sgk1,Mfsd2a,Slc7a5,Fxyd6,Nr4a2,Col1a1,Egr2,Slc6a6,Hspa8,Tgfa,Klf9,Prkcq,Atp1b3,Tiparp,Errfi1,Mapk8ip1,Cdkn1a,Ifngr1,Odc1,Itm2c,Chst2,Atp1a1,Zfhx4,Ppp1cb,Slc12a2,Klf15,Arhgef26,Sdc4"
"GO:0007610","behavior",882,8,0.000318277026478418,0.00535884208285514,"Pmp22,Ldlr,Hmgcr,Sgk1,Mfsd2a,Nr4a2,Egr2,Efr3b"
"GO:0045161","neuronal ion channel clustering",14,2,0.000345225098939569,0.00572771277291709,"Gldn,Pmp22"
"GO:0050847","progesterone receptor signaling pathway",14,2,0.000345225098939569,0.00572771277291709,"Klf9,Errfi1"
"GO:0009987","cellular process",20947,50,0.000348936543746162,0.0057316438633037,"Cntf,Arid5b,Tsc22d3,Cadm3,Insig1,Cryab,Gldn,Nfkbia,Pmp22,Ldlr,Hmgcr,Sgk1,Mfsd2a,Slc7a5,Fxyd6,Nr4a2,Spsb1,Col1a1,Egr2,Slc6a6,Sptbn5,Hspa8,Tgfa,Klf9,Tubb4b,Prkcq,Cmtm6,Atp1b3,Slc39a1,Tiparp,Efr3b,Errfi1,Mapk8ip1,Cdkn1a,Ifngr1,Odc1,Itm2c,Chst2,Atp1a1,B3gnt5,Zfhx4,Ppp1cb,Slc12a2,Slc9a9,Klf15,Gjb1,Arhgef26,Gjc3,Megf9,Sdc4"
"GO:0042551","neuron maturation",69,3,0.000350505278046289,0.0057316438633037,"Gldn,Pmp22,Nr4a2"
"GO:0016477","cell migration",1685,11,0.000383292971106497,0.00622303516660762,"Arid5b,Pmp22,Nr4a2,Col1a1,Hspa8,Prkcq,Errfi1,Chst2,Slc12a2,Megf9,Sdc4"
"GO:0048870","cell motility",1980,12,0.000391652614340993,0.00631366235742607,"Arid5b,Pmp22,Nr4a2,Col1a1,Hspa8,Tubb4b,Prkcq,Errfi1,Chst2,Slc12a2,Megf9,Sdc4"
"GO:0032964","collagen biosynthetic process",72,3,0.000397314141192976,0.00633204462067211,"Col1a1,Errfi1,Klf15"
"GO:0048666","neuron development",1416,10,0.000398364443799433,0.00633204462067211,"Cntf,Gldn,Pmp22,Sgk1,Mfsd2a,Nr4a2,Egr2,Itm2c,Megf9,Sdc4"
"GO:1902904","negative regulation of supramolecular fiber organization",178,4,0.000429353108940865,0.00674218081948511,"Cryab,Ldlr,Sgk1,Hspa8"
"GO:0010656","negative regulation of muscle cell apoptotic process",74,3,0.000430646907829653,0.00674218081948511,"Hmgcr,Slc7a5,Hspa8"
"GO:0050896","response to stimulus",10946,34,0.000433065727956369,0.00674218081948511,"Cntf,Arid5b,Tsc22d3,Insig1,Cryab,Gldn,Nfkbia,Pmp22,Ldlr,Hmgcr,Sgk1,Mfsd2a,Slc7a5,Nr4a2,Col1a1,Egr2,Hspa8,Tgfa,Klf9,Prkcq,Tiparp,Errfi1,Mapk8ip1,Cdkn1a,Ifngr1,Odc1,Itm2c,Chst2,Atp1a1,Ppp1cb,Slc12a2,Slc9a9,Klf15,Sdc4"
"GO:0019725","cellular homeostasis",925,8,0.000437249364714899,0.00676100548297256,"Hmgcr,Sgk1,Col1a1,Atp1b3,Atp1a1,Slc12a2,Slc9a9,Klf15"
"GO:0010761","fibroblast migration",75,3,0.000447965656014351,0.00687990497378797,"Arid5b,Pmp22,Sdc4"
"GO:1905906","regulation of amyloid fibril formation",16,2,0.000454088465598997,0.00692713478058068,"Cryab,Ldlr"
"GO:0030182","neuron differentiation",1721,11,0.000458778606372553,0.00695202514856542,"Cntf,Gldn,Pmp22,Sgk1,Mfsd2a,Nr4a2,Egr2,Klf9,Itm2c,Megf9,Sdc4"
"GO:0019538","protein metabolic process",4035,18,0.00047289062221834,0.00711841314107475,"Insig1,Cryab,Pmp22,Ldlr,Hmgcr,Spsb1,Egr2,Hspa8,Prkcq,Tiparp,Errfi1,Mapk8ip1,Ifngr1,Odc1,Itm2c,B3gnt5,Ppp1cb,Klf15"
"GO:0006954","inflammatory response",938,8,0.00047962496278359,0.00717228645004671,"Cntf,Nfkbia,Pmp22,Ldlr,Hspa8,Prkcq,Ifngr1,Chst2"
"GO:0030001","metal ion transport",941,8,0.000489864594076949,0.00727753086494709,"Sgk1,Fxyd6,Slc6a6,Atp1b3,Slc39a1,Atp1a1,Slc12a2,Slc9a9"
"GO:0046907","intracellular transport",1455,10,0.00049356201057742,0.00728484707819789,"Insig1,Cryab,Nfkbia,Ldlr,Egr2,Sptbn5,Hspa8,Prkcq,Cmtm6,Cdkn1a"
"GO:0055093","response to hyperoxia",17,2,0.000513981358403174,0.00753728792032526,"Slc7a5,Col1a1"
"GO:0071384","cellular response to corticosteroid stimulus",81,3,0.000561305792986808,0.00814703251287002,"Sgk1,Klf9,Errfi1"
"GO:0060537","muscle tissue development",522,6,0.000562729478451647,0.00814703251287002,"Tsc22d3,Pmp22,Hmgcr,Egr2,Hspa8,Tiparp"
"GO:0032328","alanine transport",18,2,0.000577496288632408,0.00830790546874344,"Slc7a5,Slc6a6"
"GO:0140115","export across plasma membrane",83,3,0.000602787484825183,0.00861720725162038,"Fxyd6,Atp1b3,Atp1a1"
"GO:0008610","lipid biosynthetic process",741,7,0.000614194191618696,0.0087253962346831,"Insig1,Ldlr,Hmgcr,Mfsd2a,Efr3b,Atp1a1,B3gnt5"
"GO:0031175","neuron projection development",1233,9,0.000638388987606555,0.00898907673495826,"Cntf,Pmp22,Sgk1,Mfsd2a,Nr4a2,Egr2,Itm2c,Megf9,Sdc4"
"GO:0010867","positive regulation of triglyceride biosynthetic process",19,2,0.000644619229123712,0.00898907673495826,"Ldlr,Mfsd2a"
"GO:1900221","regulation of amyloid-beta clearance",19,2,0.000644619229123712,0.00898907673495826,"Hmgcr,Ifngr1"
"GO:0010558","negative regulation of macromolecule biosynthetic process",2744,14,0.000676338993010967,0.009373893482402,"Arid5b,Tsc22d3,Cryab,Nfkbia,Pmp22,Ldlr,Slc7a5,Nr4a2,Hspa8,Tiparp,Errfi1,Cdkn1a,Itm2c,Klf15"
"GO:0048699","generation of neurons",1806,11,0.000688146753053462,0.00947974284660921,"Cntf,Gldn,Pmp22,Sgk1,Mfsd2a,Nr4a2,Egr2,Klf9,Itm2c,Megf9,Sdc4"
"GO:0032966","negative regulation of collagen biosynthetic process",20,2,0.000715336192202353,0.00967832836235684,"Errfi1,Klf15"
"GO:0060081","membrane hyperpolarization",20,2,0.000715336192202353,0.00967832836235684,"Cntf,Atp1a1"
"GO:1902307","positive regulation of sodium ion transmembrane transport",20,2,0.000715336192202353,0.00967832836235684,"Fxyd6,Atp1b3"
"GO:0098657","import into cell",1004,8,0.000749615030802286,0.0100821003846958,"Ldlr,Slc7a5,Slc6a6,Hspa8,Atp1b3,Atp1a1,Slc12a2,Slc9a9"
"GO:0071805","potassium ion transmembrane transport",207,4,0.000756448357623037,0.0101141595110421,"Atp1b3,Atp1a1,Slc12a2,Slc9a9"
"GO:0035556","intracellular signal transduction",3119,15,0.000769102714059117,0.0102232191172887,"Cntf,Insig1,Cryab,Nfkbia,Hmgcr,Sgk1,Nr4a2,Hspa8,Tgfa,Klf9,Prkcq,Errfi1,Mapk8ip1,Cdkn1a,Atp1a1"
"GO:1901699","cellular response to nitrogen compound",772,7,0.000781845306613539,0.0103321766391429,"Insig1,Sgk1,Slc7a5,Nr4a2,Prkcq,Errfi1,Klf15"
"GO:0010713","negative regulation of collagen metabolic process",21,2,0.000789633229585351,0.0103747764788873,"Errfi1,Klf15"
"GO:0010557","positive regulation of macromolecule biosynthetic process",2796,14,0.000816004953220752,0.010659650911901,"Cntf,Arid5b,Nfkbia,Pmp22,Ldlr,Slc7a5,Nr4a2,Col1a1,Egr2,Hspa8,Klf9,Prkcq,Ifngr1,Klf15"
"GO:0023051","regulation of signaling",3853,17,0.000827482745155596,0.0107435858114752,"Cntf,Insig1,Nfkbia,Pmp22,Ldlr,Hmgcr,Nr4a2,Col1a1,Slc6a6,Hspa8,Tgfa,Prkcq,Errfi1,Mapk8ip1,Itm2c,Slc12a2,Klf15"
"GO:0015031","protein transport",1556,10,0.000831883459225534,0.0107435858114752,"Insig1,Nfkbia,Hmgcr,Col1a1,Egr2,Hspa8,Prkcq,Cmtm6,Cdkn1a,Slc12a2"
"GO:0034764","positive regulation of transmembrane transport",213,4,0.0008413724654364,0.0108047435815646,"Slc7a5,Fxyd6,Atp1b3,Klf15"
"GO:0006066","alcohol metabolic process",380,5,0.000920396150233915,0.0117531485925938,"Insig1,Pmp22,Ldlr,Hmgcr,Errfi1"
"GO:0051649","establishment of localization in cell",2180,12,0.000927715851023045,0.0117804364769574,"Insig1,Cryab,Nfkbia,Ldlr,Hmgcr,Egr2,Sptbn5,Hspa8,Prkcq,Cmtm6,Cdkn1a,Sdc4"
"GO:0009408","response to heat",97,3,0.00094860885383102,0.0119164465086062,"Cryab,Pmp22,Hspa8"
"GO:0035633","maintenance of blood-brain barrier",23,2,0.00094891193051374,0.0119164465086062,"Mfsd2a,Slc12a2"
"GO:0001501","skeletal system development",586,6,0.00102647110759246,0.0127638807747772,"Arid5b,Insig1,Col1a1,Slc39a1,Tiparp,Errfi1"
"GO:0071383","cellular response to steroid hormone stimulus",225,4,0.00103107108415379,0.0127638807747772,"Sgk1,Klf9,Errfi1,Atp1a1"
"GO:0150076","neuroinflammatory response",100,3,0.00103602112838501,0.0127638807747772,"Cntf,Ldlr,Ifngr1"
"GO:0009605","response to external stimulus",2865,14,0.00103885523243898,0.0127638807747772,"Cntf,Nfkbia,Pmp22,Ldlr,Slc7a5,Col1a1,Hspa8,Prkcq,Ifngr1,Odc1,Atp1a1,Ppp1cb,Slc12a2,Slc9a9"
"GO:0048708","astrocyte differentiation",101,3,0.00106625129475374,0.0130300494245981,"Cntf,Ldlr,Ifngr1"
"GO:0060021","roof of mouth development",102,3,0.00109703441034277,0.013334541255129,"Arid5b,Insig1,Tiparp"
"GO:0098662","inorganic cation transmembrane transport",820,7,0.0011112038706382,0.0134267848226092,"Fxyd6,Slc6a6,Atp1b3,Slc39a1,Atp1a1,Slc12a2,Slc9a9"
"GO:0010866","regulation of triglyceride biosynthetic process",25,2,0.00112234452982655,0.0134267848226092,"Ldlr,Mfsd2a"
"GO:0110096","cellular response to aldehyde",25,2,0.00112234452982655,0.0134267848226092,"Sgk1,Col1a1"
"GO:0042632","cholesterol homeostasis",104,3,0.00116027507990745,0.0138078809247625,"Insig1,Ldlr,Errfi1"
"GO:0055092","sterol homeostasis",105,3,0.00119274035912502,0.0140110729875436,"Insig1,Ldlr,Errfi1"
"GO:0071214","cellular response to abiotic stimulus",404,5,0.00120832207046975,0.0140110729875436,"Cryab,Col1a1,Errfi1,Cdkn1a,Atp1a1"
"GO:0104004","cellular response to environmental stimulus",404,5,0.00120832207046975,0.0140110729875436,"Cryab,Col1a1,Errfi1,Cdkn1a,Atp1a1"
"GO:0032753","positive regulation of interleukin-4 production",26,2,0.0012143340864699,0.0140110729875436,"Slc7a5,Prkcq"
"GO:0036296","response to increased oxygen levels",26,2,0.0012143340864699,0.0140110729875436,"Slc7a5,Col1a1"
"GO:0042026","protein refolding",26,2,0.0012143340864699,0.0140110729875436,"Cryab,Hspa8"
"GO:0046890","regulation of lipid biosynthetic process",238,4,0.00126854900519367,0.0145626863070971,"Insig1,Ldlr,Mfsd2a,Atp1a1"
"GO:0010894","negative regulation of steroid biosynthetic process",27,2,0.00130982084956952,0.0149169706517546,"Insig1,Atp1a1"
"GO:0060322","head development",844,7,0.00131253591304484,0.0149169706517546,"Arid5b,Mfsd2a,Nr4a2,Col1a1,Egr2,Hspa8,Tiparp"
"GO:0031667","response to nutrient levels",617,6,0.00133673843580933,0.0150856118950443,"Ldlr,Mfsd2a,Slc7a5,Col1a1,Hspa8,Cdkn1a"
"GO:0006812","monoatomic cation transport",1100,8,0.00135001369374436,0.0150856118950443,"Sgk1,Fxyd6,Slc6a6,Atp1b3,Slc39a1,Atp1a1,Slc12a2,Slc9a9"
"GO:0010604","positive regulation of macromolecule metabolic process",3294,15,0.00135637774082316,0.0150856118950443,"Cntf,Arid5b,Nfkbia,Pmp22,Ldlr,Slc7a5,Nr4a2,Col1a1,Egr2,Hspa8,Klf9,Prkcq,Tiparp,Ifngr1,Klf15"
"GO:0098655","monoatomic cation transmembrane transport",849,7,0.00135787811904772,0.0150856118950443,"Fxyd6,Slc6a6,Atp1b3,Slc39a1,Atp1a1,Slc12a2,Slc9a9"
"GO:0050890","cognition",415,5,0.00136055892586189,0.0150856118950443,"Ldlr,Hmgcr,Sgk1,Mfsd2a,Nr4a2"
"GO:0001944","vasculature development",852,7,0.00138566892278026,0.015264310441238,"Ldlr,Col1a1,Egr2,Tgfa,Tiparp,Errfi1,Slc12a2"
"GO:0035264","multicellular organism growth",244,4,0.00139010658219809,0.015264310441238,"Arid5b,Pmp22,Mfsd2a,Slc12a2"
"GO:0032740","positive regulation of interleukin-17 production",28,2,0.00140879114390071,0.0153214462683556,"Slc7a5,Prkcq"
"GO:0098719","sodium ion import across plasma membrane",28,2,0.00140879114390071,0.0153214462683556,"Slc12a2,Slc9a9"
"GO:0007417","central nervous system development",1110,8,0.00142998819164438,0.0153989540505057,"Cntf,Ldlr,Mfsd2a,Nr4a2,Egr2,Hspa8,Ifngr1,B3gnt5"
"GO:0042221","response to chemical",5610,21,0.00143199875781329,0.0153989540505057,"Cntf,Arid5b,Insig1,Cryab,Nfkbia,Ldlr,Hmgcr,Sgk1,Slc7a5,Nr4a2,Col1a1,Egr2,Hspa8,Klf9,Prkcq,Tiparp,Errfi1,Ifngr1,Atp1a1,Slc12a2,Klf15"
"GO:0071495","cellular response to endogenous stimulus",1383,9,0.00143624208478099,0.0153989540505057,"Insig1,Sgk1,Nr4a2,Col1a1,Klf9,Prkcq,Errfi1,Atp1a1,Klf15"
"GO:0140352","export from cell",1114,8,0.00146302001520056,0.015612415467375,"Cntf,Hmgcr,Fxyd6,Prkcq,Atp1b3,Atp1a1,Slc12a2,Sdc4"
"GO:0042594","response to starvation",248,4,0.00147553055352342,0.0156723408792464,"Mfsd2a,Slc7a5,Hspa8,Cdkn1a"
"GO:0045939","negative regulation of steroid metabolic process",29,2,0.00151123133286623,0.0159768782307207,"Insig1,Atp1a1"
"GO:0040007","growth",1122,8,0.00153091380348029,0.016110032756068,"Cntf,Arid5b,Cryab,Pmp22,Sgk1,Mfsd2a,Cdkn1a,Slc12a2"
"GO:0032869","cellular response to insulin stimulus",251,4,0.00154195773083557,0.016151474295803,"Insig1,Sgk1,Prkcq,Errfi1"
"GO:0071480","cellular response to gamma radiation",30,2,0.00161712781840177,0.0167841622430467,"Cryab,Cdkn1a"
"GO:0090208","positive regulation of triglyceride metabolic process",30,2,0.00161712781840177,0.0167841622430467,"Ldlr,Mfsd2a"
"GO:0050670","regulation of lymphocyte proliferation",257,4,0.00168102420392679,0.0173680364342073,"Prkcq,Mapk8ip1,Cdkn1a,Sdc4"
"GO:0010660","regulation of muscle cell apoptotic process",119,3,0.0017086246556767,0.0175733205536341,"Hmgcr,Slc7a5,Hspa8"
"GO:0048641","regulation of skeletal muscle tissue development",31,2,0.00172646704088152,0.0176768449726293,"Tsc22d3,Hmgcr"
"GO:0045833","negative regulation of lipid metabolic process",120,3,0.00175000176505341,0.0178374619370691,"Insig1,Mfsd2a,Atp1a1"
"GO:0001558","regulation of cell growth",442,5,0.00179409224482107,0.0178784261469844,"Cntf,Cryab,Sgk1,Mfsd2a,Cdkn1a"
"GO:0032944","regulation of mononuclear cell proliferation",262,4,0.0018033993495109,0.0178784261469844,"Prkcq,Mapk8ip1,Cdkn1a,Sdc4"
"GO:0042542","response to hydrogen peroxide",122,3,0.00183462669549753,0.0178784261469844,"Cryab,Col1a1,Hspa8"
"GO:0070233","negative regulation of T cell apoptotic process",32,2,0.00183923547902409,0.0178784261469844,"Tsc22d3,Prkcq"
"GO:0003299","muscle hypertrophy in response to stress",33,2,0.00195541964979852,0.0178784261469844,"Errfi1,Klf15"
"GO:0014898","cardiac muscle hypertrophy in response to stress",33,2,0.00195541964979852,0.0178784261469844,"Errfi1,Klf15"
"GO:0032633","interleukin-4 production",33,2,0.00195541964979852,0.0178784261469844,"Slc7a5,Prkcq"
"GO:0032673","regulation of interleukin-4 production",33,2,0.00195541964979852,0.0178784261469844,"Slc7a5,Prkcq"
"GO:0051128","regulation of cellular component organization",2712,13,0.00195777435046214,0.0178784261469844,"Cntf,Cryab,Pmp22,Ldlr,Sgk1,Mfsd2a,Hspa8,Tgfa,Prkcq,Cdkn1a,Itm2c,Arhgef26,Sdc4"
"GO:0009612","response to mechanical stimulus",268,4,0.00195826444246293,0.0178784261469844,"Nfkbia,Col1a1,Atp1a1,Slc12a2"
"GO:0030522","intracellular receptor signaling pathway",451,5,0.00195893337179091,0.0178784261469844,"Nfkbia,Nr4a2,Hspa8,Klf9,Errfi1"
"GO:0021594","rhombomere formation",1,1,0.00198212203653325,0.0178784261469844,"Egr2"
"GO:0021595","rhombomere structural organization",1,1,0.00198212203653325,0.0178784261469844,"Egr2"
"GO:0021659","rhombomere 3 structural organization",1,1,0.00198212203653325,0.0178784261469844,"Egr2"
"GO:0021660","rhombomere 3 formation",1,1,0.00198212203653325,0.0178784261469844,"Egr2"
"GO:0021664","rhombomere 5 morphogenesis",1,1,0.00198212203653325,0.0178784261469844,"Egr2"
"GO:0021665","rhombomere 5 structural organization",1,1,0.00198212203653325,0.0178784261469844,"Egr2"
"GO:0021666","rhombomere 5 formation",1,1,0.00198212203653325,0.0178784261469844,"Egr2"
"GO:0045795","positive regulation of cell volume",1,1,0.00198212203653325,0.0178784261469844,"Slc12a2"
"GO:0071306","cellular response to vitamin E",1,1,0.00198212203653325,0.0178784261469844,"Col1a1"
"GO:0071387","cellular response to cortisol stimulus",1,1,0.00198212203653325,0.0178784261469844,"Klf9"
"GO:0140329","lysophospholipid translocation",1,1,0.00198212203653325,0.0178784261469844,"Mfsd2a"
"GO:0150175","regulation of phosphatidylethanolamine metabolic process",1,1,0.00198212203653325,0.0178784261469844,"Mfsd2a"
"GO:0150178","regulation of phosphatidylserine metabolic process",1,1,0.00198212203653325,0.0178784261469844,"Mfsd2a"
"GO:1904556","L-tryptophan transmembrane transport",1,1,0.00198212203653325,0.0178784261469844,"Slc7a5"
"GO:1904592","positive regulation of protein refolding",1,1,0.00198212203653325,0.0178784261469844,"Hspa8"
"GO:1904764","chaperone-mediated autophagy translocation complex disassembly",1,1,0.00198212203653325,0.0178784261469844,"Hspa8"
"GO:1905534","positive regulation of L-leucine import across plasma membrane",1,1,0.00198212203653325,0.0178784261469844,"Slc7a5"
"GO:1990832","slow axonal transport",1,1,0.00198212203653325,0.0178784261469844,"Hspa8"
"GO:0006641","triglyceride metabolic process",127,3,0.00205725786779083,0.0184100280846006,"Insig1,Ldlr,Mfsd2a"
"GO:0006720","isoprenoid metabolic process",127,3,0.00205725786779083,0.0184100280846006,"Ldlr,Hmgcr,Klf9"
"GO:0014887","cardiac muscle adaptation",34,2,0.00207500610833058,0.0184237847040445,"Errfi1,Klf15"
"GO:0051957","positive regulation of amino acid transport",34,2,0.00207500610833058,0.0184237847040445,"Slc7a5,Slc12a2"
"GO:0010657","muscle cell apoptotic process",128,3,0.00210370795880694,0.018605946266024,"Hmgcr,Slc7a5,Hspa8"
"GO:0007169","cell surface receptor protein tyrosine kinase signaling pathway",680,6,0.00218452948816168,0.0190918714729854,"Arid5b,Col1a1,Tgfa,Prkcq,Tiparp,Errfi1"
"GO:0098660","inorganic ion transmembrane transport",924,7,0.00219794633708062,0.0190918714729854,"Fxyd6,Slc6a6,Atp1b3,Slc39a1,Atp1a1,Slc12a2,Slc9a9"
"GO:1990000","amyloid fibril formation",35,2,0.00219798144780923,0.0190918714729854,"Cryab,Ldlr"
"GO:0019218","regulation of steroid metabolic process",130,3,0.00219855782565073,0.0190918714729854,"Insig1,Ldlr,Atp1a1"
"GO:0006886","intracellular protein transport",681,6,0.00220064686578186,0.0190918714729854,"Insig1,Nfkbia,Egr2,Hspa8,Prkcq,Cdkn1a"
"GO:0046889","positive regulation of lipid biosynthetic process",131,3,0.00224696394440109,0.0194195781202421,"Insig1,Ldlr,Mfsd2a"
"GO:1901654","response to ketone",282,4,0.00235505178742164,0.020276639063672,"Sgk1,Hspa8,Klf9,Errfi1"
"GO:0010817","regulation of hormone levels",691,6,0.00236682675020405,0.0203011215215615,"Cntf,Hmgcr,Slc7a5,Klf9,Tiparp,Atp1a1"
"GO:0072594","establishment of protein localization to organelle",473,5,0.00240843377608985,0.020503619065763,"Insig1,Nfkbia,Hspa8,Prkcq,Cdkn1a"
"GO:0010646","regulation of cell communication",3858,16,0.00241558501131074,0.020503619065763,"Cntf,Insig1,Nfkbia,Pmp22,Hmgcr,Nr4a2,Col1a1,Slc6a6,Hspa8,Tgfa,Prkcq,Errfi1,Mapk8ip1,Itm2c,Slc12a2,Klf15"
"GO:0065008","regulation of biological quality",3488,15,0.00241749666063549,0.020503619065763,"Cntf,Cryab,Pmp22,Hmgcr,Mfsd2a,Slc7a5,Hspa8,Klf9,Prkcq,Cmtm6,Atp1b3,Tiparp,Atp1a1,Slc12a2,Slc9a9"
"GO:1902305","regulation of sodium ion transmembrane transport",37,2,0.00245404533211861,0.0207362269141472,"Fxyd6,Atp1b3"
"GO:0070663","regulation of leukocyte proliferation",286,4,0.00247788266369797,0.0208601010910574,"Prkcq,Mapk8ip1,Cdkn1a,Sdc4"
"GO:0009791","post-embryonic development",136,3,0.00249893099275873,0.0209596684374192,"Arid5b,Nr4a2,Tiparp"
"GO:0045444","fat cell differentiation",287,4,0.00250926670450659,0.0209689824240569,"Arid5b,Insig1,Nr4a2,Egr2"
"GO:0009314","response to radiation",479,5,0.00254309063186603,0.0211737912316172,"Cryab,Hmgcr,Sgk1,Cdkn1a,Ppp1cb"
"GO:0045595","regulation of cell differentiation",1809,10,0.00257783034973753,0.0213836174022719,"Cntf,Insig1,Nfkbia,Ldlr,Sgk1,Slc7a5,Col1a1,Egr2,Slc6a6,Errfi1"
"GO:0032570","response to progesterone",38,2,0.00258710725280457,0.0213836174022719,"Hspa8,Errfi1"
"GO:0032963","collagen metabolic process",138,3,0.00260441181154622,0.0214486523465382,"Col1a1,Errfi1,Klf15"
"GO:0048667","cell morphogenesis involved in neuron differentiation",707,6,0.0026522606973951,0.0217638576360255,"Pmp22,Sgk1,Mfsd2a,Nr4a2,Egr2,Megf9"
"GO:1903725","regulation of phospholipid metabolic process",39,2,0.00272350480596203,0.0222680806616968,"Ldlr,Mfsd2a"
"GO:0031669","cellular response to nutrient levels",294,4,0.00273666424559148,0.0222954760940123,"Mfsd2a,Slc7a5,Col1a1,Cdkn1a"
"GO:0014706","striated muscle tissue development",494,5,0.00290366668419981,0.0235051725625839,"Tsc22d3,Pmp22,Hmgcr,Egr2,Hspa8"
"GO:0045184","establishment of protein localization",1839,10,0.00290583083593756,0.0235051725625839,"Insig1,Nfkbia,Hmgcr,Col1a1,Egr2,Hspa8,Prkcq,Cmtm6,Cdkn1a,Slc12a2"
"GO:0061744","motor behavior",41,2,0.00300625397563622,0.0241456370551984,"Pmp22,Mfsd2a"
"GO:0090317","negative regulation of intracellular protein transport",41,2,0.00300625397563622,0.0241456370551984,"Insig1,Nfkbia"
"GO:0080134","regulation of response to stress",1544,9,0.00304422372845279,0.0243645089252577,"Cntf,Insig1,Nfkbia,Pmp22,Ldlr,Hmgcr,Hspa8,Errfi1,Slc12a2"
"GO:0007155","cell adhesion",1547,9,0.00308402801170027,0.0245223995698034,"Cadm3,Gldn,Pmp22,Col1a1,Prkcq,Chst2,Ppp1cb,Megf9,Sdc4"
"GO:0032386","regulation of intracellular transport",304,4,0.00308552849844425,0.0245223995698034,"Insig1,Cryab,Nfkbia,Prkcq"
"GO:0009966","regulation of signal transduction",3214,14,0.00312387339324695,0.0247406418914645,"Cntf,Insig1,Nfkbia,Pmp22,Hmgcr,Nr4a2,Col1a1,Hspa8,Tgfa,Prkcq,Errfi1,Mapk8ip1,Itm2c,Klf15"
"GO:0045922","negative regulation of fatty acid metabolic process",42,2,0.00315257926879948,0.0248812940207681,"Insig1,Mfsd2a"
"GO:0014013","regulation of gliogenesis",148,3,0.00317305075008305,0.0249562088406186,"Ldlr,Slc7a5,Egr2"
"GO:0009309","amine biosynthetic process",43,2,0.00330218754754341,0.0257050421081034,"Nr4a2,Odc1"
"GO:0042401","biogenic amine biosynthetic process",43,2,0.00330218754754341,0.0257050421081034,"Nr4a2,Odc1"
"GO:0071711","basement membrane organization",43,2,0.00330218754754341,0.0257050421081034,"Pmp22,Megf9"
"GO:0051224","negative regulation of protein transport",151,3,0.00335731896192282,0.0260450034145071,"Insig1,Nfkbia,Hmgcr"
"GO:0010664","negative regulation of striated muscle cell apoptotic process",44,2,0.00345506574345202,0.0267121239281172,"Hmgcr,Hspa8"
"GO:1901655","cellular response to ketone",154,3,0.00354802980823464,0.027269965035849,"Sgk1,Klf9,Errfi1"
"GO:0034220","monoatomic ion transmembrane transport",1008,7,0.00356779303781921,0.027269965035849,"Fxyd6,Slc6a6,Atp1b3,Slc39a1,Atp1a1,Slc12a2,Slc9a9"
"GO:0006469","negative regulation of protein kinase activity",45,2,0.00361120082524882,0.027269965035849,"Errfi1,Mapk8ip1"
"GO:0006972","hyperosmotic response",45,2,0.00361120082524882,0.027269965035849,"Errfi1,Slc12a2"
"GO:0007616","long-term memory",45,2,0.00361120082524882,0.027269965035849,"Ldlr,Sgk1"
"GO:0032620","interleukin-17 production",45,2,0.00361120082524882,0.027269965035849,"Slc7a5,Prkcq"
"GO:0032660","regulation of interleukin-17 production",45,2,0.00361120082524882,0.027269965035849,"Slc7a5,Prkcq"
"GO:0006639","acylglycerol metabolic process",157,3,0.00374525365919746,0.0278698803693925,"Insig1,Ldlr,Mfsd2a"
"GO:0006811","monoatomic ion transport",1299,8,0.0037963972776384,0.0278698803693925,"Sgk1,Fxyd6,Slc6a6,Atp1b3,Slc39a1,Atp1a1,Slc12a2,Slc9a9"
"GO:0006638","neutral lipid metabolic process",159,3,0.00388038847748784,0.0278698803693925,"Insig1,Ldlr,Mfsd2a"
"GO:0048585","negative regulation of response to stimulus",1918,10,0.00393316905417618,0.0278698803693925,"Insig1,Nfkbia,Ldlr,Hmgcr,Nr4a2,Hspa8,Prkcq,Errfi1,Mapk8ip1,Slc12a2"
"GO:0048812","neuron projection morphogenesis",766,6,0.00393367748062961,0.0278698803693925,"Pmp22,Sgk1,Mfsd2a,Nr4a2,Egr2,Megf9"
"GO:0010629","negative regulation of gene expression",1609,9,0.00400381160667636,0.0280884684628869,"Cryab,Nfkbia,Pmp22,Ldlr,Slc7a5,Tiparp,Errfi1,Cdkn1a,Klf15"
"GO:0031333","negative regulation of protein-containing complex assembly",161,3,0.00401846831103402,0.0281045491414779,"Cryab,Sgk1,Hspa8"
"GO:0033673","negative regulation of kinase activity",48,2,0.00409901762838145,0.0284606526677665,"Errfi1,Mapk8ip1"
"GO:0046640","regulation of alpha-beta T cell proliferation",48,2,0.00409901762838145,0.0284606526677665,"Prkcq,Mapk8ip1"
"GO:0072359","circulatory system development",1316,8,0.00410694855918497,0.0284606526677665,"Ldlr,Col1a1,Egr2,Tgfa,Tiparp,Errfi1,Cdkn1a,Slc12a2"
"GO:0019432","triglyceride biosynthetic process",49,2,0.00426805068056723,0.0294871708113353,"Ldlr,Mfsd2a"
"GO:0120035","regulation of plasma membrane bounded cell projection organization",782,6,0.00434945285436413,0.0298679949787604,"Cntf,Pmp22,Sgk1,Mfsd2a,Prkcq,Itm2c"
"GO:0120039","plasma membrane bounded cell projection morphogenesis",782,6,0.00434945285436413,0.0298679949787604,"Pmp22,Sgk1,Mfsd2a,Nr4a2,Egr2,Megf9"
"GO:0016049","cell growth",544,5,0.00437497319694844,0.0298744513548389,"Cntf,Cryab,Sgk1,Mfsd2a,Cdkn1a"
"GO:0031400","negative regulation of protein modification process",166,3,0.00437667941098167,0.0298744513548389,"Errfi1,Mapk8ip1,Klf15"
"GO:0046651","lymphocyte proliferation",336,4,0.00440453499434438,0.0299745749764814,"Prkcq,Mapk8ip1,Cdkn1a,Sdc4"
"GO:0009894","regulation of catabolic process",1049,7,0.00443742901424197,0.0300379386450704,"Ldlr,Hmgcr,Mfsd2a,Slc7a5,Tiparp,Odc1,Ppp1cb"
"GO:0071364","cellular response to epidermal growth factor stimulus",50,2,0.00444027601616526,0.0300379386450704,"Col1a1,Errfi1"
"GO:0048858","cell projection morphogenesis",789,6,0.00454127529339638,0.0306300259403263,"Pmp22,Sgk1,Mfsd2a,Nr4a2,Egr2,Megf9"
"GO:1904950","negative regulation of establishment of protein localization",169,3,0.00460062243307274,0.0309385052969655,"Insig1,Nfkbia,Hmgcr"
"GO:0086009","membrane repolarization",51,2,0.00461568082482734,0.0309482080083556,"Atp1b3,Atp1a1"
"GO:0051716","cellular response to stimulus",8819,27,0.00465399215080066,0.0311133063493233,"Cntf,Arid5b,Insig1,Cryab,Gldn,Nfkbia,Pmp22,Ldlr,Hmgcr,Sgk1,Mfsd2a,Slc7a5,Nr4a2,Col1a1,Hspa8,Tgfa,Klf9,Prkcq,Tiparp,Errfi1,Mapk8ip1,Cdkn1a,Ifngr1,Itm2c,Atp1a1,Slc12a2,Klf15"
"GO:0023057","negative regulation of signaling",1648,9,0.00468538448016217,0.0312313164909343,"Insig1,Nfkbia,Ldlr,Hmgcr,Nr4a2,Hspa8,Prkcq,Errfi1,Mapk8ip1"
"GO:0032943","mononuclear cell proliferation",343,4,0.00473676692335987,0.0313324262746665,"Prkcq,Mapk8ip1,Cdkn1a,Sdc4"
"GO:0051129","negative regulation of cellular component organization",797,6,0.00476811170769887,0.0313324262746665,"Cryab,Pmp22,Ldlr,Sgk1,Hspa8,Itm2c"
"GO:0001774","microglial cell activation",52,2,0.0047942523327104,0.0313324262746665,"Ldlr,Ifngr1"
"GO:0016202","regulation of striated muscle tissue development",52,2,0.0047942523327104,0.0313324262746665,"Tsc22d3,Hmgcr"
"GO:0051348","negative regulation of transferase activity",52,2,0.0047942523327104,0.0313324262746665,"Errfi1,Mapk8ip1"
"GO:0051403","stress-activated MAPK cascade",52,2,0.0047942523327104,0.0313324262746665,"Cryab,Hmgcr"
"GO:0031344","regulation of cell projection organization",798,6,0.00479704546572105,0.0313324262746665,"Cntf,Pmp22,Sgk1,Mfsd2a,Prkcq,Itm2c"
"GO:0051223","regulation of protein transport",560,5,0.00494164068045464,0.0321494588583711,"Insig1,Nfkbia,Hmgcr,Prkcq,Slc12a2"
"GO:0046633","alpha-beta T cell proliferation",53,2,0.00497597780238676,0.0321494588583711,"Prkcq,Mapk8ip1"
"GO:0070232","regulation of T cell apoptotic process",53,2,0.00497597780238676,0.0321494588583711,"Tsc22d3,Prkcq"
"GO:0048732","gland development",561,5,0.0049787107426954,0.0321494588583711,"Arid5b,Slc7a5,Tgfa,Errfi1,Slc12a2"
"GO:0030003","intracellular monoatomic cation homeostasis",563,5,0.00505344536750186,0.0325396071397499,"Sgk1,Atp1b3,Atp1a1,Slc12a2,Slc9a9"
"GO:1901861","regulation of muscle tissue development",54,2,0.00516084453275446,0.0331372870704828,"Tsc22d3,Hmgcr"
"GO:0008284","positive regulation of cell population proliferation",1083,7,0.00527386369759895,0.0336784293611873,"Cntf,Hmgcr,Slc7a5,Tgfa,Prkcq,Cdkn1a,Odc1"
"GO:0001568","blood vessel development",814,6,0.00527788780932971,0.0336784293611873,"Ldlr,Col1a1,Egr2,Tgfa,Tiparp,Slc12a2"
"GO:0009416","response to light stimulus",354,4,0.00529236052636936,0.0336784293611873,"Hmgcr,Sgk1,Cdkn1a,Ppp1cb"
"GO:0015748","organophosphate ester transport",178,3,0.00531371419526206,0.0336784293611873,"Ldlr,Mfsd2a,Gjb1"
"GO:0014037","Schwann cell differentiation",55,2,0.00534883985894792,0.0336784293611873,"Pmp22,Egr2"
"GO:0070849","response to epidermal growth factor",55,2,0.00534883985894792,0.0336784293611873,"Col1a1,Errfi1"
"GO:0090207","regulation of triglyceride metabolic process",55,2,0.00534883985894792,0.0336784293611873,"Ldlr,Mfsd2a"
"GO:0006873","intracellular monoatomic ion homeostasis",574,5,0.00547884651366244,0.0338940718237753,"Sgk1,Atp1b3,Atp1a1,Slc12a2,Slc9a9"
"GO:0031960","response to corticosteroid",180,3,0.00548069481343189,0.0338940718237753,"Sgk1,Klf9,Errfi1"
"GO:0002269","leukocyte activation involved in inflammatory response",56,2,0.00553995115224868,0.0338940718237753,"Ldlr,Ifngr1"
"GO:0048634","regulation of muscle organ development",56,2,0.00553995115224868,0.0338940718237753,"Tsc22d3,Hmgcr"
"GO:0033157","regulation of intracellular protein transport",181,3,0.0055653588018433,0.0338940718237753,"Insig1,Nfkbia,Prkcq"
"GO:0010975","regulation of neuron projection development",579,5,0.00568038216598771,0.0338940718237753,"Cntf,Pmp22,Sgk1,Mfsd2a,Itm2c"
"GO:0097435","supramolecular fiber organization",827,6,0.00569404706076379,0.0338940718237753,"Cryab,Ldlr,Sgk1,Hspa8,Prkcq,Sdc4"
"GO:0062197","cellular response to chemical stress",362,4,0.00572286002102629,0.0338940718237753,"Nr4a2,Hspa8,Errfi1,Atp1a1"
"GO:0051954","positive regulation of amine transport",57,2,0.00573416581999645,0.0338940718237753,"Slc7a5,Slc12a2"
"GO:0089718","amino acid import across plasma membrane",57,2,0.00573416581999645,0.0338940718237753,"Slc7a5,Slc6a6"
"GO:0009266","response to temperature stimulus",184,3,0.00582406943179862,0.0338940718237753,"Cryab,Pmp22,Hspa8"
"GO:0000165","MAPK cascade",832,6,0.00586036906732067,0.0338940718237753,"Cntf,Cryab,Hmgcr,Tgfa,Errfi1,Mapk8ip1"
"GO:0045834","positive regulation of lipid metabolic process",185,3,0.0059118857304379,0.0338940718237753,"Insig1,Ldlr,Mfsd2a"
"GO:0014888","striated muscle adaptation",58,2,0.00593147130550028,0.0338940718237753,"Errfi1,Klf15"
"GO:0034605","cellular response to heat",58,2,0.00593147130550028,0.0338940718237753,"Pmp22,Hspa8"
"GO:0051496","positive regulation of stress fiber assembly",58,2,0.00593147130550028,0.0338940718237753,"Prkcq,Sdc4"
"GO:0070229","negative regulation of lymphocyte apoptotic process",58,2,0.00593147130550028,0.0338940718237753,"Tsc22d3,Prkcq"
"GO:0051093","negative regulation of developmental process",1112,7,0.00607726974532077,0.0342449793978139,"Cntf,Tsc22d3,Insig1,Nfkbia,Ldlr,Cdkn1a,Slc12a2"
"GO:0007611","learning or memory",369,4,0.00611828103998837,0.0342449793978139,"Ldlr,Hmgcr,Sgk1,Nr4a2"
"GO:0010332","response to gamma radiation",59,2,0.00613185508794996,0.0342449793978139,"Cryab,Cdkn1a"
"GO:0015804","neutral amino acid transport",59,2,0.00613185508794996,0.0342449793978139,"Slc7a5,Slc6a6"
"GO:0032892","positive regulation of organic acid transport",59,2,0.00613185508794996,0.0342449793978139,"Slc7a5,Slc12a2"
"GO:0032965","regulation of collagen biosynthetic process",59,2,0.00613185508794996,0.0342449793978139,"Errfi1,Klf15"
"GO:0046460","neutral lipid biosynthetic process",59,2,0.00613185508794996,0.0342449793978139,"Ldlr,Mfsd2a"
"GO:0046463","acylglycerol biosynthetic process",59,2,0.00613185508794996,0.0342449793978139,"Ldlr,Mfsd2a"
"GO:0051955","regulation of amino acid transport",59,2,0.00613185508794996,0.0342449793978139,"Slc7a5,Slc12a2"
"GO:0061564","axon development",591,5,0.00618544772432263,0.0344596144053562,"Cntf,Pmp22,Nr4a2,Egr2,Megf9"
"GO:0031647","regulation of protein stability",372,4,0.00629319197682299,0.0349344663122036,"Cryab,Hspa8,Cmtm6,Atp1b3"
"GO:0030029","actin filament-based process",845,6,0.00630950929407655,0.0349344663122036,"Pmp22,Sptbn5,Prkcq,Atp1a1,Arhgef26,Sdc4"
"GO:0090181","regulation of cholesterol metabolic process",60,2,0.00633530468232763,0.0349344663122036,"Insig1,Ldlr"
"GO:0006644","phospholipid metabolic process",373,4,0.00635222900941613,0.0349344663122036,"Ldlr,Hmgcr,Mfsd2a,Efr3b"
"GO:0001889","liver development",190,3,0.00636289883557075,0.0349344663122036,"Slc7a5,Tgfa,Errfi1"
"GO:0055088","lipid homeostasis",190,3,0.00636289883557075,0.0349344663122036,"Insig1,Ldlr,Errfi1"
"GO:0006694","steroid biosynthetic process",191,3,0.00645550080047487,0.0353083954167206,"Insig1,Hmgcr,Atp1a1"
"GO:0007165","signal transduction",7185,23,0.00646207324828674,0.0353083954167206,"Cntf,Arid5b,Insig1,Cryab,Gldn,Nfkbia,Pmp22,Hmgcr,Sgk1,Nr4a2,Col1a1,Hspa8,Tgfa,Klf9,Prkcq,Tiparp,Errfi1,Mapk8ip1,Cdkn1a,Ifngr1,Itm2c,Atp1a1,Klf15"
"GO:0009611","response to wounding",600,5,0.00658451832133895,0.0358911514254279,"Cntf,Prkcq,Cdkn1a,Slc12a2,Sdc4"
"GO:0061008","hepaticobiliary system development",193,3,0.00664311860153046,0.0360911147360264,"Slc7a5,Tgfa,Errfi1"
"GO:0042176","regulation of protein catabolic process",378,4,0.00665295955758691,0.0360911147360264,"Ldlr,Hmgcr,Tiparp,Odc1"
"GO:0060251","regulation of glial cell proliferation",62,2,0.00675135154522824,0.0365376715769138,"Pmp22,Slc7a5"
"GO:0006865","amino acid transport",195,3,0.00683396667871944,0.0368305170624159,"Slc7a5,Slc6a6,Slc12a2"
"GO:0070661","leukocyte proliferation",381,4,0.00683786986376573,0.0368305170624159,"Prkcq,Mapk8ip1,Cdkn1a,Sdc4"
"GO:0042129","regulation of T cell proliferation",196,3,0.00693060641635326,0.0372417692301914,"Prkcq,Mapk8ip1,Sdc4"
"GO:0003008","system process",3520,14,0.0071158184306824,0.0381468285210875,"Pmp22,Ldlr,Hmgcr,Sgk1,Mfsd2a,Nr4a2,Col1a1,Egr2,Efr3b,Errfi1,Atp1a1,Slc12a2,Klf15,Gjc3"
"GO:0030307","positive regulation of cell growth",199,3,0.00722540882374478,0.0386431864855809,"Cntf,Sgk1,Mfsd2a"
"GO:0042552","myelination",200,3,0.0073253095796316,0.0390855133204287,"Pmp22,Egr2,Gjc3"
"GO:0001933","negative regulation of protein phosphorylation",65,2,0.00739810535187835,0.0392335976258119,"Errfi1,Mapk8ip1"
"GO:0048583","regulation of response to stimulus",4311,16,0.00740172065957733,0.0392335976258119,"Cntf,Insig1,Nfkbia,Pmp22,Ldlr,Hmgcr,Nr4a2,Col1a1,Hspa8,Tgfa,Prkcq,Errfi1,Mapk8ip1,Itm2c,Slc12a2,Klf15"
"GO:0000902","cell morphogenesis",1156,7,0.00746800599346279,0.0392335976258119,"Pmp22,Sgk1,Mfsd2a,Nr4a2,Egr2,Arhgef26,Megf9"
"GO:0046942","carboxylic acid transport",391,4,0.00747884165672158,0.0392335976258119,"Mfsd2a,Slc7a5,Slc6a6,Slc12a2"
"GO:0015849","organic acid transport",393,4,0.00761163600531104,0.0392335976258119,"Mfsd2a,Slc7a5,Slc6a6,Slc12a2"
"GO:0050435","amyloid-beta metabolic process",66,2,0.00761968962573194,0.0392335976258119,"Ldlr,Ifngr1"
"GO:0046486","glycerolipid metabolic process",394,4,0.00767861434900938,0.0392335976258119,"Insig1,Ldlr,Mfsd2a,Efr3b"
"GO:0007272","ensheathment of neurons",204,3,0.00773312234870756,0.0392335976258119,"Pmp22,Egr2,Gjc3"
"GO:0008366","axon ensheathment",204,3,0.00773312234870756,0.0392335976258119,"Pmp22,Egr2,Gjc3"
"GO:0002694","regulation of leukocyte activation",625,5,0.00778786085756901,0.0392335976258119,"Ldlr,Prkcq,Mapk8ip1,Cdkn1a,Sdc4"
"GO:0010712","regulation of collagen metabolic process",67,2,0.00784425331119026,0.0392335976258119,"Errfi1,Klf15"
"GO:0046470","phosphatidylcholine metabolic process",67,2,0.00784425331119026,0.0392335976258119,"Ldlr,Mfsd2a"
"GO:0002682","regulation of immune system process",1786,9,0.00785672208034325,0.0392335976258119,"Tsc22d3,Nfkbia,Ldlr,Hspa8,Prkcq,Mapk8ip1,Cdkn1a,Chst2,Sdc4"
"GO:0009267","cellular response to starvation",206,3,0.00794197666613052,0.0393292221396834,"Mfsd2a,Slc7a5,Cdkn1a"
"GO:0019216","regulation of lipid metabolic process",399,4,0.00801935517802826,0.0396260746079527,"Insig1,Ldlr,Mfsd2a,Atp1a1"
"GO:0043616","keratinocyte proliferation",68,2,0.00807178420641558,0.0397986236468169,"Klf9,Cdkn1a"
"GO:0060341","regulation of cellular localization",634,5,0.00825640620185023,0.0406208036727393,"Insig1,Cryab,Nfkbia,Hmgcr,Prkcq"
"GO:0009058","biosynthetic process",10605,30,0.0083332055245003,0.0409100996915533,"Cntf,Arid5b,Tsc22d3,Insig1,Cryab,Nfkbia,Pmp22,Ldlr,Hmgcr,Mfsd2a,Slc7a5,Nr4a2,Col1a1,Egr2,Hspa8,Klf9,Prkcq,Tiparp,Efr3b,Errfi1,Mapk8ip1,Cdkn1a,Ifngr1,Odc1,Itm2c,Atp1a1,B3gnt5,Zfhx4,Ppp1cb,Klf15"
"GO:0070201","regulation of establishment of protein localization",639,5,0.00852504136608517,0.04128009321875,"Insig1,Nfkbia,Hmgcr,Prkcq,Slc12a2"
"GO:0006695","cholesterol biosynthetic process",70,2,0.00853569899375824,0.04128009321875,"Insig1,Hmgcr"
"GO:0010665","regulation of cardiac muscle cell apoptotic process",70,2,0.00853569899375824,0.04128009321875,"Hmgcr,Hspa8"
"GO:0032233","positive regulation of actin filament bundle assembly",70,2,0.00853569899375824,0.04128009321875,"Prkcq,Sdc4"
"GO:0048008","platelet-derived growth factor receptor signaling pathway",70,2,0.00853569899375824,0.04128009321875,"Arid5b,Tiparp"
"GO:0072348","sulfur compound transport",70,2,0.00853569899375824,0.04128009321875,"Slc7a5,Slc6a6"
"GO:1902653","secondary alcohol biosynthetic process",70,2,0.00853569899375824,0.04128009321875,"Insig1,Hmgcr"
"GO:0001817","regulation of cytokine production",906,6,0.00876006351823038,0.0422434095913026,"Nfkbia,Slc7a5,Prkcq,Errfi1,Ifngr1,Klf15"
"GO:0070231","T cell apoptotic process",71,2,0.00877205865688289,0.0422434095913026,"Tsc22d3,Prkcq"
"GO:1903532","positive regulation of secretion by cell",410,4,0.00880375880471525,0.0423064350171623,"Cntf,Prkcq,Slc12a2,Sdc4"
"GO:0043270","positive regulation of monoatomic ion transport",215,3,0.00892301381129272,0.0427890514621695,"Sgk1,Fxyd6,Atp1b3"
"GO:0042326","negative regulation of phosphorylation",72,2,0.0090113370716169,0.0429692459093754,"Errfi1,Mapk8ip1"
"GO:0051055","negative regulation of lipid biosynthetic process",72,2,0.0090113370716169,0.0429692459093754,"Insig1,Atp1a1"
"GO:0010959","regulation of metal ion transport",413,4,0.00902610567605917,0.0429692459093754,"Sgk1,Fxyd6,Atp1b3,Atp1a1"
"GO:0001678","intracellular glucose homeostasis",216,3,0.00903620745476525,0.0429692459093754,"Hmgcr,Col1a1,Klf15"
"GO:0001816","cytokine production",913,6,0.00907968999705991,0.0430858775852133,"Nfkbia,Slc7a5,Prkcq,Errfi1,Ifngr1,Klf15"
"GO:0019220","regulation of phosphate metabolic process",415,4,0.0091763650291379,0.0434539118983967,"Ldlr,Mfsd2a,Errfi1,Mapk8ip1"
"GO:0010662","regulation of striated muscle cell apoptotic process",73,2,0.00925352221028843,0.0435471138384795,"Hmgcr,Hspa8"
"GO:0050994","regulation of lipid catabolic process",73,2,0.00925352221028843,0.0435471138384795,"Ldlr,Mfsd2a"
"GO:0071385","cellular response to glucocorticoid stimulus",73,2,0.00925352221028843,0.0435471138384795,"Klf9,Errfi1"
"GO:0055080","monoatomic cation homeostasis",654,5,0.00936743100418624,0.043992088166354,"Sgk1,Atp1b3,Atp1a1,Slc12a2,Slc9a9"
"GO:0051174","regulation of phosphorus metabolic process",418,4,0.0094048136653848,0.044076580332824,"Ldlr,Mfsd2a,Errfi1,Mapk8ip1"
"GO:0042060","wound healing",419,4,0.00948178256619163,0.0441721050245399,"Prkcq,Cdkn1a,Slc12a2,Sdc4"
"GO:0016126","sterol biosynthetic process",74,2,0.00949860207980118,0.0441721050245399,"Insig1,Hmgcr"
"GO:0032970","regulation of actin filament-based process",421,4,0.0096369545519892,0.0441721050245399,"Prkcq,Atp1a1,Arhgef26,Sdc4"
"GO:0000302","response to reactive oxygen species",223,3,0.00985223806998766,0.0441721050245399,"Cryab,Col1a1,Hspa8"
"GO:0045017","glycerolipid biosynthetic process",223,3,0.00985223806998766,0.0441721050245399,"Ldlr,Mfsd2a,Efr3b"
"GO:0010659","cardiac muscle cell apoptotic process",76,2,0.00999739821132957,0.0446445700085503,"Hmgcr,Hspa8"
"GO:0050801","monoatomic ion homeostasis",667,5,0.0101428230408285,0.0452051701407905,"Sgk1,Atp1b3,Atp1a1,Slc12a2,Slc9a9"
"GO:0030163","protein catabolic process",1232,7,0.0104122263767995,0.0463150500087382,"Pmp22,Ldlr,Hmgcr,Spsb1,Hspa8,Tiparp,Odc1"
"GO:0016043","cellular component organization",7913,24,0.0104987768557079,0.0464666215304335,"Cntf,Cadm3,Insig1,Cryab,Gldn,Pmp22,Ldlr,Sgk1,Mfsd2a,Nr4a2,Col1a1,Egr2,Sptbn5,Hspa8,Tgfa,Tubb4b,Prkcq,Cdkn1a,Itm2c,Slc12a2,Slc9a9,Arhgef26,Megf9,Sdc4"
"GO:0042982","amyloid precursor protein metabolic process",78,2,0.0105076302096977,0.0464666215304335,"Ifngr1,Itm2c"
"GO:0071479","cellular response to ionizing radiation",78,2,0.0105076302096977,0.0464666215304335,"Cryab,Cdkn1a"
"GO:0040008","regulation of growth",674,5,0.0105781961628987,0.0466878444238228,"Cntf,Cryab,Sgk1,Mfsd2a,Cdkn1a"
"GO:0097190","apoptotic signaling pathway",675,5,0.0106414268664539,0.04681459788709,"Pmp22,Nr4a2,Mapk8ip1,Cdkn1a,Itm2c"
"GO:0044281","small molecule metabolic process",1875,9,0.0106481069545207,0.04681459788709,"Insig1,Pmp22,Ldlr,Hmgcr,Mfsd2a,Hspa8,Klf9,Errfi1,Odc1"
"GO:0006355","regulation of DNA-templated transcription",3307,13,0.0107022241073823,0.0469261384510803,"Arid5b,Tsc22d3,Cryab,Nfkbia,Nr4a2,Col1a1,Egr2,Hspa8,Klf9,Prkcq,Mapk8ip1,Zfhx4,Klf15"
"GO:0007010","cytoskeleton organization",1550,8,0.0107147672046241,0.0469261384510803,"Cryab,Pmp22,Sgk1,Sptbn5,Tubb4b,Prkcq,Arhgef26,Sdc4"
"GO:0008542","visual learning",79,2,0.0107670050411407,0.0469739010720015,"Hmgcr,Sgk1"
"GO:0010658","striated muscle cell apoptotic process",79,2,0.0107670050411407,0.0469739010720015,"Hmgcr,Hspa8"
"GO:2001141","regulation of RNA biosynthetic process",3312,13,0.0108334685868989,0.047171663589028,"Arid5b,Tsc22d3,Cryab,Nfkbia,Nr4a2,Col1a1,Egr2,Hspa8,Klf9,Prkcq,Mapk8ip1,Zfhx4,Klf15"
"GO:0006979","response to oxidative stress",436,4,0.0108538407642154,0.047171663589028,"Cryab,Nr4a2,Col1a1,Hspa8"
"GO:2000107","negative regulation of leukocyte apoptotic process",80,2,0.0110292033661591,0.0478423268154192,"Tsc22d3,Prkcq"
"GO:0050865","regulation of cell activation",682,5,0.0110913542076532,0.0480035569808199,"Ldlr,Prkcq,Mapk8ip1,Cdkn1a,Sdc4"
"GO:0070482","response to oxygen levels",439,4,0.0111086101944176,0.0480035569808199,"Cryab,Slc7a5,Nr4a2,Col1a1"
"GO:0031099","regeneration",235,3,0.0113484683797592,0.048558090410249,"Cntf,Slc7a5,Cdkn1a"
"GO:0006796","phosphate-containing compound metabolic process",1573,8,0.0116459337083448,0.048558090410249,"Ldlr,Hmgcr,Mfsd2a,Hspa8,Efr3b,Errfi1,Mapk8ip1,Ppp1cb"
"GO:2001233","regulation of apoptotic signaling pathway",446,4,0.011718073472692,0.048558090410249,"Pmp22,Nr4a2,Mapk8ip1,Itm2c"
"GO:0006793","phosphorus metabolic process",1576,8,0.011771705702535,0.048558090410249,"Ldlr,Hmgcr,Mfsd2a,Hspa8,Efr3b,Errfi1,Mapk8ip1,Ppp1cb"
"GO:0071470","cellular response to osmotic stress",83,2,0.0118326219375664,0.048558090410249,"Errfi1,Atp1a1"
"GO:0001775","cell activation",1265,7,0.0119264331530678,0.0488446532557173,"Cntf,Ldlr,Prkcq,Mapk8ip1,Cdkn1a,Ifngr1,Sdc4"
"GO:0034762","regulation of transmembrane transport",449,4,0.0119857516613351,0.0489993049032636,"Slc7a5,Fxyd6,Atp1b3,Klf15"
"GO:0033365","protein localization to organelle",971,6,0.0120594545486585,0.0491373772750862,"Insig1,Nfkbia,Col1a1,Hspa8,Prkcq,Cdkn1a"
"GO:0042306","regulation of protein import into nucleus",84,2,0.0121059970409363,0.0491373772750862,"Nfkbia,Prkcq"
"GO:0060612","adipose tissue development",84,2,0.0121059970409363,0.0491373772750862,"Arid5b,Errfi1"
"GO:0097006","regulation of plasma lipoprotein particle levels",84,2,0.0121059970409363,0.0491373772750862,"Ldlr,Mfsd2a"
"GO:0007632","visual behavior",85,2,0.0123821372087638,0.0501686236640289,"Hmgcr,Sgk1"
"GO:0042098","T cell proliferation",243,3,0.0124150466264766,0.0502124572633118,"Prkcq,Mapk8ip1,Sdc4"
"GO:0007422","peripheral nervous system development",86,2,0.0126610308562472,0.0507557727270719,"Pmp22,Egr2"
"GO:0014009","glial cell proliferation",86,2,0.0126610308562472,0.0507557727270719,"Pmp22,Slc7a5"
"GO:0015800","acidic amino acid transport",86,2,0.0126610308562472,0.0507557727270719,"Slc6a6,Slc12a2"
"GO:0043086","negative regulation of catalytic activity",86,2,0.0126610308562472,0.0507557727270719,"Errfi1,Mapk8ip1"
"GO:1904888","cranial skeletal system development",86,2,0.0126610308562472,0.0507557727270719,"Insig1,Slc39a1"
"GO:0051047","positive regulation of secretion",457,4,0.0127187675749545,0.0508974624962527,"Cntf,Prkcq,Slc12a2,Sdc4"
"GO:0070228","regulation of lymphocyte apoptotic process",87,2,0.0129426664320639,0.0517024267136753,"Tsc22d3,Prkcq"
"GO:0007566","embryo implantation",89,2,0.0135141173303078,0.0530528975769785,"Klf9,Errfi1"
"GO:0048469","cell maturation",251,3,0.0135374740420311,0.0530528975769785,"Gldn,Pmp22,Nr4a2"
"GO:1903828","negative regulation of protein localization",252,3,0.013681726064987,0.0530528975769785,"Insig1,Nfkbia,Hmgcr"
"GO:0042180","ketone metabolic process",253,3,0.013826858162299,0.0530885956130164,"Insig1,Hmgcr,Mfsd2a"
"GO:0043408","regulation of MAPK cascade",722,5,0.0139152479349523,0.053337872775964,"Cntf,Hmgcr,Tgfa,Errfi1,Mapk8ip1"
"GO:1901264","carbohydrate derivative transport",91,2,0.0140963981593568,0.0539412677040708,"Mfsd2a,Gjb1"
"GO:1903530","regulation of secretion by cell",727,5,0.0142994326002109,0.0546262357987891,"Cntf,Hmgcr,Prkcq,Slc12a2,Sdc4"
"GO:0007423","sensory organ development",728,5,0.0143771228648793,0.0548308729393805,"Cntf,Insig1,Cryab,Mfsd2a,Sdc4"
"GO:0001523","retinoid metabolic process",93,2,0.0146894177054515,0.0556485925539275,"Ldlr,Klf9"
"GO:0006576","biogenic amine metabolic process",93,2,0.0146894177054515,0.0556485925539275,"Nr4a2,Odc1"
"GO:0060042","retina morphogenesis in camera-type eye",93,2,0.0146894177054515,0.0556485925539275,"Cntf,Mfsd2a"
"GO:0071840","cellular component organization or biogenesis",8121,24,0.0146894656983531,0.0556485925539275,"Cntf,Cadm3,Insig1,Cryab,Gldn,Pmp22,Ldlr,Sgk1,Mfsd2a,Nr4a2,Col1a1,Egr2,Sptbn5,Hspa8,Tgfa,Tubb4b,Prkcq,Cdkn1a,Itm2c,Slc12a2,Slc9a9,Arhgef26,Megf9,Sdc4"
"GO:0051240","positive regulation of multicellular organismal process",1980,9,0.0148477995218338,0.0561548224844064,"Hmgcr,Sgk1,Slc7a5,Col1a1,Egr2,Prkcq,Cdkn1a,Ifngr1,Atp1a1"
"GO:0046530","photoreceptor cell differentiation",94,2,0.0149899261374697,0.0565981762632368,"Cntf,Mfsd2a"
"GO:0006351","DNA-templated transcription",3455,13,0.0151600183051716,0.0571454753029106,"Arid5b,Tsc22d3,Cryab,Nfkbia,Nr4a2,Col1a1,Egr2,Hspa8,Klf9,Prkcq,Mapk8ip1,Zfhx4,Klf15"
"GO:0048644","muscle organ morphogenesis",95,2,0.0152930852825834,0.0574617769095819,"Cntf,Arid5b"
"GO:0050767","regulation of neurogenesis",483,4,0.0152979489256688,0.0574617769095819,"Ldlr,Sgk1,Slc7a5,Egr2"
"GO:0010648","negative regulation of cell communication",1653,8,0.0153594111431981,0.0574617769095819,"Insig1,Nfkbia,Hmgcr,Nr4a2,Hspa8,Prkcq,Errfi1,Mapk8ip1"
"GO:0030036","actin cytoskeleton organization",743,5,0.0155769869303633,0.0574617769095819,"Pmp22,Sptbn5,Prkcq,Arhgef26,Sdc4"
"GO:0014015","positive regulation of gliogenesis",96,2,0.0155988838870734,0.0574617769095819,"Slc7a5,Egr2"
"GO:0043269","regulation of monoatomic ion transport",488,4,0.0158291560744137,0.0576597303800357,"Sgk1,Fxyd6,Atp1b3,Atp1a1"
"GO:0016101","diterpenoid metabolic process",97,2,0.0159073107298786,0.0578517076624223,"Ldlr,Klf9"
"GO:0044703","multi-organism reproductive process",268,3,0.0161099179715752,0.0584949577466299,"Pmp22,Klf9,Errfi1"
"GO:0014823","response to activity",98,2,0.0162183546225143,0.0587947688309013,"Slc7a5,Hspa8"
"GO:0009057","macromolecule catabolic process",1671,8,0.0163028188368647,0.0590068586245117,"Pmp22,Ldlr,Hmgcr,Spsb1,Hspa8,Tiparp,Odc1,Ppp1cb"
"GO:0009410","response to xenobiotic stimulus",493,4,0.0163719154290832,0.0591627404933325,"Col1a1,Hspa8,Errfi1,Atp1a1"
"GO:0015711","organic anion transport",494,4,0.0164818603167966,0.0593637377909001,"Mfsd2a,Slc7a5,Slc6a6,Slc12a2"
"GO:0032890","regulation of organic acid transport",99,2,0.0165320044089924,0.0593637377909001,"Slc7a5,Slc12a2"
"GO:0045685","regulation of glial cell differentiation",99,2,0.0165320044089924,0.0593637377909001,"Ldlr,Egr2"
"GO:0051492","regulation of stress fiber assembly",99,2,0.0165320044089924,0.0593637377909001,"Prkcq,Sdc4"
"GO:0050877","nervous system process",2737,11,0.0166528875578529,0.0597034911971603,"Pmp22,Ldlr,Hmgcr,Sgk1,Mfsd2a,Nr4a2,Col1a1,Egr2,Efr3b,Slc12a2,Gjc3"
"GO:0050810","regulation of steroid biosynthetic process",100,2,0.0168482489657395,0.0603087714946864,"Insig1,Atp1a1"
"GO:0019219","regulation of nucleobase-containing compound metabolic process",3908,14,0.0172935553351629,0.0614266751397413,"Arid5b,Tsc22d3,Cryab,Nfkbia,Nr4a2,Col1a1,Egr2,Hspa8,Klf9,Prkcq,Mapk8ip1,Cdkn1a,Zfhx4,Klf15"
"GO:0032880","regulation of protein localization",1052,6,0.0173010592770406,0.0614266751397413,"Insig1,Nfkbia,Hmgcr,Sgk1,Prkcq,Slc12a2"
"GO:0071260","cellular response to mechanical stimulus",103,2,0.0178124405063995,0.0617124522824729,"Col1a1,Atp1a1"
"GO:0043603","amide metabolic process",506,4,0.0178376951823954,0.0617124522824729,"Cryab,Ldlr,Hmgcr,Ifngr1"
"GO:0051051","negative regulation of transport",507,4,0.0179537402675565,0.062019531349781,"Insig1,Cryab,Nfkbia,Hmgcr"
"GO:0007605","sensory perception of sound",280,3,0.0180804590499082,0.062268005182487,"Col1a1,Slc12a2,Gjc3"
"GO:0018193","peptidyl-amino acid modification",280,3,0.0180804590499082,0.062268005182487,"Egr2,Errfi1,Klf15"
"GO:0007167","enzyme-linked receptor protein signaling pathway",1066,6,0.0183453332899129,0.0630846332344508,"Arid5b,Col1a1,Tgfa,Prkcq,Tiparp,Errfi1"
"GO:0006650","glycerophospholipid metabolic process",282,3,0.0184214004369645,0.0632195454481158,"Ldlr,Mfsd2a,Efr3b"
"GO:0009308","amine metabolic process",105,2,0.018468006237373,0.0632195454481158,"Nr4a2,Odc1"
"GO:0071496","cellular response to external stimulus",105,2,0.018468006237373,0.0632195454481158,"Col1a1,Atp1a1"
"GO:0043410","positive regulation of MAPK cascade",512,4,0.0185410749681697,0.0633742306806762,"Cntf,Hmgcr,Tgfa,Mapk8ip1"
"GO:0006952","defense response",2058,9,0.0186926637604935,0.0637964335249275,"Cntf,Nfkbia,Pmp22,Ldlr,Hspa8,Prkcq,Ifngr1,Chst2,Slc9a9"
"GO:0042445","hormone metabolic process",284,3,0.0187659264425274,0.0639504509803069,"Klf9,Tiparp,Atp1a1"
"GO:0001667","ameboidal-type cell migration",287,3,0.0192894421598899,0.0651044235160773,"Arid5b,Pmp22,Sdc4"
"GO:0050673","epithelial cell proliferation",522,4,0.0197515048417548,0.0653495931663881,"Tgfa,Klf9,Errfi1,Cdkn1a"
"GO:0018205","peptidyl-lysine modification",109,2,0.0198093951911164,0.065399720905198,"Egr2,Klf15"
"GO:0010628","positive regulation of gene expression",1400,7,0.0198242004855615,0.065399720905198,"Cntf,Pmp22,Ldlr,Slc7a5,Hspa8,Prkcq,Ifngr1"
"GO:0007409","axonogenesis",523,4,0.019875185523801,0.0654728937617386,"Pmp22,Nr4a2,Egr2,Megf9"
"GO:0006721","terpenoid metabolic process",110,2,0.0201509827279907,0.0661895718796574,"Ldlr,Klf9"
"GO:0015914","phospholipid transport",110,2,0.0201509827279907,0.0661895718796574,"Ldlr,Mfsd2a"
"GO:0051252","regulation of RNA metabolic process",3594,13,0.0205577282598705,0.0674281620991135,"Arid5b,Tsc22d3,Cryab,Nfkbia,Nr4a2,Col1a1,Egr2,Hspa8,Klf9,Prkcq,Mapk8ip1,Zfhx4,Klf15"
"GO:1902532","negative regulation of intracellular signal transduction",804,5,0.0211483474722937,0.0691049055607107,"Insig1,Nfkbia,Hspa8,Errfi1,Mapk8ip1"
"GO:0010389","regulation of G2/M transition of mitotic cell cycle",113,2,0.0211905495714102,0.0691049055607107,"Prkcq,Cdkn1a"
"GO:0030301","cholesterol transport",113,2,0.0211905495714102,0.0691049055607107,"Nfkbia,Ldlr"
"GO:0110020","regulation of actomyosin structure organization",113,2,0.0211905495714102,0.0691049055607107,"Prkcq,Sdc4"
"GO:0051046","regulation of secretion",805,5,0.0212492544061758,0.0691970705805698,"Cntf,Hmgcr,Prkcq,Slc12a2,Sdc4"
"GO:0008344","adult locomotory behavior",114,2,0.0215419708985975,0.0692245280520537,"Pmp22,Nr4a2"
"GO:0070227","lymphocyte apoptotic process",114,2,0.0215419708985975,0.0692245280520537,"Tsc22d3,Prkcq"
"GO:0003333","amino acid transmembrane transport",115,2,0.0218958239779197,0.0700758599090755,"Slc7a5,Slc6a6"
"GO:0042391","regulation of membrane potential",539,4,0.0219199016257601,0.0700758599090755,"Cntf,Pmp22,Atp1b3,Atp1a1"
"GO:0006790","sulfur compound metabolic process",302,3,0.0220283245847492,0.0703235699173243,"Cryab,Hmgcr,Chst2"
"GO:0009056","catabolic process",2857,11,0.022282457879941,0.0709467471692886,"Pmp22,Ldlr,Hmgcr,Mfsd2a,Slc7a5,Spsb1,Hspa8,Klf9,Tiparp,Odc1,Ppp1cb"
"GO:0060429","epithelium development",1434,7,0.0222882324556535,0.0709467471692886,"Mfsd2a,Errfi1,Cdkn1a,Slc12a2,Klf15,Arhgef26,Sdc4"
"GO:0051249","regulation of lymphocyte activation",542,4,0.0223171685992263,0.0709467471692886,"Prkcq,Mapk8ip1,Cdkn1a,Sdc4"
"GO:0045935","positive regulation of nucleobase-containing compound metabolic process",2124,9,0.022482879725987,0.0713737229290062,"Arid5b,Nfkbia,Nr4a2,Col1a1,Egr2,Hspa8,Klf9,Prkcq,Klf15"
"GO:0032231","regulation of actin filament bundle assembly",117,2,0.0226107829609784,0.0714802637973629,"Prkcq,Sdc4"
"GO:0051952","regulation of amine transport",117,2,0.0226107829609784,0.0714802637973629,"Slc7a5,Slc12a2"
"GO:0060349","bone morphogenesis",117,2,0.0226107829609784,0.0714802637973629,"Insig1,Col1a1"
"GO:0045321","leukocyte activation",1121,6,0.0228703431417212,0.0719921348374692,"Ldlr,Prkcq,Mapk8ip1,Cdkn1a,Ifngr1,Sdc4"
"GO:0002376","immune system process",3254,12,0.0229621130021136,0.0719921348374692,"Tsc22d3,Nfkbia,Pmp22,Ldlr,Hspa8,Prkcq,Mapk8ip1,Cdkn1a,Ifngr1,Chst2,Slc12a2,Sdc4"
"GO:0001894","tissue homeostasis",307,3,0.0229862783718877,0.0719921348374692,"Mfsd2a,Errfi1,Slc12a2"
"GO:0060249","anatomical structure homeostasis",307,3,0.0229862783718877,0.0719921348374692,"Mfsd2a,Errfi1,Slc12a2"
"GO:0015918","sterol transport",119,2,0.0233353419668411,0.0719921348374692,"Nfkbia,Ldlr"
"GO:0019226","transmission of nerve impulse",119,2,0.0233353419668411,0.0719921348374692,"Pmp22,Efr3b"
"GO:0030038","contractile actin filament bundle assembly",120,2,0.0237011951906002,0.0721188978155747,"Prkcq,Sdc4"
"GO:0043149","stress fiber assembly",120,2,0.0237011951906002,0.0721188978155747,"Prkcq,Sdc4"
"GO:0045859","regulation of protein kinase activity",120,2,0.0237011951906002,0.0721188978155747,"Errfi1,Mapk8ip1"
"GO:2000106","regulation of leukocyte apoptotic process",120,2,0.0237011951906002,0.0721188978155747,"Tsc22d3,Prkcq"
"GO:0071222","cellular response to lipopolysaccharide",312,3,0.0239667469508569,0.0727321973555376,"Nfkbia,Slc7a5,Slc12a2"
"GO:0072659","protein localization to plasma membrane",312,3,0.0239667469508569,0.0727321973555376,"Atp1b3,Efr3b,Errfi1"
"GO:0019217","regulation of fatty acid metabolic process",121,2,0.0240694169364062,0.0729463795952684,"Insig1,Mfsd2a"
"GO:0045927","positive regulation of growth",313,3,0.024165542580689,0.0731401841356938,"Cntf,Sgk1,Mfsd2a"
"GO:0051493","regulation of cytoskeleton organization",556,4,0.0242296178282167,0.0732365975047029,"Sgk1,Prkcq,Arhgef26,Sdc4"
"GO:0071345","cellular response to cytokine stimulus",1140,6,0.0245956619349856,0.0742442756682899,"Cntf,Arid5b,Nfkbia,Col1a1,Ifngr1,Slc12a2"
"GO:0007173","epidermal growth factor receptor signaling pathway",124,2,0.0251881891540228,0.0754778986760152,"Tgfa,Errfi1"
"GO:0050954","sensory perception of mechanical stimulus",319,3,0.0253772268188732,0.0754778986760152,"Col1a1,Slc12a2,Gjc3"
"GO:0042116","macrophage activation",125,2,0.0255657809886657,0.0756653908687982,"Ldlr,Ifngr1"
"GO:0030155","regulation of cell adhesion",846,5,0.0256631171416737,0.0758547012523073,"Col1a1,Prkcq,Chst2,Ppp1cb,Sdc4"
"GO:0003300","cardiac muscle hypertrophy",126,2,0.0259456894981448,0.0765903275704976,"Errfi1,Klf15"
"GO:0030198","extracellular matrix organization",323,3,0.0262030204878888,0.0770184384952585,"Pmp22,Col1a1,Megf9"
"GO:0071219","cellular response to molecule of bacterial origin",323,3,0.0262030204878888,0.0770184384952585,"Nfkbia,Slc7a5,Slc12a2"
"GO:0071695","anatomical structure maturation",323,3,0.0262030204878888,0.0770184384952585,"Gldn,Pmp22,Nr4a2"
"GO:0010563","negative regulation of phosphorus metabolic process",127,2,0.0263279044042305,0.0770184384952585,"Errfi1,Mapk8ip1"
"GO:0045936","negative regulation of phosphate metabolic process",127,2,0.0263279044042305,0.0770184384952585,"Errfi1,Mapk8ip1"
"GO:0060840","artery development",127,2,0.0263279044042305,0.0770184384952585,"Ldlr,Egr2"
"GO:1902749","regulation of cell cycle G2/M phase transition",127,2,0.0263279044042305,0.0770184384952585,"Prkcq,Cdkn1a"
"GO:0045229","external encapsulating structure organization",324,3,0.0264117184076581,0.0770652579468636,"Pmp22,Col1a1,Megf9"
"GO:0050769","positive regulation of neurogenesis",324,3,0.0264117184076581,0.0770652579468636,"Sgk1,Slc7a5,Egr2"
"GO:0043062","extracellular structure organization",325,3,0.0266213158421225,0.0775772447553135,"Pmp22,Col1a1,Megf9"
"GO:0046634","regulation of alpha-beta T cell activation",129,2,0.0270992124443609,0.0786418977596308,"Prkcq,Mapk8ip1"
"GO:1904064","positive regulation of cation transmembrane transport",129,2,0.0270992124443609,0.0786418977596308,"Fxyd6,Atp1b3"
"GO:0007041","lysosomal transport",130,2,0.0274882851727783,0.0786912748082179,"Sptbn5,Hspa8"
"GO:0014897","striated muscle hypertrophy",130,2,0.0274882851727783,0.0786912748082179,"Errfi1,Klf15"
"GO:0015837","amine transport",131,2,0.0278796234863965,0.079611035407763,"Slc7a5,Slc12a2"
"GO:0043549","regulation of kinase activity",131,2,0.0278796234863965,0.079611035407763,"Errfi1,Mapk8ip1"
"GO:0098771","inorganic ion homeostasis",582,4,0.0280399629363608,0.0799528073170428,"Sgk1,Atp1b3,Atp1a1,Slc12a2"
"GO:0048584","positive regulation of response to stimulus",2578,10,0.0280696613457986,0.0799528073170428,"Cntf,Nfkbia,Ldlr,Hmgcr,Col1a1,Hspa8,Tgfa,Prkcq,Mapk8ip1,Itm2c"
"GO:0009968","negative regulation of signal transduction",1505,7,0.0281123325534836,0.0799741325332519,"Insig1,Nfkbia,Nr4a2,Hspa8,Prkcq,Errfi1,Mapk8ip1"
"GO:0007166","cell surface receptor signaling pathway",2960,11,0.0281605438783266,0.0800111452942955,"Cntf,Arid5b,Nfkbia,Col1a1,Tgfa,Prkcq,Tiparp,Errfi1,Ifngr1,Itm2c,Klf15"
"GO:0014896","muscle hypertrophy",132,2,0.0282732172573659,0.0802309897952469,"Errfi1,Klf15"
"GO:0001818","negative regulation of cytokine production",333,3,0.02833045628906,0.0802931759913134,"Nfkbia,Errfi1,Klf15"
"GO:0051261","protein depolymerization",133,2,0.0286690563876873,0.0810068975857198,"Sgk1,Hspa8"
"GO:0048589","developmental growth",876,5,0.029243224450794,0.0810068975857198,"Arid5b,Pmp22,Mfsd2a,Cdkn1a,Slc12a2"
"GO:0002683","negative regulation of immune system process",590,4,0.0292807644359886,0.0810068975857198,"Tsc22d3,Ldlr,Hspa8,Sdc4"
"GO:0061024","membrane organization",880,5,0.0297434512401682,0.0819779416430282,"Insig1,Gldn,Pmp22,Mfsd2a,Hspa8"
"GO:0051960","regulation of nervous system development",593,4,0.0297544222857449,0.0819779416430282,"Ldlr,Sgk1,Slc7a5,Egr2"
"GO:0034767","positive regulation of monoatomic ion transmembrane transport",137,2,0.0302746655830977,0.0832095705808719,"Fxyd6,Atp1b3"
"GO:0062014","negative regulation of small molecule metabolic process",137,2,0.0302746655830977,0.0832095705808719,"Insig1,Mfsd2a"
"GO:0042593","glucose homeostasis",342,3,0.0303219016966518,0.0832387470489004,"Hmgcr,Col1a1,Klf15"
"GO:0033500","carbohydrate homeostasis",343,3,0.0305476528858279,0.0837573160548694,"Hmgcr,Col1a1,Klf15"
"GO:0007259","cell surface receptor signaling pathway via JAK-STAT",138,2,0.0306815810797382,0.0838777398131804,"Cntf,Ifngr1"
"GO:0061448","connective tissue development",345,3,0.0310018390604709,0.0838777398131804,"Arid5b,Col1a1,Errfi1"
"GO:0090596","sensory organ morphogenesis",345,3,0.0310018390604709,0.0838777398131804,"Cntf,Insig1,Mfsd2a"
"GO:0008585","female gonad development",139,2,0.0310906819704233,0.0838777398131804,"Arid5b,Tiparp"
"GO:0008306","associative learning",140,2,0.0315019583640245,0.0841409534211841,"Hmgcr,Sgk1"
"GO:0030518","nuclear receptor-mediated steroid hormone signaling pathway",140,2,0.0315019583640245,0.0841409534211841,"Klf9,Errfi1"
"GO:0043401","steroid hormone receptor signaling pathway",140,2,0.0315019583640245,0.0841409534211841,"Klf9,Errfi1"
"GO:0072329","monocarboxylic acid catabolic process",140,2,0.0315019583640245,0.0841409534211841,"Mfsd2a,Klf9"
"GO:0097305","response to alcohol",348,3,0.0316898224149948,0.0845433877339006,"Sgk1,Hspa8,Klf9"
"GO:0015695","organic cation transport",141,2,0.0319154003986703,0.0850453752710172,"Slc7a5,Slc6a6"
"GO:0000278","mitotic cell cycle",899,5,0.0321940614751423,0.0856874727552674,"Hspa8,Tgfa,Tubb4b,Prkcq,Cdkn1a"
"GO:0038127","ERBB signaling pathway",142,2,0.0323309982416733,0.0858508866861255,"Tgfa,Errfi1"
"GO:0046545","development of primary female sexual characteristics",142,2,0.0323309982416733,0.0858508866861255,"Arid5b,Tiparp"
"GO:0050708","regulation of protein secretion",351,3,0.0323858415390848,0.0858961701497547,"Hmgcr,Prkcq,Slc12a2"
"GO:0071216","cellular response to biotic stimulus",352,3,0.0326196317657937,0.0860864223703157,"Nfkbia,Slc7a5,Slc12a2"
"GO:0032101","regulation of response to external stimulus",1222,6,0.0330498938202709,0.0860864223703157,"Cntf,Nfkbia,Pmp22,Ldlr,Hspa8,Slc12a2"
"GO:0046683","response to organophosphorus",144,2,0.0331686221674812,0.0860864223703157,"Col1a1,Errfi1"
"GO:0051254","positive regulation of RNA metabolic process",1914,8,0.033521642486717,0.0868810642785721,"Arid5b,Nfkbia,Nr4a2,Col1a1,Egr2,Hspa8,Klf9,Klf15"
"GO:0000086","G2/M transition of mitotic cell cycle",146,2,0.0340147520608481,0.0879265452312944,"Prkcq,Cdkn1a"
"GO:0046822","regulation of nucleocytoplasmic transport",146,2,0.0340147520608481,0.0879265452312944,"Nfkbia,Prkcq"
"GO:0048511","rhythmic process",358,3,0.034041073384751,0.0879265452312944,"Hspa8,Klf9,Ppp1cb"
"GO:0097306","cellular response to alcohol",147,2,0.0344409824716451,0.0888585166379674,"Sgk1,Klf9"
"GO:0051094","positive regulation of developmental process",1574,7,0.0347039880332183,0.0889302943715045,"Cntf,Hmgcr,Sgk1,Slc7a5,Col1a1,Egr2,Slc6a6"
"GO:0043588","skin development",361,3,0.0347637950755672,0.0889302943715045,"Col1a1,Errfi1,Cdkn1a"
"GO:0043500","muscle adaptation",148,2,0.0348693103034473,0.0889302943715045,"Errfi1,Klf15"
"GO:0050773","regulation of dendrite development",150,2,0.0357322197369055,0.0904446942783811,"Sgk1,Mfsd2a"
"GO:0016042","lipid catabolic process",366,3,0.0359860642808174,0.0909859000114548,"Ldlr,Mfsd2a,Klf9"
"GO:0032956","regulation of actin cytoskeleton organization",368,3,0.0364811662212803,0.0921352120233001,"Prkcq,Arhgef26,Sdc4"
"GO:0010212","response to ionizing radiation",153,2,0.0370420747116819,0.092625561957814,"Cryab,Cdkn1a"
"GO:0071887","leukocyte apoptotic process",153,2,0.0370420747116819,0.092625561957814,"Tsc22d3,Prkcq"
"GO:0008643","carbohydrate transport",154,2,0.0374827858288325,0.0935218135992715,"Mfsd2a,Klf15"
"GO:0051338","regulation of transferase activity",154,2,0.0374827858288325,0.0935218135992715,"Errfi1,Mapk8ip1"
"GO:0034097","response to cytokine",1263,6,0.0379164934253903,0.0944191940041632,"Cntf,Arid5b,Nfkbia,Col1a1,Ifngr1,Slc12a2"
"GO:0031109","microtubule polymerization or depolymerization",155,2,0.0379255275520462,0.0944191940041632,"Cryab,Sgk1"
"GO:0051707","response to other organism",1963,8,0.0381183250219127,0.0947953531453036,"Nfkbia,Pmp22,Slc7a5,Hspa8,Ifngr1,Odc1,Slc12a2,Slc9a9"
"GO:0046165","alcohol biosynthetic process",156,2,0.0383702904495964,0.0951210730187606,"Insig1,Hmgcr"
"GO:1902600","proton transmembrane transport",156,2,0.0383702904495964,0.0951210730187606,"Atp1a1,Slc9a9"
"GO:0043207","response to external biotic stimulus",1967,8,0.0385116681493622,0.0951210730187606,"Nfkbia,Pmp22,Slc7a5,Hspa8,Ifngr1,Odc1,Slc12a2,Slc9a9"
"GO:0141124","intracellular signaling cassette",1967,8,0.0385116681493622,0.0951210730187606,"Cntf,Cryab,Nfkbia,Hmgcr,Tgfa,Errfi1,Mapk8ip1,Cdkn1a"
"GO:0050671","positive regulation of lymphocyte proliferation",157,2,0.0388170651178597,0.0951210730187606,"Prkcq,Cdkn1a"
"GO:0044092","negative regulation of molecular function",158,2,0.0392658421812443,0.0958660142620496,"Errfi1,Mapk8ip1"
"GO:0032946","positive regulation of mononuclear cell proliferation",160,2,0.0401693661307482,0.0978617033388967,"Prkcq,Cdkn1a"
"GO:0048706","embryonic skeletal system development",160,2,0.0401693661307482,0.0978617033388967,"Col1a1,Slc39a1"
"GO:0031589","cell-substrate adhesion",383,3,0.0403067128716061,0.0979171223857848,"Col1a1,Megf9,Sdc4"
"GO:0045934","negative regulation of nucleobase-containing compound metabolic process",1626,7,0.0403119276890582,0.0979171223857848,"Arid5b,Tsc22d3,Cryab,Nfkbia,Nr4a2,Hspa8,Cdkn1a"
"GO:0035295","tube development",1282,6,0.040321349121467,0.0979171223857848,"Ldlr,Tgfa,Tiparp,Errfi1,Slc12a2,Sdc4"
"GO:1901652","response to peptide",1283,6,0.0404505778502822,0.0981261082750174,"Cntf,Arid5b,Nfkbia,Col1a1,Ifngr1,Slc12a2"
"GO:0051384","response to glucocorticoid",162,2,0.0410807878513378,0.0985337976018352,"Klf9,Errfi1"
"GO:0097696","cell surface receptor signaling pathway via STAT",162,2,0.0410807878513378,0.0985337976018352,"Cntf,Ifngr1"
"GO:2000377","regulation of reactive oxygen species metabolic process",162,2,0.0410807878513378,0.0985337976018352,"Cryab,Cdkn1a"
"GO:0048608","reproductive structure development",386,3,0.0410954861973338,0.0985337976018352,"Arid5b,Tiparp,Errfi1"
"GO:0010565","regulation of ketone metabolic process",163,2,0.0415394372326445,0.0994932990830357,"Insig1,Mfsd2a"
"GO:0022612","gland morphogenesis",164,2,0.0420000333402538,0.100021571885024,"Tgfa,Slc12a2"
"GO:0044839","cell cycle G2/M phase transition",164,2,0.0420000333402538,0.100021571885024,"Prkcq,Cdkn1a"
"GO:2000026","regulation of multicellular organismal development",1641,7,0.0420352059358993,0.100021571885024,"Nfkbia,Ldlr,Sgk1,Slc7a5,Egr2,Errfi1,Slc12a2"
"GO:0061458","reproductive system development",391,3,0.042427533234731,0.100021571885024,"Arid5b,Tiparp,Errfi1"
"GO:0010977","negative regulation of neuron projection development",165,2,0.0424625669928307,0.100021571885024,"Pmp22,Itm2c"
"GO:0009607","response to biotic stimulus",2007,8,0.0425986120356808,0.100021571885024,"Nfkbia,Pmp22,Slc7a5,Hspa8,Ifngr1,Odc1,Slc12a2,Slc9a9"
"GO:0051962","positive regulation of nervous system development",392,3,0.0426965498502572,0.100021571885024,"Sgk1,Slc7a5,Egr2"
"GO:0060284","regulation of cell development",977,5,0.0435725670766046,0.101893461898274,"Nfkbia,Ldlr,Sgk1,Slc7a5,Egr2"
"GO:1903037","regulation of leukocyte cell-cell adhesion",396,3,0.0437812820789301,0.102276314661262,"Prkcq,Chst2,Sdc4"
"GO:0044057","regulation of system process",672,4,0.0438873021528656,0.102418724633946,"Hmgcr,Egr2,Errfi1,Atp1a1"
"GO:0048593","camera-type eye morphogenesis",169,2,0.0443318943861685,0.102929960572477,"Cntf,Mfsd2a"
"GO:1903825","organic acid transmembrane transport",169,2,0.0443318943861685,0.102929960572477,"Slc7a5,Slc6a6"
"GO:0016192","vesicle-mediated transport",1663,7,0.044649776121629,0.102929960572477,"Insig1,Ldlr,Mfsd2a,Hspa8,Cmtm6,Mapk8ip1,Sdc4"
"GO:0050863","regulation of T cell activation",400,3,0.0448798424336206,0.103355503395765,"Prkcq,Mapk8ip1,Sdc4"
"GO:0098609","cell-cell adhesion",987,5,0.0451874501193441,0.103958577045819,"Cadm3,Gldn,Prkcq,Chst2,Sdc4"
"GO:0046660","female sex differentiation",171,2,0.0452779466505642,0.104061448672126,"Arid5b,Tiparp"
"GO:0043068","positive regulation of programmed cell death",681,4,0.0457017377852158,0.104929343419995,"Hmgcr,Hspa8,Cdkn1a,Itm2c"
"GO:0002824","positive regulation of adaptive immune response based on somatic recombination of immune receptors built from immunoglobulin superfamily domains",172,2,0.0457537883394432,0.104942846514182,"Hspa8,Prkcq"
"GO:0019752","carboxylic acid metabolic process",995,5,0.0465052156887343,0.105429359778943,"Insig1,Mfsd2a,Klf9,Errfi1,Odc1"
"GO:0007034","vacuolar transport",174,2,0.0467110580130288,0.105751229943839,"Sptbn5,Hspa8"
"GO:0009895","negative regulation of catabolic process",407,3,0.0468354428029092,0.105927324866679,"Hmgcr,Mfsd2a,Slc7a5"
"GO:0051130","positive regulation of cellular component organization",1331,6,0.0469698187891803,0.106125644242353,"Cntf,Sgk1,Hspa8,Tgfa,Prkcq,Sdc4"
"GO:0043409","negative regulation of MAPK cascade",175,2,0.0471924681514452,0.106417142964519,"Errfi1,Mapk8ip1"
"GO:0072073","kidney epithelium development",175,2,0.0471924681514452,0.106417142964519,"Klf15,Sdc4"
"GO:0048646","anatomical structure formation involved in morphogenesis",1333,6,0.047255008778703,0.10645256189692,"Pmp22,Col1a1,Egr2,Tgfa,Slc12a2,Sdc4"
"GO:0044238","primary metabolic process",11881,30,0.0473168549852517,0.106486347902453,"Arid5b,Tsc22d3,Insig1,Cryab,Nfkbia,Pmp22,Ldlr,Hmgcr,Mfsd2a,Nr4a2,Spsb1,Col1a1,Egr2,Hspa8,Klf9,Prkcq,Tiparp,Efr3b,Errfi1,Mapk8ip1,Cdkn1a,Ifngr1,Odc1,Itm2c,Chst2,Atp1a1,B3gnt5,Zfhx4,Ppp1cb,Klf15"
"GO:0035239","tube morphogenesis",1001,5,0.0475086581701919,0.106812245322301,"Ldlr,Tgfa,Tiparp,Slc12a2,Sdc4"
"GO:0050729","positive regulation of inflammatory response",176,2,0.0476757166381054,0.107000191133015,"Nfkbia,Ldlr"
"GO:1990778","protein localization to cell periphery",410,3,0.0476864028234686,0.107000191133015,"Atp1b3,Efr3b,Errfi1"
"GO:0070665","positive regulation of leukocyte proliferation",177,2,0.0481607946167947,0.107571281660994,"Prkcq,Cdkn1a"
"GO:0021700","developmental maturation",413,3,0.0485450366459169,0.107756707320478,"Gldn,Pmp22,Nr4a2"
"GO:0009617","response to bacterium",1013,5,0.0495545010261362,0.10972824446221,"Nfkbia,Pmp22,Slc7a5,Slc12a2,Slc9a9"
"GO:1902531","regulation of intracellular signal transduction",2070,8,0.0496139441117542,0.10972824446221,"Cntf,Insig1,Nfkbia,Hmgcr,Hspa8,Tgfa,Errfi1,Mapk8ip1"
"GO:0030879","mammary gland development",180,2,0.0496269173422386,0.10972824446221,"Tgfa,Slc12a2"
"GO:1900180","regulation of protein localization to nucleus",180,2,0.0496269173422386,0.10972824446221,"Nfkbia,Prkcq"
"GO:0048514","blood vessel morphogenesis",701,4,0.0498838011001573,0.10972824446221,"Ldlr,Tgfa,Tiparp,Slc12a2"
"GO:0051247","positive regulation of protein metabolic process",701,4,0.0498838011001573,0.10972824446221,"Ldlr,Hspa8,Tiparp,Ifngr1"
"GO:0062012","regulation of small molecule metabolic process",418,3,0.0499930806908498,0.10972824446221,"Insig1,Ldlr,Mfsd2a"
