"category","subcategory","ID","Description","GeneRatio","BgRatio","RichFactor","FoldEnrichment","zScore","pvalue","p.adjust","qvalue","geneID","Count"
"Organismal Systems","Digestive system","mmu04974","Protein digestion and absorption","4/24","108/10637",0.037037037037037,16.4151234567901,7.65668931707434,9.13218502340381e-05,0.00593592026521247,0.00499866969702103,"12842/12825/17380/16529",4
"Environmental Information Processing","Signaling molecules and interaction","mmu04512","ECM-receptor interaction","3/24","89/10637",0.0337078651685393,14.939606741573,6.27966053917367,0.00100917867306961,0.0283153001948233,0.0238444633219565,"12842/21825/64176",3
"Cellular Processes","Cell motility","mmu04820","Cytoskeleton in muscle cells","4/24","233/10637",0.0171673819742489,7.60872675250358,4.85032999989465,0.00168863337774552,0.0283153001948233,0.0238444633219565,"12842/21825/12825/21956",4
"Cellular Processes","Cell motility","mmu04810","Regulation of actin cytoskeleton","4/24","235/10637",0.0170212765957447,7.54397163120567,4.82383692339178,0.00174248001198913,0.0283153001948233,0.0238444633219565,"14164/66214/109828/16411",4
