"Annot","Term","Annotated","Significant","Pvalue","Padj","GeneID"
"GO:0016043","cellular component organization",7913,43,1.69210705695548e-13,3.19977444470281e-10,"Sptbn5,Per1,Col1a1,Vit,Cadm3,Col5a1,Lamb1,Gldn,Tada2a,Mat2a,Pmp22,Sema5a,Cfap100,Dbn1,Sema3g,Slc9a9,Myo1b,Nr4a1,Phgdh,Mdn1,Col1a2,Dag1,Vim,Cggbp1,Col4a1,Atp6ap1,Mpz,Col5a3,Spag9,Mapre3,Med15,Itga6,Limk2,Ucp2,Apod,Srpk1,Slit2,Kcna1,Filip1,Mast2,Gas2l3,Nfasc,Gan"
"GO:0071840","cellular component organization or biogenesis",8121,43,4.57244354446945e-13,4.32324537129587e-10,"Sptbn5,Per1,Col1a1,Vit,Cadm3,Col5a1,Lamb1,Gldn,Tada2a,Mat2a,Pmp22,Sema5a,Cfap100,Dbn1,Sema3g,Slc9a9,Myo1b,Nr4a1,Phgdh,Mdn1,Col1a2,Dag1,Vim,Cggbp1,Col4a1,Atp6ap1,Mpz,Col5a3,Spag9,Mapre3,Med15,Itga6,Limk2,Ucp2,Apod,Srpk1,Slit2,Kcna1,Filip1,Mast2,Gas2l3,Nfasc,Gan"
"GO:0030198","extracellular matrix organization",323,10,1.24144147433633e-09,4.98281364573652e-07,"Col1a1,Vit,Col5a1,Lamb1,Pmp22,Sema5a,Col1a2,Dag1,Col4a1,Col5a3"
"GO:0045229","external encapsulating structure organization",324,10,1.27897180416226e-09,4.98281364573652e-07,"Col1a1,Vit,Col5a1,Lamb1,Pmp22,Sema5a,Col1a2,Dag1,Col4a1,Col5a3"
"GO:0043062","extracellular structure organization",325,10,1.31750757422965e-09,4.98281364573652e-07,"Col1a1,Vit,Col5a1,Lamb1,Pmp22,Sema5a,Col1a2,Dag1,Col4a1,Col5a3"
"GO:0048731","system development",4438,28,6.80707467010193e-09,2.14536303352712e-06,"Col1a1,Vit,Col5a1,Lamb1,Gldn,Pmp22,Sema5a,Dbn1,Sema3g,Nr4a1,Phgdh,Col1a2,Dag1,Vim,Col4a1,Atp6ap1,Mpz,Spag9,Mapre3,Itga6,Limk2,Ucp2,Apod,Slit2,Kcna1,Filip1,Nfasc,Dkk3"
"GO:0007275","multicellular organism development",5197,30,1.0691662307356e-08,2.88827620331575e-06,"Col1a1,Vit,Col5a1,Lamb1,Gldn,Tada2a,Pmp22,Sema5a,Dbn1,Sostdc1,Sema3g,Nr4a1,Phgdh,Col1a2,Dag1,Vim,Col4a1,Atp6ap1,Mpz,Spag9,Mapre3,Itga6,Limk2,Ucp2,Apod,Slit2,Kcna1,Filip1,Nfasc,Dkk3"
"GO:0007155","cell adhesion",1547,16,6.43959598513417e-08,1.52215950098609e-05,"Col1a1,Vit,Cadm3,Col5a1,Lamb1,Gldn,Pmp22,Sema5a,Dbn1,Dag1,Mpz,Col5a3,Itga6,Apod,Slit2,Nfasc"
"GO:0048699","generation of neurons",1806,17,8.74193856895695e-08,1.69328152673014e-05,"Lamb1,Gldn,Pmp22,Sema5a,Dbn1,Sema3g,Phgdh,Dag1,Vim,Spag9,Mapre3,Itga6,Apod,Slit2,Kcna1,Filip1,Nfasc"
"GO:0120036","plasma membrane bounded cell projection organization",1809,17,8.95442372675906e-08,1.69328152673014e-05,"Lamb1,Gldn,Pmp22,Sema5a,Cfap100,Dbn1,Sema3g,Phgdh,Dag1,Vim,Spag9,Mapre3,Itga6,Limk2,Apod,Slit2,Nfasc"
"GO:0032502","developmental process",7236,34,9.99365188636296e-08,1.71799961064658e-05,"Col1a1,Vit,Col5a1,Lamb1,Gldn,Tada2a,Pmp22,Sema5a,Dbn1,Sostdc1,Sema3g,Nr4a1,Phgdh,Col1a2,Dag1,Vim,Col4a1,Atp6ap1,Mpz,Spag9,Mapre3,Med15,Itga6,Limk2,Ucp2,Apod,Srpk1,Slit2,Kcna1,Filip1,Mast2,Vrk3,Nfasc,Dkk3"
"GO:0030030","cell projection organization",1854,17,1.27656576280434e-07,1.96837118903156e-05,"Lamb1,Gldn,Pmp22,Sema5a,Cfap100,Dbn1,Sema3g,Phgdh,Dag1,Vim,Spag9,Mapre3,Itga6,Limk2,Apod,Slit2,Nfasc"
"GO:0048666","neuron development",1416,15,1.35319013524116e-07,1.96837118903156e-05,"Lamb1,Gldn,Pmp22,Sema5a,Dbn1,Sema3g,Phgdh,Dag1,Vim,Spag9,Mapre3,Itga6,Apod,Slit2,Nfasc"
"GO:0048513","animal organ development",3492,23,1.59326605565319e-07,2.11528836434782e-05,"Col1a1,Col5a1,Lamb1,Pmp22,Sema5a,Sostdc1,Sema3g,Nr4a1,Col1a2,Dag1,Vim,Col4a1,Atp6ap1,Itga6,Limk2,Ucp2,Apod,Slit2,Kcna1,Filip1,Vrk3,Nfasc,Dkk3"
"GO:0031175","neuron projection development",1233,14,1.67791250477088e-07,2.11528836434782e-05,"Lamb1,Pmp22,Sema5a,Dbn1,Sema3g,Phgdh,Dag1,Vim,Spag9,Mapre3,Itga6,Apod,Slit2,Nfasc"
"GO:0061564","axon development",591,10,3.65348774585963e-07,4.31796582963785e-05,"Lamb1,Pmp22,Sema5a,Dbn1,Sema3g,Dag1,Vim,Apod,Slit2,Nfasc"
"GO:0007399","nervous system development",2794,20,4.00268667413104e-07,4.45240029457753e-05,"Vit,Lamb1,Gldn,Pmp22,Sema5a,Dbn1,Sema3g,Phgdh,Dag1,Vim,Col4a1,Mpz,Spag9,Mapre3,Itga6,Apod,Slit2,Kcna1,Filip1,Nfasc"
"GO:0048812","neuron projection morphogenesis",766,11,4.51553246140971e-07,4.74381771362542e-05,"Lamb1,Pmp22,Sema5a,Dbn1,Sema3g,Dag1,Vim,Spag9,Mapre3,Slit2,Nfasc"
"GO:0120039","plasma membrane bounded cell projection morphogenesis",782,11,5.53674981919974e-07,5.51052310952984e-05,"Lamb1,Pmp22,Sema5a,Dbn1,Sema3g,Dag1,Vim,Spag9,Mapre3,Slit2,Nfasc"
"GO:0048858","cell projection morphogenesis",789,11,6.04436176743722e-07,5.7149440511119e-05,"Lamb1,Pmp22,Sema5a,Dbn1,Sema3g,Dag1,Vim,Spag9,Mapre3,Slit2,Nfasc"
"GO:0022008","neurogenesis",2099,17,7.44495563124186e-07,6.70400528508493e-05,"Lamb1,Gldn,Pmp22,Sema5a,Dbn1,Sema3g,Phgdh,Dag1,Vim,Spag9,Mapre3,Itga6,Apod,Slit2,Kcna1,Filip1,Nfasc"
"GO:0048856","anatomical structure development",6654,31,8.88068632866007e-07,7.63335356704373e-05,"Col1a1,Vit,Col5a1,Lamb1,Gldn,Tada2a,Pmp22,Sema5a,Dbn1,Sostdc1,Sema3g,Nr4a1,Phgdh,Col1a2,Dag1,Vim,Col4a1,Atp6ap1,Mpz,Spag9,Mapre3,Itga6,Limk2,Ucp2,Apod,Slit2,Kcna1,Filip1,Vrk3,Nfasc,Dkk3"
"GO:0031589","cell-substrate adhesion",383,8,1.28240672747438e-06,0.000102773638502807,"Col1a1,Vit,Lamb1,Dbn1,Dag1,Col5a3,Itga6,Apod"
"GO:0007409","axonogenesis",523,9,1.30437193234657e-06,0.000102773638502807,"Lamb1,Pmp22,Sema5a,Dbn1,Sema3g,Dag1,Vim,Slit2,Nfasc"
"GO:0030182","neuron differentiation",1721,15,1.62261371672863e-06,0.000122734501533354,"Lamb1,Gldn,Pmp22,Sema5a,Dbn1,Sema3g,Phgdh,Dag1,Vim,Spag9,Mapre3,Itga6,Apod,Slit2,Nfasc"
"GO:0048667","cell morphogenesis involved in neuron differentiation",707,10,1.84932855733925e-06,0.000134503088535713,"Lamb1,Pmp22,Sema5a,Dbn1,Sema3g,Dag1,Vim,Mapre3,Slit2,Nfasc"
"GO:0071711","basement membrane organization",43,4,2.01185379304086e-06,0.000140904278616306,"Lamb1,Pmp22,Dag1,Col4a1"
"GO:0043589","skin morphogenesis",13,3,2.46212745573144e-06,0.000162443638222283,"Col1a1,Col1a2,Itga6"
"GO:0007417","central nervous system development",1110,12,2.50713268908319e-06,0.000162443638222283,"Vit,Lamb1,Sema5a,Phgdh,Dag1,Vim,Col4a1,Apod,Slit2,Kcna1,Filip1,Nfasc"
"GO:0007010","cytoskeleton organization",1550,14,2.59577157981075e-06,0.000162443638222283,"Sptbn5,Pmp22,Sema5a,Cfap100,Dbn1,Myo1b,Dag1,Vim,Mapre3,Limk2,Slit2,Mast2,Gas2l3,Gan"
"GO:0030154","cell differentiation",5107,26,2.73842234290164e-06,0.000162443638222283,"Col1a1,Col5a1,Lamb1,Gldn,Pmp22,Sema5a,Dbn1,Sostdc1,Sema3g,Nr4a1,Phgdh,Dag1,Vim,Col4a1,Atp6ap1,Spag9,Mapre3,Itga6,Ucp2,Apod,Srpk1,Slit2,Kcna1,Filip1,Mast2,Nfasc"
"GO:0048869","cellular developmental process",5108,26,2.74891402597201e-06,0.000162443638222283,"Col1a1,Col5a1,Lamb1,Gldn,Pmp22,Sema5a,Dbn1,Sostdc1,Sema3g,Nr4a1,Phgdh,Dag1,Vim,Col4a1,Atp6ap1,Spag9,Mapre3,Itga6,Ucp2,Apod,Srpk1,Slit2,Kcna1,Filip1,Mast2,Nfasc"
"GO:0045161","neuronal ion channel clustering",14,3,3.12896099684904e-06,0.000179298946819441,"Gldn,Pmp22,Nfasc"
"GO:0008104","intracellular protein localization",2642,18,3.88738283763339e-06,0.000216207086646022,"Col1a1,Cadm3,Mat2a,Dbn1,Myo1b,Nr4a1,Dag1,Mprip,Atp6ap1,Mapre3,Pttg1ip,Limk2,Ucp2,Apod,Kcna1,Traf7,Filip1,Nfasc"
"GO:0034330","cell junction organization",988,11,5.32852269540428e-06,0.000287892469057414,"Cadm3,Pmp22,Dbn1,Dag1,Col4a1,Mpz,Mapre3,Apod,Slit2,Filip1,Nfasc"
"GO:0016477","cell migration",1685,14,6.83619421451935e-06,0.000359090090546003,"Col1a1,Col5a1,Lamb1,Pmp22,Sema5a,Sema3g,Nr4a1,Dag1,Vim,Spag9,Itga6,Apod,Slit2,Filip1"
"GO:0031345","negative regulation of cell projection organization",224,6,7.41850454529082e-06,0.000379145732301215,"Pmp22,Sema5a,Sema3g,Vim,Limk2,Slit2"
"GO:0060322","head development",844,10,8.84401174705585e-06,0.000440105952991648,"Col1a1,Lamb1,Sema5a,Col4a1,Limk2,Apod,Slit2,Kcna1,Filip1,Nfasc"
"GO:0010810","regulation of cell-substrate adhesion",242,6,1.15188217384618e-05,0.000558515177113622,"Col1a1,Vit,Dbn1,Dag1,Itga6,Apod"
"GO:0050808","synapse organization",705,9,1.46040262841875e-05,0.000684222151037272,"Cadm3,Pmp22,Dbn1,Dag1,Col4a1,Mapre3,Slit2,Filip1,Nfasc"
"GO:0009987","cellular process",20947,54,1.48356561750323e-05,0.000684222151037272,"Sptbn5,Per1,Col1a1,Vit,Cadm3,Col5a1,Lamb1,Gldn,Tada2a,Mat2a,Pmp22,Sema5a,Cfap100,Dbn1,Sostdc1,Sema3g,Samd5,Slc9a9,Myo1b,Nr4a1,Phgdh,Mdn1,Col1a2,Dag1,Vim,Cggbp1,Col4a1,Mprip,Atp6ap1,Mpz,Col5a3,Spag9,Mapre3,Med15,Pttg1ip,Itga6,Nsmaf,Limk2,Ucp2,Apod,Nod1,Srpk1,Slit2,Kcna1,Traf7,Filip1,Mast2,Hmgcs1,Gas2l3,Vrk3,Nfasc,Sars2,Dkk3,Gan"
"GO:0009966","regulation of signal transduction",3214,19,1.51968960040007e-05,0.000684222151037272,"Per1,Col1a1,Lamb1,Mat2a,Pmp22,Sema5a,Dbn1,Sostdc1,Samd5,Dag1,Spag9,Pttg1ip,Itga6,Apod,Nod1,Slit2,Traf7,Vrk3,Dkk3"
"GO:0007411","axon guidance",264,6,1.88419717596881e-05,0.000825971209839381,"Lamb1,Sema5a,Sema3g,Dag1,Slit2,Nfasc"
"GO:0097485","neuron projection guidance",265,6,1.92476409106932e-05,0.000825971209839381,"Lamb1,Sema5a,Sema3g,Dag1,Slit2,Nfasc"
"GO:0040011","locomotion",1360,12,1.96555814081291e-05,0.000825971209839381,"Col1a1,Lamb1,Sema5a,Dbn1,Sema3g,Nr4a1,Dag1,Vim,Spag9,Itga6,Apod,Slit2"
"GO:0000902","cell morphogenesis",1156,11,2.32062426153771e-05,0.000953978364906046,"Lamb1,Pmp22,Sema5a,Dbn1,Sema3g,Dag1,Vim,Spag9,Mapre3,Slit2,Nfasc"
"GO:0040012","regulation of locomotion",1162,11,2.43409485525564e-05,0.000979334759848598,"Col1a1,Lamb1,Sema5a,Dbn1,Sema3g,Dag1,Vim,Spag9,Itga6,Apod,Slit2"
"GO:0010977","negative regulation of neuron projection development",165,5,2.5037403573973e-05,0.000986369378299644,"Pmp22,Sema5a,Sema3g,Vim,Slit2"
"GO:0009653","anatomical structure morphogenesis",3026,18,2.57312956035786e-05,0.000991223680683947,"Col1a1,Col5a1,Lamb1,Pmp22,Sema5a,Dbn1,Sostdc1,Sema3g,Nr4a1,Col1a2,Dag1,Vim,Col4a1,Spag9,Mapre3,Itga6,Slit2,Nfasc"
"GO:0010975","regulation of neuron projection development",579,8,2.62089815093587e-05,0.000991223680683947,"Pmp22,Sema5a,Dbn1,Sema3g,Vim,Mapre3,Itga6,Slit2"
"GO:0032501","multicellular organismal process",9056,34,2.93150814191323e-05,0.00108695723457999,"Per1,Col1a1,Vit,Col5a1,Lamb1,Gldn,Tada2a,Pmp22,Sema5a,Dbn1,Sostdc1,Sema3g,Nr4a1,Phgdh,Col1a2,Dag1,Vim,Col4a1,Atp6ap1,Mpz,Spag9,Mapre3,Med15,Itga6,Limk2,Ucp2,Apod,Nod1,Slit2,Kcna1,Filip1,Mast2,Nfasc,Dkk3"
"GO:0120035","regulation of plasma membrane bounded cell projection organization",782,9,3.29955145557283e-05,0.00119989457740158,"Pmp22,Sema5a,Dbn1,Sema3g,Vim,Mapre3,Itga6,Limk2,Slit2"
"GO:0050770","regulation of axonogenesis",176,5,3.41063995584122e-05,0.00121689059556523,"Sema5a,Dbn1,Sema3g,Vim,Slit2"
"GO:0031344","regulation of cell projection organization",798,9,3.86300082924207e-05,0.00135276566075866,"Pmp22,Sema5a,Dbn1,Sema3g,Vim,Mapre3,Itga6,Limk2,Slit2"
"GO:0048870","cell motility",1980,14,4.19774984320406e-05,0.00144326271881798,"Col1a1,Col5a1,Lamb1,Pmp22,Sema5a,Sema3g,Nr4a1,Dag1,Vim,Spag9,Itga6,Apod,Slit2,Filip1"
"GO:0033036","macromolecule localization",3143,18,4.29642860726619e-05,0.0014508118743465,"Col1a1,Cadm3,Mat2a,Dbn1,Myo1b,Nr4a1,Dag1,Mprip,Atp6ap1,Mapre3,Pttg1ip,Limk2,Ucp2,Apod,Kcna1,Traf7,Filip1,Nfasc"
"GO:0009888","tissue development",2289,15,5.034048637226e-05,0.00166065683705481,"Col1a1,Col5a1,Lamb1,Pmp22,Sema5a,Sostdc1,Sema3g,Nr4a1,Phgdh,Col1a2,Dag1,Vim,Col4a1,Slit2,Vrk3"
"GO:0097435","supramolecular fiber organization",827,9,5.09350061074451e-05,0.00166065683705481,"Col5a1,Sema5a,Dbn1,Myo1b,Vim,Mapre3,Limk2,Slit2,Gas2l3"
"GO:1901698","response to nitrogen compound",1271,11,5.51775262182412e-05,0.00174736057900119,"Per1,Col1a1,Mat2a,Nr4a1,Dag1,Vim,Mapre3,Ucp2,Nod1,Slit2,Hmgcs1"
"GO:0030334","regulation of cell migration",1048,10,5.63339817870806e-05,0.00174736057900119,"Col1a1,Lamb1,Sema5a,Sema3g,Dag1,Vim,Spag9,Itga6,Apod,Slit2"
"GO:0023051","regulation of signaling",3853,20,5.6366470290361e-05,0.00174736057900119,"Per1,Col1a1,Lamb1,Mat2a,Pmp22,Sema5a,Dbn1,Sostdc1,Samd5,Dag1,Spag9,Pttg1ip,Itga6,Ucp2,Apod,Nod1,Slit2,Traf7,Vrk3,Dkk3"
"GO:0010646","regulation of cell communication",3858,20,5.74356193060234e-05,0.00175178638883371,"Per1,Col1a1,Lamb1,Mat2a,Pmp22,Sema5a,Dbn1,Sostdc1,Samd5,Dag1,Spag9,Pttg1ip,Itga6,Ucp2,Apod,Nod1,Slit2,Traf7,Vrk3,Dkk3"
"GO:0050767","regulation of neurogenesis",483,7,6.49824266734871e-05,0.00194022158362165,"Sema5a,Dbn1,Sema3g,Dag1,Vim,Mapre3,Slit2"
"GO:0030516","regulation of axon extension",103,4,6.56658812013673e-05,0.00194022158362165,"Sema5a,Dbn1,Sema3g,Slit2"
"GO:0030517","negative regulation of axon extension",38,3,6.99763289987498e-05,0.00203577289440978,"Sema5a,Sema3g,Slit2"
"GO:0040017","positive regulation of locomotion",670,8,7.3303170568812e-05,0.00204988952324793,"Col1a1,Lamb1,Sema5a,Sema3g,Vim,Spag9,Itga6,Slit2"
"GO:0048519","negative regulation of biological process",6085,26,7.34285458373055e-05,0.00204988952324793,"Per1,Col1a1,Col5a1,Lamb1,Mat2a,Pmp22,Sema5a,Dbn1,Sostdc1,Sema3g,Nr4a1,Dag1,Vim,Cggbp1,Mpz,Spag9,Pttg1ip,Itga6,Limk2,Ucp2,Apod,Srpk1,Slit2,Traf7,Vrk3,Dkk3"
"GO:1990138","neuron projection extension",207,5,7.3713637007329e-05,0.00204988952324793,"Sema5a,Dbn1,Sema3g,Spag9,Slit2"
"GO:0030913","paranodal junction assembly",7,2,9.01777032332355e-05,0.00240321085498986,"Pmp22,Nfasc"
"GO:0045162","clustering of voltage-gated sodium channels",7,2,9.01777032332355e-05,0.00240321085498986,"Gldn,Nfasc"
"GO:2000145","regulation of cell motility",1109,10,9.02316079874563e-05,0.00240321085498986,"Col1a1,Lamb1,Sema5a,Sema3g,Dag1,Vim,Spag9,Itga6,Apod,Slit2"
"GO:0048523","negative regulation of cellular process",5830,25,0.000106822805810485,0.0028025736562883,"Per1,Col1a1,Col5a1,Lamb1,Mat2a,Pmp22,Sema5a,Dbn1,Sostdc1,Sema3g,Nr4a1,Dag1,Vim,Cggbp1,Mpz,Spag9,Pttg1ip,Itga6,Limk2,Ucp2,Apod,Slit2,Traf7,Vrk3,Dkk3"
"GO:0007154","cell communication",7834,30,0.00010819031036967,0.0028025736562883,"Per1,Col1a1,Lamb1,Gldn,Mat2a,Pmp22,Sema5a,Dbn1,Sostdc1,Sema3g,Samd5,Nr4a1,Col1a2,Dag1,Col4a1,Spag9,Pttg1ip,Itga6,Nsmaf,Ucp2,Apod,Nod1,Srpk1,Slit2,Kcna1,Traf7,Mast2,Vrk3,Nfasc,Dkk3"
"GO:0048640","negative regulation of developmental growth",119,4,0.000115048394875631,0.00293995290148402,"Sema5a,Sema3g,Spag9,Slit2"
"GO:0061387","regulation of extent of cell growth",120,4,0.000118831258902157,0.00299613214111972,"Sema5a,Dbn1,Sema3g,Slit2"
"GO:0048585","negative regulation of response to stimulus",1918,13,0.000129080360096966,0.00321172317030739,"Per1,Mat2a,Sema5a,Dbn1,Sostdc1,Dag1,Pttg1ip,Itga6,Ucp2,Apod,Slit2,Vrk3,Dkk3"
"GO:0050919","negative chemotaxis",48,3,0.000141356623789034,0.00347149838422161,"Sema5a,Sema3g,Slit2"
"GO:0051716","cellular response to stimulus",8819,32,0.00014881289603867,0.00358439612979843,"Per1,Col1a1,Lamb1,Gldn,Mat2a,Pmp22,Sema5a,Dbn1,Sostdc1,Sema3g,Samd5,Nr4a1,Col1a2,Dag1,Vim,Col4a1,Atp6ap1,Spag9,Pttg1ip,Itga6,Nsmaf,Ucp2,Apod,Nod1,Srpk1,Slit2,Kcna1,Traf7,Mast2,Hmgcs1,Vrk3,Dkk3"
"GO:0030036","actin cytoskeleton organization",743,8,0.000149744735195175,0.00358439612979843,"Sptbn5,Pmp22,Sema5a,Dbn1,Myo1b,Limk2,Slit2,Gas2l3"
"GO:0051962","positive regulation of nervous system development",392,6,0.00016766373938981,0.00396315163982664,"Sema5a,Dbn1,Dag1,Vim,Mapre3,Slit2"
"GO:0007165","signal transduction",7185,28,0.000171598699175493,0.0039818885801685,"Per1,Col1a1,Lamb1,Gldn,Mat2a,Pmp22,Sema5a,Dbn1,Sostdc1,Sema3g,Samd5,Nr4a1,Col1a2,Dag1,Col4a1,Spag9,Pttg1ip,Itga6,Nsmaf,Apod,Nod1,Srpk1,Slit2,Kcna1,Traf7,Mast2,Vrk3,Dkk3"
"GO:0033365","protein localization to organelle",971,9,0.000172667828436709,0.0039818885801685,"Col1a1,Mat2a,Nr4a1,Dag1,Mapre3,Pttg1ip,Limk2,Apod,Filip1"
"GO:0048675","axon extension",133,4,0.000176614548405409,0.00402383266306781,"Sema5a,Dbn1,Sema3g,Slit2"
"GO:0071225","cellular response to muramyl dipeptide",10,2,0.00019245851699292,0.00433260780516204,"Vim,Nod1"
"GO:0032963","collagen metabolic process",138,4,0.000203467447467697,0.00452655227248723,"Col1a1,Col5a1,Col1a2,Vim"
"GO:0007420","brain development",782,8,0.000212187804376868,0.00466566439624021,"Lamb1,Sema5a,Col4a1,Apod,Slit2,Kcna1,Filip1,Nfasc"
"GO:0021700","developmental maturation",413,6,0.000222172523367778,0.00482906024929274,"Gldn,Pmp22,Dag1,Atp6ap1,Slit2,Nfasc"
"GO:0051960","regulation of nervous system development",593,7,0.00023087785942194,0.00496125036553282,"Sema5a,Dbn1,Sema3g,Dag1,Vim,Mapre3,Slit2"
"GO:0051129","negative regulation of cellular component organization",797,8,0.000241304190970452,0.00512703623736096,"Pmp22,Sema5a,Dbn1,Sema3g,Vim,Limk2,Apod,Slit2"
"GO:0050771","negative regulation of axonogenesis",60,3,0.000274741062289513,0.00559391690377904,"Sema5a,Sema3g,Slit2"
"GO:0048583","regulation of response to stimulus",4311,20,0.000275245250912463,0.00559391690377904,"Per1,Col1a1,Lamb1,Mat2a,Pmp22,Sema5a,Dbn1,Sostdc1,Samd5,Dag1,Spag9,Pttg1ip,Itga6,Ucp2,Apod,Nod1,Slit2,Traf7,Vrk3,Dkk3"
"GO:0001568","blood vessel development",814,8,0.00027819855565123,0.00559391690377904,"Col1a1,Col5a1,Sema5a,Nr4a1,Col1a2,Dag1,Col4a1,Slit2"
"GO:0021782","glial cell development",150,4,0.000279775035837676,0.00559391690377904,"Pmp22,Phgdh,Dag1,Vim"
"GO:0038063","collagen-activated tyrosine kinase receptor signaling pathway",12,2,0.000281513222050602,0.00559391690377904,"Col1a1,Col4a1"
"GO:0023052","signaling",7797,29,0.000281900176477696,0.00559391690377904,"Per1,Col1a1,Lamb1,Gldn,Mat2a,Pmp22,Sema5a,Dbn1,Sostdc1,Sema3g,Samd5,Nr4a1,Col1a2,Dag1,Col4a1,Spag9,Pttg1ip,Itga6,Nsmaf,Ucp2,Apod,Nod1,Srpk1,Slit2,Kcna1,Traf7,Mast2,Vrk3,Dkk3"
"GO:0010811","positive regulation of cell-substrate adhesion",151,4,0.000286943384276344,0.00559391690377904,"Vit,Dbn1,Dag1,Itga6"
"GO:0042476","odontogenesis",151,4,0.000286943384276344,0.00559391690377904,"Col1a1,Lamb1,Sostdc1,Itga6"
"GO:0050896","response to stimulus",10946,36,0.000295627122367458,0.00570439682037615,"Per1,Col1a1,Col5a1,Lamb1,Gldn,Mat2a,Pmp22,Sema5a,Dbn1,Sostdc1,Sema3g,Samd5,Slc9a9,Nr4a1,Col1a2,Dag1,Vim,Col4a1,Atp6ap1,Spag9,Mapre3,Pttg1ip,Itga6,Nsmaf,Ucp2,Apod,Nod1,Srpk1,Slit2,Kcna1,Traf7,Mast2,Hmgcs1,Gas2l3,Vrk3,Dkk3"
"GO:0045595","regulation of cell differentiation",1809,12,0.000301570754546256,0.00576030602875728,"Col1a1,Col5a1,Lamb1,Sema5a,Dbn1,Sostdc1,Sema3g,Dag1,Vim,Spag9,Mapre3,Slit2"
"GO:0030335","positive regulation of cell migration",621,7,0.000305359751513981,0.00577435290112939,"Col1a1,Lamb1,Sema5a,Sema3g,Vim,Spag9,Itga6"
"GO:0030029","actin filament-based process",845,8,0.000357383495134394,0.00667812205221227,"Sptbn5,Pmp22,Sema5a,Dbn1,Myo1b,Limk2,Slit2,Gas2l3"
"GO:0030155","regulation of cell adhesion",846,8,0.000360215996470466,0.00667812205221227,"Col1a1,Vit,Lamb1,Sema5a,Dbn1,Dag1,Itga6,Apod"
"GO:0060560","developmental growth involved in morphogenesis",292,5,0.000365058745077494,0.00670219501884991,"Sema5a,Dbn1,Sema3g,Spag9,Slit2"
"GO:0048588","developmental cell growth",293,5,0.000370809610630728,0.0067270992442631,"Sema5a,Dbn1,Sema3g,Spag9,Slit2"
"GO:0051239","regulation of multicellular organismal process",3381,17,0.000375707298693859,0.0067270992442631,"Per1,Col1a1,Tada2a,Sema5a,Dbn1,Sostdc1,Sema3g,Nr4a1,Dag1,Vim,Mapre3,Ucp2,Apod,Nod1,Slit2,Kcna1,Mast2"
"GO:0001944","vasculature development",852,8,0.000377599582724877,0.0067270992442631,"Col1a1,Col5a1,Sema5a,Nr4a1,Col1a2,Dag1,Col4a1,Slit2"
"GO:0030199","collagen fibril organization",67,3,0.000380644959881624,0.0067270992442631,"Col1a1,Col5a1,Col1a2"
"GO:2000147","positive regulation of cell motility",649,7,0.000398100615971646,0.00689027083354278,"Col1a1,Lamb1,Sema5a,Sema3g,Vim,Spag9,Itga6"
"GO:0048646","anatomical structure formation involved in morphogenesis",1333,10,0.00040010171138104,0.00689027083354278,"Col1a1,Col5a1,Lamb1,Pmp22,Sema5a,Nr4a1,Dag1,Col4a1,Slit2,Nfasc"
"GO:0006996","organelle organization",3735,18,0.00040080898555775,0.00689027083354278,"Sptbn5,Pmp22,Sema5a,Cfap100,Dbn1,Slc9a9,Myo1b,Mdn1,Dag1,Vim,Atp6ap1,Mapre3,Limk2,Ucp2,Slit2,Mast2,Gas2l3,Gan"
"GO:0042551","neuron maturation",69,3,0.000415082340898422,0.00707135771746771,"Gldn,Pmp22,Nfasc"
"GO:0036135","Schwann cell migration",15,2,0.000446056772973876,0.00753119069369285,"Pmp22,Vim"
"GO:0048589","developmental growth",876,8,0.000454140464432873,0.00759981963046517,"Pmp22,Sema5a,Dbn1,Sema3g,Dag1,Spag9,Apod,Slit2"
"GO:0032964","collagen biosynthetic process",72,3,0.000470393027138938,0.00780274749403273,"Col1a1,Col5a1,Vim"
"GO:0065007","biological regulation",13697,41,0.000501416130437343,0.00824502524049579,"Per1,Col1a1,Vit,Col5a1,Lamb1,Gldn,Tada2a,Mat2a,Pmp22,Sema5a,Dbn1,Sostdc1,Sema3g,Samd5,Slc9a9,Nr4a1,Phgdh,Col1a2,Dag1,Vim,Cggbp1,Col4a1,Atp6ap1,Mpz,Spag9,Mapre3,Med15,Pttg1ip,Itga6,Nsmaf,Limk2,Ucp2,Apod,Nod1,Srpk1,Slit2,Kcna1,Traf7,Mast2,Vrk3,Dkk3"
"GO:0048468","cell development",3477,17,0.000523290228453792,0.00853053294832863,"Lamb1,Gldn,Pmp22,Sema5a,Dbn1,Sema3g,Phgdh,Dag1,Vim,Atp6ap1,Spag9,Mapre3,Itga6,Ucp2,Apod,Slit2,Nfasc"
"GO:0023057","negative regulation of signaling",1648,11,0.000533843819449402,0.00862819369725486,"Per1,Mat2a,Sostdc1,Dag1,Pttg1ip,Itga6,Ucp2,Apod,Slit2,Vrk3,Dkk3"
"GO:0010648","negative regulation of cell communication",1653,11,0.000547613880242735,0.00875893219823798,"Per1,Mat2a,Sostdc1,Dag1,Pttg1ip,Itga6,Ucp2,Apod,Slit2,Vrk3,Dkk3"
"GO:0008347","glial cell migration",76,3,0.000551196685135018,0.00875893219823798,"Lamb1,Pmp22,Vim"
"GO:0038065","collagen-activated signaling pathway",17,2,0.000576196757374242,0.00907990056828909,"Col1a1,Col4a1"
"GO:0050769","positive regulation of neurogenesis",324,5,0.00058570954812568,0.00915352690500547,"Sema5a,Dbn1,Dag1,Vim,Mapre3"
"GO:0042981","regulation of apoptotic process",1683,11,0.000636670396997848,0.00986839115346664,"Pmp22,Sema5a,Nr4a1,Mpz,Pttg1ip,Itga6,Nsmaf,Ucp2,Nod1,Slit2,Traf7"
"GO:0030308","negative regulation of cell growth",191,4,0.000696326901451586,0.010705318460528,"Sema5a,Sema3g,Spag9,Slit2"
"GO:0050794","regulation of cellular process",12856,39,0.000726903202459583,0.0110852738375086,"Per1,Col1a1,Vit,Col5a1,Lamb1,Gldn,Tada2a,Mat2a,Pmp22,Sema5a,Dbn1,Sostdc1,Sema3g,Samd5,Nr4a1,Phgdh,Col1a2,Dag1,Vim,Cggbp1,Col4a1,Mpz,Spag9,Mapre3,Med15,Pttg1ip,Itga6,Nsmaf,Limk2,Ucp2,Apod,Nod1,Srpk1,Slit2,Kcna1,Traf7,Mast2,Vrk3,Dkk3"
"GO:0071230","cellular response to amino acid stimulus",195,4,0.00075234379408138,0.0113814569168631,"Col1a1,Mat2a,Col1a2,Col4a1"
"GO:0048754","branching morphogenesis of an epithelial tube",197,4,0.000781515713722728,0.0117289382115054,"Sema5a,Dag1,Col4a1,Slit2"
"GO:0006541","glutamine metabolic process",20,2,0.000801738452724938,0.0119376961740382,"Phgdh,Ucp2"
"GO:0042552","myelination",200,4,0.000826761373085203,0.0122141074726884,"Pmp22,Dag1,Mpz,Nfasc"
"GO:0043067","regulation of programmed cell death",1741,11,0.000843559154563298,0.0123656617153426,"Pmp22,Sema5a,Nr4a1,Mpz,Pttg1ip,Itga6,Nsmaf,Ucp2,Nod1,Slit2,Traf7"
"GO:0070887","cellular response to chemical stimulus",2640,14,0.000855982874586629,0.0124512585834101,"Per1,Col1a1,Mat2a,Sema5a,Nr4a1,Col1a2,Dag1,Vim,Col4a1,Atp6ap1,Ucp2,Nod1,Slit2,Kcna1"
"GO:0071229","cellular response to acid chemical",203,4,0.000873828084207818,0.0126138084521907,"Col1a1,Mat2a,Col1a2,Col4a1"
"GO:0007272","ensheathment of neurons",204,4,0.000889928616630938,0.0126530452184143,"Pmp22,Dag1,Mpz,Nfasc"
"GO:0008366","axon ensheathment",204,4,0.000889928616630938,0.0126530452184143,"Pmp22,Dag1,Mpz,Nfasc"
"GO:0043588","skin development",361,5,0.000951673154666935,0.0133657160333731,"Col1a1,Col5a1,Sostdc1,Col1a2,Itga6"
"GO:0032495","response to muramyl dipeptide",22,2,0.000972126940022608,0.0133657160333731,"Vim,Nod1"
"GO:0048846","axon extension involved in axon guidance",22,2,0.000972126940022608,0.0133657160333731,"Sema5a,Slit2"
"GO:1902284","neuron projection extension involved in neuron projection guidance",22,2,0.000972126940022608,0.0133657160333731,"Sema5a,Slit2"
"GO:0040013","negative regulation of locomotion",363,5,0.000975393343524847,0.0133657160333731,"Sema5a,Dbn1,Dag1,Apod,Slit2"
"GO:0009968","negative regulation of signal transduction",1505,10,0.00102658275654438,0.0139659567814779,"Per1,Mat2a,Sostdc1,Dag1,Pttg1ip,Itga6,Apod,Slit2,Vrk3,Dkk3"
"GO:0034504","protein localization to nucleus",369,5,0.00104920177844093,0.01417171830737,"Col1a1,Nr4a1,Pttg1ip,Limk2,Apod"
"GO:0021543","pallium development",215,4,0.00108111027385031,0.0144991455875953,"Lamb1,Slit2,Kcna1,Filip1"
"GO:0008361","regulation of cell size",216,4,0.00109980883155583,0.0146460457779723,"Sema5a,Dbn1,Sema3g,Slit2"
"GO:0010644","cell communication by electrical coupling",25,2,0.00125742097800329,0.0166278536321973,"Dbn1,Kcna1"
"GO:0061061","muscle structure development",791,7,0.00127351106984703,0.0167236766186162,"Lamb1,Pmp22,Sostdc1,Nr4a1,Dag1,Spag9,Vrk3"
"GO:0051179","localization",5607,22,0.00130707742876473,0.0170460925365111,"Sptbn5,Per1,Col1a1,Cadm3,Mat2a,Dbn1,Slc9a9,Myo1b,Nr4a1,Dag1,Mprip,Atp6ap1,Spag9,Mapre3,Pttg1ip,Limk2,Ucp2,Apod,Kcna1,Traf7,Filip1,Nfasc"
"GO:0045597","positive regulation of cell differentiation",1033,8,0.0013256514701261,0.0171498131289151,"Col1a1,Lamb1,Sema5a,Dbn1,Dag1,Vim,Spag9,Mapre3"
"GO:0050905","neuromuscular process",228,4,0.00134226159915503,0.0171498131289151,"Pmp22,Dbn1,Nr4a1,Kcna1"
"GO:0060538","skeletal muscle organ development",228,4,0.00134226159915503,0.0171498131289151,"Pmp22,Nr4a1,Dag1,Vrk3"
"GO:0032288","myelin assembly",26,2,0.00136037650414451,0.0171498131289151,"Pmp22,Nfasc"
"GO:0036296","response to increased oxygen levels",26,2,0.00136037650414451,0.0171498131289151,"Col1a1,Atp6ap1"
"GO:0048518","positive regulation of biological process",6819,25,0.00137120797459665,0.0171718826487567,"Per1,Col1a1,Vit,Lamb1,Tada2a,Mat2a,Pmp22,Sema5a,Dbn1,Sema3g,Nr4a1,Dag1,Vim,Spag9,Mapre3,Med15,Pttg1ip,Itga6,Nsmaf,Limk2,Ucp2,Nod1,Srpk1,Slit2,Traf7"
"GO:0035556","intracellular signal transduction",3119,15,0.00146858321064869,0.0182703345482676,"Per1,Mat2a,Sema5a,Samd5,Nr4a1,Col1a2,Dag1,Spag9,Pttg1ip,Nod1,Srpk1,Slit2,Traf7,Mast2,Vrk3"
"GO:0048638","regulation of developmental growth",399,5,0.00148222118443024,0.018319478821945,"Sema5a,Dbn1,Sema3g,Spag9,Slit2"
"GO:0061138","morphogenesis of a branching epithelium",235,4,0.00149975853409396,0.0184158661556602,"Sema5a,Dag1,Col4a1,Slit2"
"GO:0043200","response to amino acid",239,4,0.0015953225102284,0.0194629346247864,"Col1a1,Mat2a,Col1a2,Col4a1"
"GO:0050789","regulation of biological process",13279,39,0.00161581780140105,0.0194780148534871,"Per1,Col1a1,Vit,Col5a1,Lamb1,Gldn,Tada2a,Mat2a,Pmp22,Sema5a,Dbn1,Sostdc1,Sema3g,Samd5,Nr4a1,Phgdh,Col1a2,Dag1,Vim,Cggbp1,Col4a1,Mpz,Spag9,Mapre3,Med15,Pttg1ip,Itga6,Nsmaf,Limk2,Ucp2,Apod,Nod1,Srpk1,Slit2,Kcna1,Traf7,Mast2,Vrk3,Dkk3"
"GO:0060562","epithelial tube morphogenesis",407,5,0.00161715935060681,0.0194780148534871,"Sema5a,Sostdc1,Dag1,Col4a1,Slit2"
"GO:0098581","detection of external biotic stimulus",29,2,0.00169258791121715,0.0202574920260229,"Nr4a1,Nod1"
"GO:0007160","cell-matrix adhesion",244,4,0.00172064732954603,0.0204637993721481,"Dag1,Col5a3,Itga6,Apod"
"GO:0042063","gliogenesis",415,5,0.00176094613495297,0.0208121821324754,"Lamb1,Pmp22,Phgdh,Dag1,Vim"
"GO:0045926","negative regulation of growth",247,4,0.00179904362465267,0.0211303819516659,"Sema5a,Sema3g,Spag9,Slit2"
"GO:0002009","morphogenesis of an epithelium",619,6,0.00183422254145653,0.0214105853450265,"Col5a1,Sema5a,Sostdc1,Dag1,Col4a1,Slit2"
"GO:0009605","response to external stimulus",2865,14,0.00189491265272973,0.0218059049384308,"Per1,Col1a1,Pmp22,Sema5a,Dbn1,Sema3g,Slc9a9,Nr4a1,Dag1,Vim,Nod1,Slit2,Kcna1,Gas2l3"
"GO:0120031","plasma membrane bounded cell projection assembly",629,6,0.00198813534464956,0.0218059049384308,"Pmp22,Cfap100,Dbn1,Itga6,Limk2,Slit2"
"GO:0001101","response to acid chemical",254,4,0.00199156292485579,0.0218059049384308,"Col1a1,Mat2a,Col1a2,Col4a1"
"GO:0019226","transmission of nerve impulse",119,3,0.00201471370043198,0.0218059049384308,"Pmp22,Kcna1,Nfasc"
"GO:0001763","morphogenesis of a branching structure",255,4,0.00202018368484059,0.0218059049384308,"Sema5a,Dag1,Col4a1,Slit2"
"GO:0035767","endothelial cell chemotaxis",32,2,0.00205947755127504,0.0218059049384308,"Sema5a,Nr4a1"
"GO:0022607","cellular component assembly",4286,18,0.00208086485377249,0.0218059049384308,"Lamb1,Mat2a,Pmp22,Cfap100,Dbn1,Myo1b,Nr4a1,Mdn1,Col1a2,Mapre3,Med15,Itga6,Limk2,Apod,Srpk1,Slit2,Kcna1,Nfasc"
"GO:0014860","neurotransmitter secretion involved in regulation of skeletal muscle contraction",1,1,0.00209871745044654,0.0218059049384308,"Nr4a1"
"GO:0016203","muscle attachment",1,1,0.00209871745044654,0.0218059049384308,"Dag1"
"GO:0021972","corticospinal neuron axon guidance through spinal cord",1,1,0.00209871745044654,0.0218059049384308,"Slit2"
"GO:0034443","negative regulation of lipoprotein oxidation",1,1,0.00209871745044654,0.0218059049384308,"Apod"
"GO:0050924","positive regulation of negative chemotaxis",1,1,0.00209871745044654,0.0218059049384308,"Slit2"
"GO:0050929","induction of negative chemotaxis",1,1,0.00209871745044654,0.0218059049384308,"Slit2"
"GO:0060588","negative regulation of lipoprotein lipid oxidation",1,1,0.00209871745044654,0.0218059049384308,"Apod"
"GO:0070158","mitochondrial seryl-tRNA aminoacylation",1,1,0.00209871745044654,0.0218059049384308,"Sars2"
"GO:0071306","cellular response to vitamin E",1,1,0.00209871745044654,0.0218059049384308,"Col1a1"
"GO:0090260","negative regulation of retinal ganglion cell axon guidance",1,1,0.00209871745044654,0.0218059049384308,"Slit2"
"GO:1902668","negative regulation of axon guidance",1,1,0.00209871745044654,0.0218059049384308,"Slit2"
"GO:1904113","negative regulation of muscle filament sliding",1,1,0.00209871745044654,0.0218059049384308,"Dbn1"
"GO:1990256","signal clustering",1,1,0.00209871745044654,0.0218059049384308,"Sema5a"
"GO:0060828","regulation of canonical Wnt signaling pathway",259,4,0.00213752008099735,0.0220877075036393,"Col1a1,Sema5a,Sostdc1,Dkk3"
"GO:0071676","negative regulation of mononuclear cell migration",33,2,0.00218940548850478,0.0225009009715355,"Apod,Slit2"
"GO:0030031","cell projection assembly",643,6,0.00221987077968907,0.0226713555357935,"Pmp22,Cfap100,Dbn1,Itga6,Limk2,Slit2"
"GO:0040007","growth",1122,8,0.0022299693969633,0.0226713555357935,"Pmp22,Sema5a,Dbn1,Sema3g,Dag1,Spag9,Apod,Slit2"
"GO:0001558","regulation of cell growth",442,5,0.00231613878878285,0.0232435170298726,"Sema5a,Dbn1,Sema3g,Spag9,Slit2"
"GO:0022011","myelination in peripheral nervous system",34,2,0.00232312253762344,0.0232435170298726,"Pmp22,Dag1"
"GO:0032292","peripheral nervous system axon ensheathment",34,2,0.00232312253762344,0.0232435170298726,"Pmp22,Dag1"
"GO:0061003","positive regulation of dendritic spine morphogenesis",35,2,0.00246061282058031,0.0244895728616703,"Dbn1,Mapre3"
"GO:0043065","positive regulation of apoptotic process",658,6,0.00249029356196933,0.0246552100821152,"Nr4a1,Itga6,Nsmaf,Nod1,Slit2,Traf7"
"GO:0051291","protein heterooligomerization",36,2,0.00260186050713548,0.0256106178069273,"Mat2a,Col1a2"
"GO:0009719","response to endogenous stimulus",1706,10,0.00261388114052722,0.0256106178069273,"Per1,Col1a1,Dbn1,Sostdc1,Nr4a1,Col1a2,Dag1,Ucp2,Slit2,Hmgcs1"
"GO:0090257","regulation of muscle system process",283,4,0.00294209898176092,0.0286305006846934,"Dbn1,Nr4a1,Dag1,Kcna1"
"GO:0043068","positive regulation of programmed cell death",681,6,0.00295237844183777,0.0286305006846934,"Nr4a1,Itga6,Nsmaf,Nod1,Slit2,Traf7"
"GO:1901700","response to oxygen-containing compound",2039,11,0.0029926494861682,0.0288729600935922,"Per1,Col1a1,Mat2a,Nr4a1,Dag1,Vim,Mapre3,Ucp2,Apod,Nod1,Slit2"
"GO:0001667","ameboidal-type cell migration",287,4,0.00309380803957546,0.0296974162580568,"Pmp22,Sema5a,Sema3g,Vim"
"GO:0009887","animal organ morphogenesis",1188,8,0.00317205545850415,0.0302347395684038,"Col1a1,Col5a1,Lamb1,Sostdc1,Col1a2,Dag1,Itga6,Slit2"
"GO:0021987","cerebral cortex development",140,3,0.00319280536152738,0.0302347395684038,"Lamb1,Slit2,Filip1"
"GO:0009595","detection of biotic stimulus",40,2,0.00320411035094308,0.0302347395684038,"Nr4a1,Nod1"
"GO:0030900","forebrain development",477,5,0.00321374016565265,0.0302347395684038,"Lamb1,Sema5a,Slit2,Kcna1,Filip1"
"GO:0007015","actin filament organization",478,5,0.00324259882655877,0.0303552197080329,"Sema5a,Dbn1,Myo1b,Slit2,Gas2l3"
"GO:0042221","response to chemical",5610,21,0.0032981922801593,0.0307235546885775,"Per1,Col1a1,Mat2a,Sema5a,Dbn1,Sema3g,Nr4a1,Col1a2,Dag1,Vim,Col4a1,Atp6ap1,Mapre3,Nsmaf,Ucp2,Apod,Nod1,Slit2,Kcna1,Traf7,Hmgcs1"
"GO:0048522","positive regulation of cellular process",6410,23,0.00331756784642806,0.0307525529293895,"Per1,Col1a1,Vit,Lamb1,Tada2a,Mat2a,Pmp22,Sema5a,Dbn1,Sema3g,Nr4a1,Dag1,Vim,Spag9,Mapre3,Med15,Pttg1ip,Itga6,Nsmaf,Ucp2,Nod1,Slit2,Traf7"
"GO:1902531","regulation of intracellular signal transduction",2070,11,0.00336305889352444,0.031008617354809,"Per1,Mat2a,Sema5a,Samd5,Dag1,Spag9,Pttg1ip,Nod1,Slit2,Traf7,Vrk3"
"GO:0051128","regulation of cellular component organization",2712,13,0.00337798792971478,0.031008617354809,"Lamb1,Pmp22,Sema5a,Dbn1,Sema3g,Dag1,Vim,Spag9,Mapre3,Itga6,Limk2,Apod,Slit2"
"GO:0001964","startle response",42,2,0.00352737160138796,0.0320685562414646,"Dbn1,Kcna1"
"GO:0120033","negative regulation of plasma membrane bounded cell projection assembly",42,2,0.00352737160138796,0.0320685562414646,"Limk2,Slit2"
"GO:0002040","sprouting angiogenesis",147,3,0.00366193611725245,0.033110261566143,"Sema5a,Nr4a1,Slit2"
"GO:0060603","mammary gland duct morphogenesis",43,2,0.00369448185640199,0.033110261566143,"Sostdc1,Slit2"
"GO:1902683","regulation of receptor localization to synapse",43,2,0.00369448185640199,0.033110261566143,"Dbn1,Dag1"
"GO:0022603","regulation of anatomical structure morphogenesis",958,7,0.00373987004877387,0.0333589351992046,"Sema5a,Dbn1,Sema3g,Vim,Spag9,Mapre3,Slit2"
"GO:0010001","glial cell differentiation",305,4,0.00384301987977722,0.0341180778998063,"Pmp22,Phgdh,Dag1,Vim"
"GO:0043408","regulation of MAPK cascade",722,6,0.00393232704979363,0.0342290953191573,"Per1,Dag1,Spag9,Nod1,Traf7,Vrk3"
"GO:0006915","apoptotic process",2116,11,0.00398052070457457,0.0342290953191573,"Pmp22,Sema5a,Nr4a1,Mpz,Pttg1ip,Itga6,Nsmaf,Ucp2,Nod1,Slit2,Traf7"
"GO:0044085","cellular component biogenesis",4556,18,0.00413710700195627,0.0342290953191573,"Lamb1,Mat2a,Pmp22,Cfap100,Dbn1,Myo1b,Nr4a1,Mdn1,Col1a2,Mapre3,Med15,Itga6,Limk2,Apod,Srpk1,Slit2,Kcna1,Nfasc"
"GO:0060284","regulation of cell development",977,7,0.00416384437422648,0.0342290953191573,"Sema5a,Dbn1,Sema3g,Dag1,Vim,Mapre3,Slit2"
"GO:0050922","negative regulation of chemotaxis",46,2,0.00421754585370897,0.0342290953191573,"Sema5a,Slit2"
"GO:0085029","extracellular matrix assembly",46,2,0.00421754585370897,0.0342290953191573,"Lamb1,Col1a2"
"GO:1902600","proton transmembrane transport",156,3,0.00432409983214664,0.0349439007802961,"Slc9a9,Atp6ap1,Ucp2"
"GO:0001569","branching involved in blood vessel morphogenesis",47,2,0.00439909373363178,0.0351530292623958,"Sema5a,Col4a1"
"GO:0098609","cell-cell adhesion",987,7,0.00440122382309531,0.0351530292623958,"Cadm3,Lamb1,Gldn,Mpz,Itga6,Slit2,Nfasc"
"GO:0060070","canonical Wnt signaling pathway",317,4,0.00440574718941714,0.0351530292623958,"Col1a1,Sema5a,Sostdc1,Dkk3"
"GO:0048729","tissue morphogenesis",745,6,0.00457839087419099,0.0361197762013695,"Col5a1,Sema5a,Sostdc1,Dag1,Col4a1,Slit2"
"GO:0014044","Schwann cell development",48,2,0.00458421273840756,0.0361197762013695,"Pmp22,Dag1"
"GO:0035987","endodermal cell differentiation",48,2,0.00458421273840756,0.0361197762013695,"Col5a1,Lamb1"
"GO:0021537","telencephalon development",323,4,0.00470695099469856,0.0367803484751032,"Lamb1,Slit2,Kcna1,Filip1"
"GO:0071695","anatomical structure maturation",323,4,0.00470695099469856,0.0367803484751032,"Gldn,Pmp22,Dag1,Nfasc"
"GO:0050793","regulation of developmental process",2829,13,0.00486156920710657,0.0378322114018046,"Col1a1,Col5a1,Lamb1,Tada2a,Sema5a,Dbn1,Sostdc1,Sema3g,Dag1,Vim,Spag9,Mapre3,Slit2"
"GO:0007162","negative regulation of cell adhesion",327,4,0.00491529292315504,0.0380935201544516,"Col1a1,Lamb1,Sema5a,Apod"
"GO:0008064","regulation of actin polymerization or depolymerization",164,3,0.00496997171580637,0.0382041321731295,"Sema5a,Dbn1,Slit2"
"GO:0022612","gland morphogenesis",164,3,0.00496997171580637,0.0382041321731295,"Sostdc1,Dag1,Slit2"
"GO:0014074","response to purine-containing compound",165,3,0.00505456937002787,0.038697128253938,"Per1,Col1a1,Hmgcs1"
"GO:0051094","positive regulation of developmental process",1574,9,0.00513546797767158,0.0390133723285621,"Col1a1,Lamb1,Sema5a,Dbn1,Dag1,Vim,Spag9,Mapre3,Slit2"
"GO:0045785","positive regulation of cell adhesion",533,5,0.00513713892639448,0.0390133723285621,"Vit,Lamb1,Dbn1,Dag1,Itga6"
"GO:0030832","regulation of actin filament length",167,3,0.0052263686957684,0.0393747537995938,"Sema5a,Dbn1,Slit2"
"GO:0050768","negative regulation of neurogenesis",167,3,0.0052263686957684,0.0393747537995938,"Sema5a,Sema3g,Slit2"
"GO:0071363","cellular response to growth factor stimulus",769,6,0.00533320363633126,0.0400201907789778,"Col1a1,Dbn1,Sostdc1,Nr4a1,Col1a2,Slit2"
"GO:0008219","cell death",2202,11,0.0053793156674319,0.0400483697917863,"Pmp22,Sema5a,Nr4a1,Mpz,Pttg1ip,Itga6,Nsmaf,Ucp2,Nod1,Slit2,Traf7"
"GO:0012501","programmed cell death",2202,11,0.0053793156674319,0.0400483697917863,"Pmp22,Sema5a,Nr4a1,Mpz,Pttg1ip,Itga6,Nsmaf,Ucp2,Nod1,Slit2,Traf7"
"GO:1901699","cellular response to nitrogen compound",772,6,0.0054336282494472,0.0402940824302144,"Mat2a,Nr4a1,Vim,Ucp2,Nod1,Slit2"
"GO:0030111","regulation of Wnt signaling pathway",337,4,0.00546313191135976,0.0403546189233645,"Col1a1,Sema5a,Sostdc1,Dkk3"
"GO:0002686","negative regulation of leukocyte migration",53,2,0.00556284354772496,0.0409312729523265,"Apod,Slit2"
"GO:0016049","cell growth",544,5,0.00559408500681384,0.0410016075499418,"Sema5a,Dbn1,Sema3g,Spag9,Slit2"
"GO:0045773","positive regulation of axon extension",54,2,0.00576907129178507,0.0419588992798676,"Sema5a,Dbn1"
"GO:0071526","semaphorin-plexin signaling pathway",54,2,0.00576907129178507,0.0419588992798676,"Sema5a,Sema3g"
"GO:0072359","circulatory system development",1316,8,0.00586560919313381,0.0421330319687515,"Col1a1,Col5a1,Sema5a,Nr4a1,Col1a2,Dag1,Col4a1,Slit2"
"GO:0043409","negative regulation of MAPK cascade",175,3,0.00594864440901008,0.0421330319687515,"Per1,Dag1,Vrk3"
"GO:0014037","Schwann cell differentiation",55,2,0.0059787645847986,0.0421330319687515,"Pmp22,Dag1"
"GO:0031670","cellular response to nutrient",55,2,0.0059787645847986,0.0421330319687515,"Col1a1,Mat2a"
"GO:0006937","regulation of muscle contraction",176,3,0.00604291421050578,0.0421330319687515,"Dbn1,Nr4a1,Kcna1"
"GO:0051961","negative regulation of nervous system development",177,3,0.00613807726920949,0.0421330319687515,"Sema5a,Sema3g,Slit2"
"GO:0021795","cerebral cortex cell migration",56,2,0.00619190852693765,0.0421330319687515,"Lamb1,Slit2"
"GO:0048732","gland development",561,5,0.00635594145894833,0.0424702660737501,"Sostdc1,Dag1,Ucp2,Slit2,Dkk3"
"GO:0045596","negative regulation of cell differentiation",801,6,0.00647759206691203,0.0429793915737917,"Col5a1,Sema5a,Sostdc1,Sema3g,Spag9,Slit2"
"GO:0070848","response to growth factor",801,6,0.00647759206691203,0.0429793915737917,"Col1a1,Dbn1,Sostdc1,Nr4a1,Col1a2,Slit2"
"GO:0010720","positive regulation of cell development",565,5,0.00654532701750385,0.0432769698954538,"Sema5a,Dbn1,Dag1,Vim,Mapre3"
"GO:1902532","negative regulation of intracellular signal transduction",804,6,0.00659339372718148,0.0434428834080145,"Per1,Mat2a,Dag1,Pttg1ip,Slit2,Vrk3"
"GO:0001706","endoderm formation",58,2,0.00662848898542661,0.0435224745536171,"Col5a1,Lamb1"
"GO:0009628","response to abiotic stimulus",1354,8,0.00693242725099675,0.0453606226008126,"Per1,Col1a1,Pmp22,Sema5a,Dag1,Atp6ap1,Ucp2,Kcna1"
"GO:0034113","heterotypic cell-cell adhesion",60,2,0.00707869437155296,0.0461579691607126,"Gldn,Nfasc"
"GO:0007166","cell surface receptor signaling pathway",2960,13,0.00711373114944716,0.0462270295656515,"Col1a1,Lamb1,Sema5a,Dbn1,Sostdc1,Sema3g,Col1a2,Col4a1,Itga6,Nsmaf,Apod,Slit2,Dkk3"
"GO:0002042","cell migration involved in sprouting angiogenesis",61,2,0.007308869641606,0.0473324400420443,"Nr4a1,Slit2"
"GO:0001755","neural crest cell migration",62,2,0.00754240710798558,0.0482491269712069,"Sema5a,Sema3g"
"GO:0060251","regulation of glial cell proliferation",62,2,0.00754240710798558,0.0482491269712069,"Pmp22,Vim"
"GO:0000165","MAPK cascade",832,6,0.00774839876123608,0.0482491269712069,"Per1,Dag1,Spag9,Nod1,Traf7,Vrk3"
"GO:0071495","cellular response to endogenous stimulus",1383,8,0.0078416628630821,0.0482491269712069,"Per1,Col1a1,Dbn1,Sostdc1,Nr4a1,Col1a2,Ucp2,Slit2"
"GO:0007254","JNK cascade",194,3,0.00789457199872506,0.0482491269712069,"Per1,Spag9,Nod1"
"GO:0060443","mammary gland morphogenesis",64,2,0.00801951033199697,0.0482491269712069,"Sostdc1,Slit2"
"GO:0090497","mesenchymal cell migration",64,2,0.00801951033199697,0.0482491269712069,"Sema5a,Sema3g"
"GO:0001525","angiogenesis",595,5,0.0080944169207394,0.0482491269712069,"Sema5a,Nr4a1,Dag1,Col4a1,Slit2"
"GO:0008154","actin polymerization or depolymerization",196,3,0.00811869788055427,0.0482491269712069,"Sema5a,Dbn1,Slit2"
"GO:0006606","protein import into nucleus",197,3,0.00823215946045374,0.0482491269712069,"Nr4a1,Pttg1ip,Apod"
"GO:0031103","axon regeneration",65,2,0.00826304705171952,0.0482491269712069,"Dag1,Apod"
"GO:0032507","maintenance of protein location in cell",65,2,0.00826304705171952,0.0482491269712069,"Dbn1,Mprip"
"GO:0061001","regulation of dendritic spine morphogenesis",65,2,0.00826304705171952,0.0482491269712069,"Dbn1,Mapre3"
"GO:0019228","neuronal action potential",66,2,0.00850988789171713,0.0489124559368909,"Pmp22,Kcna1"
"GO:0007517","muscle organ development",385,4,0.00866441184400459,0.049649705445493,"Pmp22,Nr4a1,Dag1,Vrk3"
"GO:0010812","negative regulation of cell-substrate adhesion",67,2,0.00876001844346592,0.0497453299597419,"Col1a1,Apod"
"GO:0034198","cellular response to amino acid starvation",67,2,0.00876001844346592,0.0497453299597419,"Mat2a,Ucp2"
"GO:1903053","regulation of extracellular matrix organization",67,2,0.00876001844346592,0.0497453299597419,"Lamb1,Sema5a"
"GO:0051641","cellular localization",2691,12,0.00879588477766983,0.0497994554328552,"Sptbn5,Dbn1,Nr4a1,Dag1,Mprip,Atp6ap1,Spag9,Pttg1ip,Limk2,Ucp2,Apod,Nfasc"
"GO:0009064","glutamine family amino acid metabolic process",68,2,0.00901342434240554,0.0507273375937169,"Phgdh,Ucp2"
"GO:0050775","positive regulation of dendrite morphogenesis",68,2,0.00901342434240554,0.0507273375937169,"Dbn1,Mapre3"
"GO:0051170","import into nucleus",204,3,0.00905265824869913,0.0507969636447776,"Nr4a1,Pttg1ip,Apod"
"GO:0002011","morphogenesis of an epithelial sheet",69,2,0.00927009126782366,0.0515580664336898,"Col5a1,Dag1"
"GO:0044380","protein localization to cytoskeleton",69,2,0.00927009126782366,0.0515580664336898,"Mapre3,Filip1"
"GO:0060999","positive regulation of dendritic spine development",69,2,0.00927009126782366,0.0515580664336898,"Dbn1,Mapre3"
"GO:0071345","cellular response to cytokine stimulus",1140,7,0.00946799566897432,0.0525043396188576,"Col1a1,Mat2a,Dbn1,Vim,Nsmaf,Slit2,Traf7"
"GO:0010770","positive regulation of cell morphogenesis",70,2,0.00953000494274075,0.0526936823003589,"Dbn1,Mapre3"
"GO:0060429","epithelium development",1434,8,0.00965706106851509,0.0531408624443764,"Col5a1,Sema5a,Sostdc1,Phgdh,Dag1,Vim,Col4a1,Slit2"
"GO:0032271","regulation of protein polymerization",209,3,0.00966708444255182,0.0531408624443764,"Dbn1,Mapre3,Slit2"
"GO:1902903","regulation of supramolecular fiber organization",399,4,0.00978830466071613,0.0533684403285492,"Sema5a,Dbn1,Mapre3,Slit2"
"GO:0007528","neuromuscular junction development",71,2,0.00979315113379512,0.0533684403285492,"Pmp22,Col4a1"
"GO:0022029","telencephalon cell migration",71,2,0.00979315113379512,0.0533684403285492,"Lamb1,Slit2"
"GO:1990928","response to amino acid starvation",72,2,0.0100595156511282,0.0542906223846693,"Mat2a,Ucp2"
"GO:0007519","skeletal muscle tissue development",213,3,0.0101757860624429,0.0542906223846693,"Pmp22,Nr4a1,Vrk3"
"GO:0032535","regulation of cellular component size",406,4,0.0103842694239862,0.0542906223846693,"Sema5a,Dbn1,Sema3g,Slit2"
"GO:0046907","intracellular transport",1455,8,0.0104901256497934,0.0543474728870119,"Sptbn5,Dbn1,Nr4a1,Atp6ap1,Spag9,Pttg1ip,Ucp2,Apod"
"GO:0021885","forebrain cell migration",74,2,0.0106018431220251,0.0546269355415517,"Lamb1,Slit2"
"GO:0030032","lamellipodium assembly",74,2,0.0106018431220251,0.0546269355415517,"Pmp22,Slit2"
"GO:1901701","cellular response to oxygen-containing compound",1469,8,0.0110747077857247,0.0565507445614872,"Col1a1,Mat2a,Nr4a1,Dag1,Vim,Ucp2,Nod1,Slit2"
"GO:0071356","cellular response to tumor necrosis factor",220,3,0.0111030082239232,0.0565507445614872,"Col1a1,Dbn1,Nsmaf"
"GO:0120032","regulation of plasma membrane bounded cell projection assembly",220,3,0.0111030082239232,0.0565507445614872,"Dbn1,Limk2,Slit2"
"GO:0065008","regulation of biological quality",3488,14,0.011154398231329,0.0565507445614872,"Tada2a,Pmp22,Sema5a,Dbn1,Sema3g,Slc9a9,Col1a2,Dag1,Vim,Mapre3,Ucp2,Slit2,Kcna1,Dkk3"
"GO:0031102","neuron projection regeneration",76,2,0.011156874702284,0.0565507445614872,"Dag1,Apod"
"GO:0045185","maintenance of protein location",76,2,0.011156874702284,0.0565507445614872,"Dbn1,Mprip"
"GO:0050807","regulation of synapse organization",415,4,0.011184547047063,0.0565507445614872,"Dbn1,Dag1,Mapre3,Slit2"
"GO:0046847","filopodium assembly",77,2,0.0114391195177462,0.0576836666881548,"Dbn1,Itga6"
"GO:0000302","response to reactive oxygen species",223,3,0.011514894247131,0.0577577321520548,"Col1a1,Ucp2,Apod"
"GO:0060491","regulation of cell projection assembly",223,3,0.011514894247131,0.0577577321520548,"Dbn1,Limk2,Slit2"
"GO:0002534","cytokine production involved in inflammatory response",79,2,0.0120129975430578,0.059834012754949,"Per1,Apod"
"GO:1900015","regulation of cytokine production involved in inflammatory response",79,2,0.0120129975430578,0.059834012754949,"Per1,Apod"
"GO:0050803","regulation of synapse structure or activity",424,4,0.0120237571903123,0.059834012754949,"Dbn1,Dag1,Mapre3,Slit2"
"GO:0061180","mammary gland epithelium development",81,2,0.012599301050249,0.0601648441566183,"Sostdc1,Slit2"
"GO:0060997","dendritic spine morphogenesis",82,2,0.012897077877373,0.0614316732143888,"Dbn1,Mapre3"
"GO:0031099","regeneration",235,3,0.0132502461182114,0.0629553150993411,"Dag1,Ucp2,Apod"
"GO:0040008","regulation of growth",674,5,0.0133632512543783,0.0633331030627302,"Sema5a,Dbn1,Sema3g,Spag9,Slit2"
"GO:0045216","cell-cell junction organization",240,3,0.0140150699143482,0.0662562430200812,"Pmp22,Mpz,Nfasc"
"GO:0007422","peripheral nervous system development",86,2,0.0141186993943776,0.066369280839976,"Pmp22,Dag1"
"GO:0014009","glial cell proliferation",86,2,0.0141186993943776,0.066369280839976,"Pmp22,Vim"
"GO:0010976","positive regulation of neuron projection development",241,3,0.0141709994393713,0.066369280839976,"Dbn1,Mapre3,Itga6"
"GO:2001233","regulation of apoptotic signaling pathway",446,4,0.0142431459636295,0.066369280839976,"Pmp22,Pttg1ip,Itga6,Traf7"
"GO:0034612","response to tumor necrosis factor",243,3,0.0144858300405506,0.066369280839976,"Col1a1,Dbn1,Nsmaf"
"GO:0014032","neural crest cell development",88,2,0.0147476282324472,0.0668771342627282,"Sema5a,Sema3g"
"GO:0043933","protein-containing complex organization",2890,12,0.0150588756930356,0.0681252008027043,"Mat2a,Sema5a,Cfap100,Dbn1,Nr4a1,Mdn1,Col1a2,Mapre3,Med15,Srpk1,Slit2,Kcna1"
"GO:0043542","endothelial cell migration",247,3,0.0151273996487124,0.0682718681043321,"Sema5a,Nr4a1,Slit2"
"GO:0015031","protein transport",1556,8,0.0152687999048873,0.0687459538574806,"Col1a1,Myo1b,Nr4a1,Dag1,Atp6ap1,Pttg1ip,Ucp2,Apod"
"GO:0060998","regulation of dendritic spine development",90,2,0.0153884916913813,0.0691202797824274,"Dbn1,Mapre3"
"GO:0048514","blood vessel morphogenesis",701,5,0.0155982302231633,0.0698963349573503,"Sema5a,Nr4a1,Dag1,Col4a1,Slit2"
"GO:0000226","microtubule cytoskeleton organization",702,5,0.0156855342379712,0.070121383555564,"Cfap100,Dag1,Mapre3,Limk2,Gas2l3"
"GO:0048469","cell maturation",251,3,0.0157848867599912,0.0703991058093004,"Gldn,Pmp22,Nfasc"
"GO:0034097","response to cytokine",1263,7,0.0159525607672698,0.0709795115550758,"Col1a1,Mat2a,Dbn1,Vim,Nsmaf,Slit2,Traf7"
"GO:0030641","regulation of cellular pH",93,2,0.0163719298792732,0.0714712184447916,"Slc9a9,Atp6ap1"
"GO:0042246","tissue regeneration",94,2,0.0167055941579048,0.0714712184447916,"Dag1,Apod"
"GO:0031346","positive regulation of cell projection organization",469,4,0.0168260789853965,0.0718241881746836,"Sema5a,Dbn1,Mapre3,Itga6"
"GO:0007492","endoderm development",95,2,0.0170421621432077,0.0725827221009137,"Col5a1,Lamb1"
"GO:0009893","positive regulation of metabolic process",3674,14,0.0171660822855096,0.0728543229119205,"Per1,Col1a1,Tada2a,Pmp22,Nr4a1,Vim,Mapre3,Med15,Pttg1ip,Itga6,Nsmaf,Ucp2,Nod1,Traf7"
"GO:0035295","tube development",1282,7,0.0171829867893794,0.0728543229119205,"Sema5a,Sostdc1,Nr4a1,Phgdh,Dag1,Col4a1,Slit2"
"GO:1901652","response to peptide",1283,7,0.0172495701126222,0.0729730136084307,"Col1a1,Mat2a,Dbn1,Vim,Nsmaf,Slit2,Traf7"
"GO:0003012","muscle system process",473,4,0.0173033682702693,0.0730372084800875,"Dbn1,Nr4a1,Dag1,Kcna1"
"GO:0014015","positive regulation of gliogenesis",96,2,0.017381620655697,0.0730414325776067,"Dag1,Vim"
"GO:0097581","lamellipodium organization",96,2,0.017381620655697,0.0730414325776067,"Pmp22,Slit2"
"GO:0001654","eye development",476,4,0.0176668702414173,0.0740755024978275,"Col5a1,Vim,Col4a1,Limk2"
"GO:0048678","response to axon injury",97,2,0.0177239565566115,0.0741504465675938,"Dag1,Apod"
"GO:0035239","tube morphogenesis",1001,6,0.0180147273954111,0.0750962096925307,"Sema5a,Sostdc1,Nr4a1,Dag1,Col4a1,Slit2"
"GO:0006935","chemotaxis",479,4,0.0180351366350468,0.0750962096925307,"Sema5a,Sema3g,Nr4a1,Slit2"
"GO:0050772","positive regulation of axonogenesis",98,2,0.0180691567478062,0.0750962096925307,"Sema5a,Dbn1"
"GO:0150063","visual system development",480,4,0.0181589539342537,0.0753039076527932,"Col5a1,Vim,Col4a1,Limk2"
"GO:0048762","mesenchymal cell differentiation",265,3,0.0182120304882501,0.0753587519765449,"Col1a1,Sema5a,Sema3g"
"GO:0042330","taxis",481,4,0.0182833032338121,0.0754884856225735,"Sema5a,Sema3g,Nr4a1,Slit2"
"GO:0016055","Wnt signaling pathway",482,4,0.018408185176839,0.0756307861842299,"Col1a1,Sema5a,Sostdc1,Dkk3"
"GO:0048864","stem cell development",99,2,0.0184172081716443,0.0756307861842299,"Sema5a,Sema3g"
"GO:0009612","response to mechanical stimulus",268,3,0.0187577148177704,0.0756307861842299,"Col1a1,Dag1,Kcna1"
"GO:0009617","response to bacterium",1013,6,0.0189879139517271,0.0763960537930125,"Pmp22,Slc9a9,Nr4a1,Vim,Nod1,Gas2l3"
"GO:0048880","sensory system development",487,4,0.0190406067406978,0.0764454083793195,"Col5a1,Vim,Col4a1,Limk2"
"GO:0014033","neural crest cell differentiation",102,2,0.0194783398680319,0.0778721790495735,"Sema5a,Sema3g"
"GO:0051591","response to cAMP",102,2,0.0194783398680319,0.0778721790495735,"Per1,Col1a1"
"GO:0071260","cellular response to mechanical stimulus",103,2,0.0198376664525019,0.0791414077250655,"Col1a1,Dag1"
"GO:0048814","regulation of dendrite morphogenesis",104,2,0.0201997795853173,0.0800831748471705,"Dbn1,Mapre3"
"GO:0141124","intracellular signaling cassette",1967,9,0.0203345211328142,0.0800831748471705,"Per1,Sema5a,Col1a2,Dag1,Spag9,Nod1,Slit2,Traf7,Vrk3"
"GO:2000026","regulation of multicellular organismal development",1641,8,0.0203943547798895,0.0800831748471705,"Tada2a,Sema5a,Dbn1,Sema3g,Dag1,Vim,Mapre3,Slit2"
"GO:0001938","positive regulation of endothelial cell proliferation",105,2,0.0205646664496506,0.0800831748471705,"Sema5a,Nr4a1"
"GO:0034446","substrate adhesion-dependent cell spreading",105,2,0.0205646664496506,0.0800831748471705,"Lamb1,Dbn1"
"GO:0042475","odontogenesis of dentin-containing tooth",105,2,0.0205646664496506,0.0800831748471705,"Sostdc1,Itga6"
"GO:0071496","cellular response to external stimulus",105,2,0.0205646664496506,0.0800831748471705,"Col1a1,Dag1"
"GO:0051240","positive regulation of multicellular organismal process",1980,9,0.0211304854223836,0.0812149348246493,"Col1a1,Sema5a,Dbn1,Dag1,Vim,Mapre3,Ucp2,Nod1,Slit2"
"GO:0110053","regulation of actin filament organization",283,3,0.0216221190075072,0.0829359574912701,"Sema5a,Dbn1,Slit2"
"GO:0065003","protein-containing complex assembly",2682,11,0.0218080013893181,0.0834140949100728,"Mat2a,Cfap100,Dbn1,Nr4a1,Mdn1,Col1a2,Mapre3,Med15,Srpk1,Slit2,Kcna1"
"GO:0032880","regulation of protein localization",1052,6,0.0224004151063876,0.0834140949100728,"Dbn1,Dag1,Limk2,Ucp2,Apod,Traf7"
"GO:0006520","amino acid metabolic process",287,3,0.0224243029097913,0.0834140949100728,"Phgdh,Ucp2,Sars2"
"GO:0022604","regulation of cell morphogenesis",287,3,0.0224243029097913,0.0834140949100728,"Dbn1,Spag9,Mapre3"
"GO:0071560","cellular response to transforming growth factor beta stimulus",287,3,0.0224243029097913,0.0834140949100728,"Col1a1,Dbn1,Col1a2"
"GO:0044344","cellular response to fibroblast growth factor stimulus",110,2,0.0224302609326696,0.0834140949100728,"Col1a1,Nr4a1"
"GO:0072657","protein localization to membrane",513,4,0.02254701860327,0.0834140949100728,"Dbn1,Dag1,Atp6ap1,Nfasc"
"GO:0097120","receptor localization to synapse",111,2,0.0228115232521234,0.0834140949100728,"Dbn1,Dag1"
"GO:0006885","regulation of pH",112,2,0.0231954706927955,0.0845137477458118,"Slc9a9,Atp6ap1"
"GO:0007229","integrin-mediated signaling pathway",113,2,0.0235820907530295,0.0857571800268822,"Lamb1,Itga6"
"GO:0031669","cellular response to nutrient levels",294,3,0.0238670146016666,0.0863425952465744,"Col1a1,Mat2a,Ucp2"
"GO:0009790","embryo development",1372,7,0.0239430439815,0.0863425952465744,"Col1a1,Col5a1,Lamb1,Tada2a,Dbn1,Phgdh,Slit2"
"GO:0090263","positive regulation of canonical Wnt signaling pathway",114,2,0.023971370970096,0.0863425952465744,"Col1a1,Sema5a"
"GO:0090288","negative regulation of cellular response to growth factor stimulus",114,2,0.023971370970096,0.0863425952465744,"Sostdc1,Slit2"
"GO:0097061","dendritic spine organization",114,2,0.023971370970096,0.0863425952465744,"Dbn1,Mapre3"
"GO:0071559","response to transforming growth factor beta",296,3,0.0242883100433446,0.0865591030177332,"Col1a1,Dbn1,Col1a2"
"GO:0019222","regulation of metabolic process",6656,21,0.0243556202283157,0.0865591030177332,"Per1,Col1a1,Tada2a,Pmp22,Nr4a1,Phgdh,Vim,Cggbp1,Mapre3,Med15,Pttg1ip,Itga6,Nsmaf,Ucp2,Apod,Nod1,Srpk1,Slit2,Traf7,Mast2,Dkk3"
"GO:0051258","protein polymerization",298,3,0.0247136459988232,0.0865591030177332,"Dbn1,Mapre3,Slit2"
"GO:0043434","response to peptide hormone",533,4,0.0254971063051142,0.0884187241404578,"Col1a1,Nr4a1,Dag1,Ucp2"
"GO:0071774","response to fibroblast growth factor",118,2,0.0255548455087806,0.0884187241404578,"Col1a1,Nr4a1"
"GO:0006790","sulfur compound metabolic process",302,3,0.0255764368613593,0.0884187241404578,"Mat2a,Phgdh,Hmgcs1"
"GO:0002532","production of molecular mediator involved in inflammatory response",119,2,0.0259572409243079,0.0895714280800479,"Per1,Apod"
"GO:0003007","heart morphogenesis",305,3,0.0262341303567509,0.0903620045621421,"Col5a1,Dag1,Slit2"
"GO:0045833","negative regulation of lipid metabolic process",120,2,0.0263622225319957,0.0906381141963707,"Apod,Dkk3"
"GO:0042391","regulation of membrane potential",539,4,0.0264256511507926,0.090691300047457,"Pmp22,Dbn1,Ucp2,Kcna1"
"GO:0006812","monoatomic cation transport",1100,6,0.0271462183552787,0.0913407453911601,"Per1,Slc9a9,Myo1b,Atp6ap1,Ucp2,Kcna1"
"GO:0009967","positive regulation of signal transduction",1733,8,0.0272295680335667,0.091458460304573,"Col1a1,Lamb1,Mat2a,Sema5a,Dbn1,Spag9,Nod1,Traf7"
"GO:0010721","negative regulation of cell development",313,3,0.0280323615778265,0.0939879357157269,"Sema5a,Sema3g,Slit2"
"GO:0021510","spinal cord development",125,2,0.0284254980253281,0.0949852001031056,"Vit,Phgdh"
"GO:0051093","negative regulation of developmental process",1112,6,0.0284302608452447,0.0949852001031056,"Col5a1,Sema5a,Sostdc1,Sema3g,Spag9,Slit2"
"GO:0106027","neuron projection organization",126,2,0.0288457420607053,0.0958452521932679,"Dbn1,Mapre3"
"GO:0051493","regulation of cytoskeleton organization",556,4,0.0291667270373227,0.0962552894024035,"Sema5a,Dbn1,Mapre3,Slit2"
"GO:0007249","canonical NF-kappaB signal transduction",319,3,0.0294233414397131,0.0969329941855358,"Per1,Nod1,Traf7"
"GO:0070372","regulation of ERK1 and ERK2 cascade",322,3,0.030132406329629,0.0990963136857884,"Nod1,Traf7,Vrk3"
"GO:0051259","protein complex oligomerization",325,3,0.030850507880641,0.0997945542347608,"Mat2a,Col1a2,Kcna1"
"GO:0001704","formation of primary germ layer",132,2,0.0314193244608256,0.100531205677532,"Col5a1,Lamb1"
"GO:0031503","protein-containing complex localization",132,2,0.0314193244608256,0.100531205677532,"Mat2a,Dag1"
"GO:1903322","positive regulation of protein modification by small protein conjugation or removal",132,2,0.0314193244608256,0.100531205677532,"Pttg1ip,Traf7"
"GO:0030336","negative regulation of cell migration",328,3,0.0315776348848894,0.100867073593456,"Dag1,Apod,Slit2"
"GO:0060485","mesenchyme development",329,3,0.0318220141335507,0.101416274364637,"Col1a1,Sema5a,Sema3g"
"GO:1901875","positive regulation of post-translational protein modification",133,2,0.0318568307628739,0.101416274364637,"Pttg1ip,Traf7"
"GO:0051252","regulation of RNA metabolic process",3594,13,0.0321560734134666,0.102196865251875,"Per1,Col1a1,Tada2a,Nr4a1,Vim,Cggbp1,Mapre3,Med15,Itga6,Nod1,Srpk1,Traf7,Dkk3"
"GO:0043534","blood vessel endothelial cell migration",134,2,0.0322967559845247,0.102471754306605,"Nr4a1,Slit2"
"GO:0060326","cell chemotaxis",333,3,0.0328095363128858,0.103179809722869,"Sema5a,Nr4a1,Slit2"
"GO:0034329","cell junction assembly",579,4,0.0331368580500151,0.103208218902766,"Pmp22,Apod,Slit2,Nfasc"
"GO:0001952","regulation of cell-matrix adhesion",136,2,0.0331838165483247,0.103208218902766,"Dag1,Apod"
"GO:0006936","muscle contraction",338,3,0.0340664121353222,0.105342616283916,"Dbn1,Nr4a1,Kcna1"
"GO:0030048","actin filament-based movement",138,2,0.0340804132421179,0.105342616283916,"Dbn1,Myo1b"
"GO:0090090","negative regulation of canonical Wnt signaling pathway",138,2,0.0340804132421179,0.105342616283916,"Sostdc1,Dkk3"
"GO:0033993","response to lipid",1161,6,0.0340929038422828,0.105342616283916,"Per1,Col1a1,Nr4a1,Dag1,Vim,Ucp2"
"GO:0060996","dendritic spine development",140,2,0.0349864537400239,0.107216156269871,"Dbn1,Mapre3"
"GO:2000146","negative regulation of cell motility",344,3,0.0356075314072713,0.108602970792177,"Dag1,Apod,Slit2"
"GO:0051649","establishment of localization in cell",2180,9,0.0364200112946429,0.110723536349496,"Sptbn5,Dbn1,Nr4a1,Atp6ap1,Spag9,Pttg1ip,Limk2,Ucp2,Apod"
"GO:0090066","regulation of anatomical structure size",598,4,0.0366455009866706,0.110723536349496,"Sema5a,Dbn1,Sema3g,Slit2"
"GO:0030833","regulation of actin filament polymerization",144,2,0.0368264997471008,0.110723536349496,"Dbn1,Slit2"
"GO:0046683","response to organophosphorus",144,2,0.0368264997471008,0.110723536349496,"Per1,Col1a1"
"GO:0061024","membrane organization",880,5,0.036873399721564,0.110723536349496,"Col5a1,Gldn,Pmp22,Dbn1,Nfasc"
"GO:0045184","establishment of protein localization",1839,8,0.0369446981262746,0.110723536349496,"Col1a1,Myo1b,Nr4a1,Dag1,Atp6ap1,Pttg1ip,Ucp2,Apod"
"GO:0010604","positive regulation of macromolecule metabolic process",3294,12,0.0377878842168932,0.112530533943535,"Per1,Col1a1,Tada2a,Pmp22,Nr4a1,Vim,Mapre3,Med15,Pttg1ip,Itga6,Nod1,Traf7"
"GO:0060255","regulation of macromolecule metabolic process",6099,19,0.0379950748330444,0.112969632876237,"Per1,Col1a1,Tada2a,Pmp22,Nr4a1,Phgdh,Vim,Cggbp1,Mapre3,Med15,Pttg1ip,Itga6,Apod,Nod1,Srpk1,Slit2,Traf7,Mast2,Dkk3"
"GO:0070371","ERK1 and ERK2 cascade",354,3,0.0382553929587767,0.113565067637436,"Nod1,Traf7,Vrk3"
"GO:0014013","regulation of gliogenesis",148,2,0.0387032275289766,0.114329791930638,"Dag1,Vim"
"GO:0010927","cellular component assembly involved in morphogenesis",149,2,0.0391780566742747,0.114329791930638,"Pmp22,Nfasc"
"GO:0032989","cellular anatomical entity morphogenesis",149,2,0.0391780566742747,0.114329791930638,"Pmp22,Nfasc"
"GO:0071675","regulation of mononuclear cell migration",149,2,0.0391780566742747,0.114329791930638,"Apod,Slit2"
"GO:0001936","regulation of endothelial cell proliferation",150,2,0.0396551223898283,0.114835890412198,"Sema5a,Nr4a1"
"GO:0009582","detection of abiotic stimulus",150,2,0.0396551223898283,0.114835890412198,"Sema5a,Kcna1"
"GO:0042303","molting cycle",150,2,0.0396551223898283,0.114835890412198,"Per1,Sostdc1"
"GO:0042633","hair cycle",150,2,0.0396551223898283,0.114835890412198,"Per1,Sostdc1"
"GO:0050773","regulation of dendrite development",150,2,0.0396551223898283,0.114835890412198,"Dbn1,Mapre3"
"GO:0009581","detection of external stimulus",151,2,0.0401344135826115,0.115868971121707,"Sema5a,Kcna1"
"GO:0051224","negative regulation of protein transport",151,2,0.0401344135826115,0.115868971121707,"Ucp2,Apod"
"GO:0048545","response to steroid hormone",362,3,0.040444673614402,0.116177439547054,"Per1,Col1a1,Ucp2"
"GO:0030177","positive regulation of Wnt signaling pathway",152,2,0.0406159191947685,0.116177439547054,"Col1a1,Sema5a"
"GO:0032956","regulation of actin cytoskeleton organization",368,3,0.0421277841304401,0.118723755276695,"Sema5a,Dbn1,Slit2"
"GO:0046165","alcohol biosynthetic process",156,2,0.0425638659056956,0.119774211945938,"Hmgcs1,Dkk3"
"GO:0060341","regulation of cellular localization",634,4,0.0438657554306784,0.121627776421427,"Dbn1,Dag1,Ucp2,Apod"
"GO:0050921","positive regulation of chemotaxis",160,2,0.0445463677784315,0.123334087070298,"Sema5a,Slit2"
"GO:0006066","alcohol metabolic process",380,3,0.0455990101565592,0.125318232299691,"Pmp22,Hmgcs1,Dkk3"
"GO:0010468","regulation of gene expression",5386,17,0.045660635671331,0.125318232299691,"Per1,Col1a1,Tada2a,Pmp22,Nr4a1,Phgdh,Vim,Cggbp1,Mapre3,Med15,Itga6,Apod,Nod1,Slit2,Traf7,Mast2,Dkk3"
"GO:0006468","protein phosphorylation",381,3,0.0458945606031636,0.125414182226275,"Limk2,Srpk1,Mast2"
"GO:0006913","nucleocytoplasmic transport",381,3,0.0458945606031636,0.125414182226275,"Nr4a1,Pttg1ip,Apod"
"GO:0051169","nuclear transport",381,3,0.0458945606031636,0.125414182226275,"Nr4a1,Pttg1ip,Apod"
"GO:0046328","regulation of JNK cascade",163,2,0.0460555049836202,0.12567238084275,"Per1,Nod1"
"GO:0030001","metal ion transport",941,5,0.0469185178592446,0.126402502659695,"Per1,Slc9a9,Myo1b,Ucp2,Kcna1"
"GO:0008203","cholesterol metabolic process",165,2,0.0470720364203081,0.126402502659695,"Pmp22,Hmgcs1"
"GO:0008202","steroid metabolic process",385,3,0.0470863710528816,0.126402502659695,"Pmp22,Hmgcs1,Dkk3"
"GO:0010639","negative regulation of organelle organization",386,3,0.0473867207553105,0.126744397380894,"Dbn1,Limk2,Slit2"
"GO:0007601","visual perception",166,2,0.0475834023010873,0.127090697388921,"Col1a1,Sema5a"
"GO:0030041","actin filament polymerization",168,2,0.0486122816799728,0.129655606003989,"Dbn1,Slit2"
"GO:0031644","regulation of nervous system process",169,2,0.0491297741960744,0.129741889648862,"Dbn1,Dag1"
"GO:1904950","negative regulation of establishment of protein localization",169,2,0.0491297741960744,0.129741889648862,"Ucp2,Apod"
"GO:0050953","sensory perception of light stimulus",170,2,0.0496492879978523,0.130761564907993,"Col1a1,Sema5a"
